market,source,platform_group,chart,week_start,title,season,rank,chart_size,measure,value,network,is_movie,rank_pct
AU,netflix,3 Paid streaming (Netflix AU),Films,2026-09-21,UNABOMBER,,1,10,Netflix weekly rank (views),,,,1.0
AU,netflix,3 Paid streaming (Netflix AU),Films,2026-09-21,Superman,,2,10,Netflix weekly rank (views),,,,0.9
AU,netflix,3 Paid streaming (Netflix AU),Films,2026-09-21,Best of the Best,,3,10,Netflix weekly rank (views),,,,0.8
AU,netflix,3 Paid streaming (Netflix AU),Films,2026-09-21,Locked,,4,10,Netflix weekly rank (views),,,,0.7
AU,netflix,3 Paid streaming (Netflix AU),Films,2026-09-21,Hot Pursuit,,5,10,Netflix weekly rank (views),,,,0.6
AU,netflix,3 Paid streaming (Netflix AU),Films,2026-09-21,Seven Snipers,,6,10,Netflix weekly rank (views),,,,0.5
AU,netflix,3 Paid streaming (Netflix AU),Films,2026-09-21,A Minecraft Movie,,7,10,Netflix weekly rank (views),,,,0.4
AU,netflix,3 Paid streaming (Netflix AU),Films,2026-09-21,The Whisper Man,,8,10,Netflix weekly rank (views),,,,0.3
AU,netflix,3 Paid streaming (Netflix AU),Films,2026-09-21,The Monkey,,9,10,Netflix weekly rank (views),,,,0.2
AU,netflix,3 Paid streaming (Netflix AU),Films,2026-09-21,In the Lost Lands,,10,10,Netflix weekly rank (views),,,,0.1
AU,netflix,3 Paid streaming (Netflix AU),TV,2026-09-21,Monster: The Lizzie Borden Story,Monster: The Lizzie Borden Story: Season 1,1,10,Netflix weekly rank (views),,,,1.0
AU,netflix,3 Paid streaming (Netflix AU),TV,2026-09-21,The Gentlemen,The Gentlemen: Season 2,2,10,Netflix weekly rank (views),,,,0.9
AU,netflix,3 Paid streaming (Netflix AU),TV,2026-09-21,Wonka's The Golden Ticket,Wonka's The Golden Ticket: Season 1,3,10,Netflix weekly rank (views),,,,0.8
AU,netflix,3 Paid streaming (Netflix AU),TV,2026-09-21,Crew Girl,Crew Girl: Season 1,4,10,Netflix weekly rank (views),,,,0.7
AU,netflix,3 Paid streaming (Netflix AU),TV,2026-09-21,Not a Stranger,Not a Stranger: Season 1,5,10,Netflix weekly rank (views),,,,0.6
AU,netflix,3 Paid streaming (Netflix AU),TV,2026-09-21,Danny Go!,Danny Go!: Season 2,6,10,Netflix weekly rank (views),,,,0.5
AU,netflix,3 Paid streaming (Netflix AU),TV,2026-09-21,Gabby's Dollhouse,Gabby's Dollhouse: Season 14,7,10,Netflix weekly rank (views),,,,0.4
AU,netflix,3 Paid streaming (Netflix AU),TV,2026-09-21,The Gentlemen,The Gentlemen: Season 1,8,10,Netflix weekly rank (views),,,,0.3
AU,netflix,3 Paid streaming (Netflix AU),TV,2026-09-21,Shaque: Trust No One,Shaque: Trust No One: Season 1,9,10,Netflix weekly rank (views),,,,0.2
AU,netflix,3 Paid streaming (Netflix AU),TV,2026-09-21,Death of the Pastor's Wife,Death of the Pastor's Wife: Season 1,10,10,Netflix weekly rank (views),,,,0.1
AU,netflix,3 Paid streaming (Netflix AU),Films,2026-09-14,Seven Snipers,,1,10,Netflix weekly rank (views),,,,1.0
AU,netflix,3 Paid streaming (Netflix AU),Films,2026-09-14,In the Lost Lands,,2,10,Netflix weekly rank (views),,,,0.9
AU,netflix,3 Paid streaming (Netflix AU),Films,2026-09-14,Superman,,3,10,Netflix weekly rank (views),,,,0.8
AU,netflix,3 Paid streaming (Netflix AU),Films,2026-09-14,Why Did I Get Married Again?,,4,10,Netflix weekly rank (views),,,,0.7
AU,netflix,3 Paid streaming (Netflix AU),Films,2026-09-14,Hercules,,5,10,Netflix weekly rank (views),,,,0.6
AU,netflix,3 Paid streaming (Netflix AU),Films,2026-09-14,The Whisper Man,,6,10,Netflix weekly rank (views),,,,0.5
AU,netflix,3 Paid streaming (Netflix AU),Films,2026-09-14,Best of the Best,,7,10,Netflix weekly rank (views),,,,0.4
AU,netflix,3 Paid streaming (Netflix AU),Films,2026-09-14,Vishwanath & Sons,,8,10,Netflix weekly rank (views),,,,0.3
AU,netflix,3 Paid streaming (Netflix AU),Films,2026-09-14,Monster-in-Law,,9,10,Netflix weekly rank (views),,,,0.2
AU,netflix,3 Paid streaming (Netflix AU),Films,2026-09-14,Bad Boys: Ride or Die,,10,10,Netflix weekly rank (views),,,,0.1
AU,netflix,3 Paid streaming (Netflix AU),TV,2026-09-14,Crew Girl,Crew Girl: Season 1,1,10,Netflix weekly rank (views),,,,1.0
AU,netflix,3 Paid streaming (Netflix AU),TV,2026-09-14,Monster: The Lizzie Borden Story,Monster: The Lizzie Borden Story: Season 1,2,10,Netflix weekly rank (views),,,,0.9
AU,netflix,3 Paid streaming (Netflix AU),TV,2026-09-14,The Gentlemen,The Gentlemen: Season 2,3,10,Netflix weekly rank (views),,,,0.8
AU,netflix,3 Paid streaming (Netflix AU),TV,2026-09-14,The Perfect Lie,The Perfect Lie: Season 1,4,10,Netflix weekly rank (views),,,,0.7
AU,netflix,3 Paid streaming (Netflix AU),TV,2026-09-14,Gabby's Dollhouse,Gabby's Dollhouse: Season 14,5,10,Netflix weekly rank (views),,,,0.6
AU,netflix,3 Paid streaming (Netflix AU),TV,2026-09-14,The Gentlemen,The Gentlemen: Season 1,6,10,Netflix weekly rank (views),,,,0.5
AU,netflix,3 Paid streaming (Netflix AU),TV,2026-09-14,Mark Rober's CrunchLabs,Mark Rober's CrunchLabs: Season 5,7,10,Netflix weekly rank (views),,,,0.4
AU,netflix,3 Paid streaming (Netflix AU),TV,2026-09-14,Death of the Pastor's Wife,Death of the Pastor's Wife: Season 1,8,10,Netflix weekly rank (views),,,,0.3
AU,netflix,3 Paid streaming (Netflix AU),TV,2026-09-14,Danny Go!,Danny Go!: Season 2,9,10,Netflix weekly rank (views),,,,0.2
AU,netflix,3 Paid streaming (Netflix AU),TV,2026-09-14,Jo Koy: Blue in the Face,,10,10,Netflix weekly rank (views),,,,0.1
AU,netflix,3 Paid streaming (Netflix AU),Films,2026-09-07,Seven Snipers,,1,10,Netflix weekly rank (views),,,,1.0
AU,netflix,3 Paid streaming (Netflix AU),Films,2026-09-07,The Whisper Man,,2,10,Netflix weekly rank (views),,,,0.9
AU,netflix,3 Paid streaming (Netflix AU),Films,2026-09-07,Why Did I Get Married Again?,,3,10,Netflix weekly rank (views),,,,0.8
AU,netflix,3 Paid streaming (Netflix AU),Films,2026-09-07,Bad Boys: Ride or Die,,4,10,Netflix weekly rank (views),,,,0.7
AU,netflix,3 Paid streaming (Netflix AU),Films,2026-09-07,Turning Point: Generation 9/11,,5,10,Netflix weekly rank (views),,,,0.6
AU,netflix,3 Paid streaming (Netflix AU),Films,2026-09-07,Untold Raygun: Breaking Badly,,6,10,Netflix weekly rank (views),,,,0.5
AU,netflix,3 Paid streaming (Netflix AU),Films,2026-09-07,The Garfield Movie,,7,10,Netflix weekly rank (views),,,,0.4
AU,netflix,3 Paid streaming (Netflix AU),Films,2026-09-07,The Secret Woman,,8,10,Netflix weekly rank (views),,,,0.3
AU,netflix,3 Paid streaming (Netflix AU),Films,2026-09-07,Untold Mr. T: I Pity The Fool,,9,10,Netflix weekly rank (views),,,,0.2
AU,netflix,3 Paid streaming (Netflix AU),Films,2026-09-07,Hercules,,10,10,Netflix weekly rank (views),,,,0.1
AU,netflix,3 Paid streaming (Netflix AU),TV,2026-09-07,The Gentlemen,The Gentlemen: Season 2,1,10,Netflix weekly rank (views),,,,1.0
AU,netflix,3 Paid streaming (Netflix AU),TV,2026-09-07,Death of the Pastor's Wife,Death of the Pastor's Wife: Season 1,2,10,Netflix weekly rank (views),,,,0.9
AU,netflix,3 Paid streaming (Netflix AU),TV,2026-09-07,The Gentlemen,The Gentlemen: Season 1,3,10,Netflix weekly rank (views),,,,0.8
AU,netflix,3 Paid streaming (Netflix AU),TV,2026-09-07,Crew Girl,Crew Girl: Season 1,4,10,Netflix weekly rank (views),,,,0.7
AU,netflix,3 Paid streaming (Netflix AU),TV,2026-09-07,Instadocs: The Decoy Plane,,5,10,Netflix weekly rank (views),,,,0.6
AU,netflix,3 Paid streaming (Netflix AU),TV,2026-09-07,Earle Meets World,Earle Meets World: Season 1,6,10,Netflix weekly rank (views),,,,0.5
AU,netflix,3 Paid streaming (Netflix AU),TV,2026-09-07,Danny Go!,Danny Go!: Season 2,7,10,Netflix weekly rank (views),,,,0.4
AU,netflix,3 Paid streaming (Netflix AU),TV,2026-09-07,The Perfect Lie,The Perfect Lie: Season 1,8,10,Netflix weekly rank (views),,,,0.3
AU,netflix,3 Paid streaming (Netflix AU),TV,2026-09-07,Danny Go!,Danny Go!: Season 1,9,10,Netflix weekly rank (views),,,,0.2
AU,netflix,3 Paid streaming (Netflix AU),TV,2026-09-07,Salish & Jordan Matter,Salish & Jordan Matter: Season 3,10,10,Netflix weekly rank (views),,,,0.1
AU,netflix,3 Paid streaming (Netflix AU),Films,2026-08-31,The Whisper Man,,1,10,Netflix weekly rank (views),,,,1.0
AU,netflix,3 Paid streaming (Netflix AU),Films,2026-08-31,The Secret Woman,,2,10,Netflix weekly rank (views),,,,0.9
AU,netflix,3 Paid streaming (Netflix AU),Films,2026-08-31,The Garfield Movie,,3,10,Netflix weekly rank (views),,,,0.8
AU,netflix,3 Paid streaming (Netflix AU),Films,2026-08-31,The Magnificent Seven,,4,10,Netflix weekly rank (views),,,,0.7
AU,netflix,3 Paid streaming (Netflix AU),Films,2026-08-31,Untold Raygun: Breaking Badly,,5,10,Netflix weekly rank (views),,,,0.6
AU,netflix,3 Paid streaming (Netflix AU),Films,2026-08-31,The Run,,6,10,Netflix weekly rank (views),,,,0.5
AU,netflix,3 Paid streaming (Netflix AU),Films,2026-08-31,Bad Boys: Ride or Die,,7,10,Netflix weekly rank (views),,,,0.4
AU,netflix,3 Paid streaming (Netflix AU),Films,2026-08-31,Turning Point: Generation 9/11,,8,10,Netflix weekly rank (views),,,,0.3
AU,netflix,3 Paid streaming (Netflix AU),Films,2026-08-31,Alpha,,9,10,Netflix weekly rank (views),,,,0.2
AU,netflix,3 Paid streaming (Netflix AU),Films,2026-08-31,Grand Theft Auto VI: An Extended Look,,10,10,Netflix weekly rank (views),,,,0.1
AU,netflix,3 Paid streaming (Netflix AU),TV,2026-08-31,Death of the Pastor's Wife,Death of the Pastor's Wife: Season 1,1,10,Netflix weekly rank (views),,,,1.0
AU,netflix,3 Paid streaming (Netflix AU),TV,2026-08-31,The Gentlemen,The Gentlemen: Season 2,2,10,Netflix weekly rank (views),,,,0.9
AU,netflix,3 Paid streaming (Netflix AU),TV,2026-08-31,Danny Go!,Danny Go!: Season 2,3,10,Netflix weekly rank (views),,,,0.8
AU,netflix,3 Paid streaming (Netflix AU),TV,2026-08-31,Beauty in Black,Beauty in Black: Season 3,4,10,Netflix weekly rank (views),,,,0.7
AU,netflix,3 Paid streaming (Netflix AU),TV,2026-08-31,Outer Banks,Outer Banks: Season 5,5,10,Netflix weekly rank (views),,,,0.6
AU,netflix,3 Paid streaming (Netflix AU),TV,2026-08-31,Salish & Jordan Matter,Salish & Jordan Matter: Season 3,6,10,Netflix weekly rank (views),,,,0.5
AU,netflix,3 Paid streaming (Netflix AU),TV,2026-08-31,Miss Austen,Miss Austen: Season 1,7,10,Netflix weekly rank (views),,,,0.4
AU,netflix,3 Paid streaming (Netflix AU),TV,2026-08-31,Instadocs: The Decoy Plane,,8,10,Netflix weekly rank (views),,,,0.3
AU,netflix,3 Paid streaming (Netflix AU),TV,2026-08-31,The Gentlemen,The Gentlemen: Season 1,9,10,Netflix weekly rank (views),,,,0.2
AU,netflix,3 Paid streaming (Netflix AU),TV,2026-08-31,Danny Go!,Danny Go!: Season 1,10,10,Netflix weekly rank (views),,,,0.1
AU,netflix,3 Paid streaming (Netflix AU),Films,2026-08-24,Grand Theft Auto VI: An Extended Look,,1,10,Netflix weekly rank (views),,,,1.0
AU,netflix,3 Paid streaming (Netflix AU),Films,2026-08-24,The Whisper Man,,2,10,Netflix weekly rank (views),,,,0.9
AU,netflix,3 Paid streaming (Netflix AU),Films,2026-08-24,The Heat,,3,10,Netflix weekly rank (views),,,,0.8
AU,netflix,3 Paid streaming (Netflix AU),Films,2026-08-24,The Garfield Movie,,4,10,Netflix weekly rank (views),,,,0.7
AU,netflix,3 Paid streaming (Netflix AU),Films,2026-08-24,Facing El Chapo,,5,10,Netflix weekly rank (views),,,,0.6
AU,netflix,3 Paid streaming (Netflix AU),Films,2026-08-24,The Secret Woman,,6,10,Netflix weekly rank (views),,,,0.5
AU,netflix,3 Paid streaming (Netflix AU),Films,2026-08-24,Don't Say Good Luck,,7,10,Netflix weekly rank (views),,,,0.4
AU,netflix,3 Paid streaming (Netflix AU),Films,2026-08-24,"You, Me and the Penguins​",,8,10,Netflix weekly rank (views),,,,0.3
AU,netflix,3 Paid streaming (Netflix AU),Films,2026-08-24,Old Guy,,9,10,Netflix weekly rank (views),,,,0.2
AU,netflix,3 Paid streaming (Netflix AU),Films,2026-08-24,Freefall: A Reckoning for Boeing,,10,10,Netflix weekly rank (views),,,,0.1
AU,netflix,3 Paid streaming (Netflix AU),TV,2026-08-24,Death of the Pastor's Wife,Death of the Pastor's Wife: Season 1,1,10,Netflix weekly rank (views),,,,1.0
AU,netflix,3 Paid streaming (Netflix AU),TV,2026-08-24,Outer Banks,Outer Banks: Season 5,2,10,Netflix weekly rank (views),,,,0.9
AU,netflix,3 Paid streaming (Netflix AU),TV,2026-08-24,Danny Go!,Danny Go!: Season 2,3,10,Netflix weekly rank (views),,,,0.8
AU,netflix,3 Paid streaming (Netflix AU),TV,2026-08-24,Salish & Jordan Matter,Salish & Jordan Matter: Season 3,4,10,Netflix weekly rank (views),,,,0.7
AU,netflix,3 Paid streaming (Netflix AU),TV,2026-08-24,Blood Sacrifice,Blood Sacrifice: Season 1,5,10,Netflix weekly rank (views),,,,0.6
AU,netflix,3 Paid streaming (Netflix AU),TV,2026-08-24,My Brilliant Career,My Brilliant Career: Season 1,6,10,Netflix weekly rank (views),,,,0.5
AU,netflix,3 Paid streaming (Netflix AU),TV,2026-08-24,Beauty in Black,Beauty in Black: Season 3,7,10,Netflix weekly rank (views),,,,0.4
AU,netflix,3 Paid streaming (Netflix AU),TV,2026-08-24,Let's Marry Harry: The Reunion,,8,10,Netflix weekly rank (views),,,,0.3
AU,netflix,3 Paid streaming (Netflix AU),TV,2026-08-24,Miss Austen,Miss Austen: Season 1,9,10,Netflix weekly rank (views),,,,0.2
AU,netflix,3 Paid streaming (Netflix AU),TV,2026-08-24,Danny Go!,Danny Go!: Season 1,10,10,Netflix weekly rank (views),,,,0.1
AU,netflix,3 Paid streaming (Netflix AU),Films,2026-08-17,Don't Say Good Luck,,1,10,Netflix weekly rank (views),,,,1.0
AU,netflix,3 Paid streaming (Netflix AU),Films,2026-08-17,The Covenant,,2,10,Netflix weekly rank (views),,,,0.9
AU,netflix,3 Paid streaming (Netflix AU),Films,2026-08-17,Old Guy,,3,10,Netflix weekly rank (views),,,,0.8
AU,netflix,3 Paid streaming (Netflix AU),Films,2026-08-17,The Last House,,4,10,Netflix weekly rank (views),,,,0.7
AU,netflix,3 Paid streaming (Netflix AU),Films,2026-08-17,Freefall: A Reckoning for Boeing,,5,10,Netflix weekly rank (views),,,,0.6
AU,netflix,3 Paid streaming (Netflix AU),Films,2026-08-17,The Heat,,6,10,Netflix weekly rank (views),,,,0.5
AU,netflix,3 Paid streaming (Netflix AU),Films,2026-08-17,Sonic the Hedgehog 3,,7,10,Netflix weekly rank (views),,,,0.4
AU,netflix,3 Paid streaming (Netflix AU),Films,2026-08-17,Facing El Chapo,,8,10,Netflix weekly rank (views),,,,0.3
AU,netflix,3 Paid streaming (Netflix AU),Films,2026-08-17,Cocktail 2,,9,10,Netflix weekly rank (views),,,,0.2
AU,netflix,3 Paid streaming (Netflix AU),Films,2026-08-17,Song Sung Blue,,10,10,Netflix weekly rank (views),,,,0.1
AU,netflix,3 Paid streaming (Netflix AU),TV,2026-08-17,Outer Banks,Outer Banks: Season 5,1,10,Netflix weekly rank (views),,,,1.0
AU,netflix,3 Paid streaming (Netflix AU),TV,2026-08-17,My Brilliant Career,My Brilliant Career: Season 1,2,10,Netflix weekly rank (views),,,,0.9
AU,netflix,3 Paid streaming (Netflix AU),TV,2026-08-17,My Life With the Walter Boys,My Life With the Walter Boys: Season 3,3,10,Netflix weekly rank (views),,,,0.8
AU,netflix,3 Paid streaming (Netflix AU),TV,2026-08-17,Tires,Tires: Season 3,4,10,Netflix weekly rank (views),,,,0.7
AU,netflix,3 Paid streaming (Netflix AU),TV,2026-08-17,Conversations with a Killer: The Charles Manson Tapes,Conversations with a Killer: The Charles Manson Tapes: Season 1,5,10,Netflix weekly rank (views),,,,0.6
AU,netflix,3 Paid streaming (Netflix AU),TV,2026-08-17,Danny Go!,Danny Go!: Season 1,6,10,Netflix weekly rank (views),,,,0.5
AU,netflix,3 Paid streaming (Netflix AU),TV,2026-08-17,Blood Sacrifice,Blood Sacrifice: Season 1,7,10,Netflix weekly rank (views),,,,0.4
AU,netflix,3 Paid streaming (Netflix AU),TV,2026-08-17,The Idaho Murders: College Nightmare,The Idaho Murders: College Nightmare: Season 1,8,10,Netflix weekly rank (views),,,,0.3
AU,netflix,3 Paid streaming (Netflix AU),TV,2026-08-17,The Bombing of Pan Am 103,The Bombing of Pan Am 103: Limited Series,9,10,Netflix weekly rank (views),,,,0.2
AU,netflix,3 Paid streaming (Netflix AU),TV,2026-08-17,Seal Team,Seal Team: Season 1,10,10,Netflix weekly rank (views),,,,0.1
AU,netflix,3 Paid streaming (Netflix AU),Films,2026-08-10,The Last House,,1,10,Netflix weekly rank (views),,,,1.0
AU,netflix,3 Paid streaming (Netflix AU),Films,2026-08-10,Song Sung Blue,,2,10,Netflix weekly rank (views),,,,0.9
AU,netflix,3 Paid streaming (Netflix AU),Films,2026-08-10,Den of Thieves 2: Pantera,,3,10,Netflix weekly rank (views),,,,0.8
AU,netflix,3 Paid streaming (Netflix AU),Films,2026-08-10,The Covenant,,4,10,Netflix weekly rank (views),,,,0.7
AU,netflix,3 Paid streaming (Netflix AU),Films,2026-08-10,Sonic the Hedgehog 3,,5,10,Netflix weekly rank (views),,,,0.6
AU,netflix,3 Paid streaming (Netflix AU),Films,2026-08-10,Extinction,,6,10,Netflix weekly rank (views),,,,0.5
AU,netflix,3 Paid streaming (Netflix AU),Films,2026-08-10,Don't Say Good Luck,,7,10,Netflix weekly rank (views),,,,0.4
AU,netflix,3 Paid streaming (Netflix AU),Films,2026-08-10,Max,,8,10,Netflix weekly rank (views),,,,0.3
AU,netflix,3 Paid streaming (Netflix AU),Films,2026-08-10,72 HOURS,,9,10,Netflix weekly rank (views),,,,0.2
AU,netflix,3 Paid streaming (Netflix AU),Films,2026-08-10,Spider-Man: Homecoming,,10,10,Netflix weekly rank (views),,,,0.1
AU,netflix,3 Paid streaming (Netflix AU),TV,2026-08-10,My Life With the Walter Boys,My Life With the Walter Boys: Season 3,1,10,Netflix weekly rank (views),,,,1.0
AU,netflix,3 Paid streaming (Netflix AU),TV,2026-08-10,Conversations with a Killer: The Charles Manson Tapes,Conversations with a Killer: The Charles Manson Tapes: Season 1,2,10,Netflix weekly rank (views),,,,0.9
AU,netflix,3 Paid streaming (Netflix AU),TV,2026-08-10,My Brilliant Career,My Brilliant Career: Season 1,3,10,Netflix weekly rank (views),,,,0.8
AU,netflix,3 Paid streaming (Netflix AU),TV,2026-08-10,The Idaho Murders: College Nightmare,The Idaho Murders: College Nightmare: Season 1,4,10,Netflix weekly rank (views),,,,0.7
AU,netflix,3 Paid streaming (Netflix AU),TV,2026-08-10,Camp CrunchLabs,Camp CrunchLabs: Season 1,5,10,Netflix weekly rank (views),,,,0.6
AU,netflix,3 Paid streaming (Netflix AU),TV,2026-08-10,The Bombing of Pan Am 103,The Bombing of Pan Am 103: Limited Series,6,10,Netflix weekly rank (views),,,,0.5
AU,netflix,3 Paid streaming (Netflix AU),TV,2026-08-10,Ricky Gervais Alley Cats,Ricky Gervais Alley Cats: Season 1,7,10,Netflix weekly rank (views),,,,0.4
AU,netflix,3 Paid streaming (Netflix AU),TV,2026-08-10,Danny Go!,Danny Go!: Season 1,8,10,Netflix weekly rank (views),,,,0.3
AU,netflix,3 Paid streaming (Netflix AU),TV,2026-08-10,Operation Safed Sagar: The Highest Air Force Mission,Operation Safed Sagar: The Highest Air Force Mission: Season 1,9,10,Netflix weekly rank (views),,,,0.2
AU,netflix,3 Paid streaming (Netflix AU),TV,2026-08-10,Let's Marry Harry,Let's Marry Harry: Season 1,10,10,Netflix weekly rank (views),,,,0.1
AU,netflix,3 Paid streaming (Netflix AU),Films,2026-08-03,The Last House,,1,10,Netflix weekly rank (views),,,,1.0
AU,netflix,3 Paid streaming (Netflix AU),Films,2026-08-03,Max,,2,10,Netflix weekly rank (views),,,,0.9
AU,netflix,3 Paid streaming (Netflix AU),Films,2026-08-03,Sonic the Hedgehog 3,,3,10,Netflix weekly rank (views),,,,0.8
AU,netflix,3 Paid streaming (Netflix AU),Films,2026-08-03,Final Destination: Bloodlines,,4,10,Netflix weekly rank (views),,,,0.7
AU,netflix,3 Paid streaming (Netflix AU),Films,2026-08-03,72 HOURS,,5,10,Netflix weekly rank (views),,,,0.6
AU,netflix,3 Paid streaming (Netflix AU),Films,2026-08-03,A Toxic Love Story,,6,10,Netflix weekly rank (views),,,,0.5
AU,netflix,3 Paid streaming (Netflix AU),Films,2026-08-03,Song Sung Blue,,7,10,Netflix weekly rank (views),,,,0.4
AU,netflix,3 Paid streaming (Netflix AU),Films,2026-08-03,Spider-Man: Homecoming,,8,10,Netflix weekly rank (views),,,,0.3
AU,netflix,3 Paid streaming (Netflix AU),Films,2026-08-03,DC League of Super-Pets,,9,10,Netflix weekly rank (views),,,,0.2
AU,netflix,3 Paid streaming (Netflix AU),Films,2026-08-03,Spider-Man: Far from Home,,10,10,Netflix weekly rank (views),,,,0.1
AU,netflix,3 Paid streaming (Netflix AU),TV,2026-08-03,The Idaho Murders: College Nightmare,The Idaho Murders: College Nightmare: Season 1,1,10,Netflix weekly rank (views),,,,1.0
AU,netflix,3 Paid streaming (Netflix AU),TV,2026-08-03,My Life With the Walter Boys,My Life With the Walter Boys: Season 3,2,10,Netflix weekly rank (views),,,,0.9
AU,netflix,3 Paid streaming (Netflix AU),TV,2026-08-03,The Bombing of Pan Am 103,The Bombing of Pan Am 103: Limited Series,3,10,Netflix weekly rank (views),,,,0.8
AU,netflix,3 Paid streaming (Netflix AU),TV,2026-08-03,Ransom Canyon,Ransom Canyon: Season 2,4,10,Netflix weekly rank (views),,,,0.7
AU,netflix,3 Paid streaming (Netflix AU),TV,2026-08-03,The Hunting Wives,The Hunting Wives: Season 1,5,10,Netflix weekly rank (views),,,,0.6
AU,netflix,3 Paid streaming (Netflix AU),TV,2026-08-03,I Will Find You,I Will Find You: Limited Series,6,10,Netflix weekly rank (views),,,,0.5
AU,netflix,3 Paid streaming (Netflix AU),TV,2026-08-03,WWE SummerSlam,WWE SummerSlam: SummerSlam 2026 Sunday,7,10,Netflix weekly rank (views),,,,0.4
AU,netflix,3 Paid streaming (Netflix AU),TV,2026-08-03,Danny Go!,Danny Go!: Season 1,8,10,Netflix weekly rank (views),,,,0.3
AU,netflix,3 Paid streaming (Netflix AU),TV,2026-08-03,The Hawk,The Hawk: Season 1,9,10,Netflix weekly rank (views),,,,0.2
AU,netflix,3 Paid streaming (Netflix AU),TV,2026-08-03,Ricky Gervais Alley Cats,Ricky Gervais Alley Cats: Season 1,10,10,Netflix weekly rank (views),,,,0.1
AU,netflix,3 Paid streaming (Netflix AU),Films,2026-07-27,A Toxic Love Story,,1,10,Netflix weekly rank (views),,,,1.0
AU,netflix,3 Paid streaming (Netflix AU),Films,2026-07-27,72 HOURS,,2,10,Netflix weekly rank (views),,,,0.9
AU,netflix,3 Paid streaming (Netflix AU),Films,2026-07-27,Ghost Town,,3,10,Netflix weekly rank (views),,,,0.8
AU,netflix,3 Paid streaming (Netflix AU),Films,2026-07-27,DC League of Super-Pets,,4,10,Netflix weekly rank (views),,,,0.7
AU,netflix,3 Paid streaming (Netflix AU),Films,2026-07-27,Final Destination: Bloodlines,,5,10,Netflix weekly rank (views),,,,0.6
AU,netflix,3 Paid streaming (Netflix AU),Films,2026-07-27,Elize: Shadows of a Woman,,6,10,Netflix weekly rank (views),,,,0.5
AU,netflix,3 Paid streaming (Netflix AU),Films,2026-07-27,Take Shelter,,7,10,Netflix weekly rank (views),,,,0.4
AU,netflix,3 Paid streaming (Netflix AU),Films,2026-07-27,Unsung Hero,,8,10,Netflix weekly rank (views),,,,0.3
AU,netflix,3 Paid streaming (Netflix AU),Films,2026-07-27,Voicemails for Isabelle,,9,10,Netflix weekly rank (views),,,,0.2
AU,netflix,3 Paid streaming (Netflix AU),Films,2026-07-27,The Debt Collector,,10,10,Netflix weekly rank (views),,,,0.1
AU,netflix,3 Paid streaming (Netflix AU),TV,2026-07-27,The Idaho Murders: College Nightmare,The Idaho Murders: College Nightmare: Season 1,1,10,Netflix weekly rank (views),,,,1.0
AU,netflix,3 Paid streaming (Netflix AU),TV,2026-07-27,Ransom Canyon,Ransom Canyon: Season 2,2,10,Netflix weekly rank (views),,,,0.9
AU,netflix,3 Paid streaming (Netflix AU),TV,2026-07-27,The Hunting Wives,The Hunting Wives: Season 1,3,10,Netflix weekly rank (views),,,,0.8
AU,netflix,3 Paid streaming (Netflix AU),TV,2026-07-27,The Bombing of Pan Am 103,The Bombing of Pan Am 103: Limited Series,4,10,Netflix weekly rank (views),,,,0.7
AU,netflix,3 Paid streaming (Netflix AU),TV,2026-07-27,I Will Find You,I Will Find You: Limited Series,5,10,Netflix weekly rank (views),,,,0.6
AU,netflix,3 Paid streaming (Netflix AU),TV,2026-07-27,The Hawk,The Hawk: Season 1,6,10,Netflix weekly rank (views),,,,0.5
AU,netflix,3 Paid streaming (Netflix AU),TV,2026-07-27,Elite Force,Elite Force: Season 1,7,10,Netflix weekly rank (views),,,,0.4
AU,netflix,3 Paid streaming (Netflix AU),TV,2026-07-27,Ransom Canyon,Ransom Canyon: Season 1,8,10,Netflix weekly rank (views),,,,0.3
AU,netflix,3 Paid streaming (Netflix AU),TV,2026-07-27,Musafir Cafe,Musafir Cafe: Season 1,9,10,Netflix weekly rank (views),,,,0.2
AU,netflix,3 Paid streaming (Netflix AU),TV,2026-07-27,Danny Go!,Danny Go!: Season 1,10,10,Netflix weekly rank (views),,,,0.1
AU,netflix,3 Paid streaming (Netflix AU),Films,2026-07-20,A Toxic Love Story,,1,10,Netflix weekly rank (views),,,,1.0
AU,netflix,3 Paid streaming (Netflix AU),Films,2026-07-20,72 HOURS,,2,10,Netflix weekly rank (views),,,,0.9
AU,netflix,3 Paid streaming (Netflix AU),Films,2026-07-20,Take Shelter,,3,10,Netflix weekly rank (views),,,,0.8
AU,netflix,3 Paid streaming (Netflix AU),Films,2026-07-20,21 Jump Street,,4,10,Netflix weekly rank (views),,,,0.7
AU,netflix,3 Paid streaming (Netflix AU),Films,2026-07-20,Elize: Shadows of a Woman,,5,10,Netflix weekly rank (views),,,,0.6
AU,netflix,3 Paid streaming (Netflix AU),Films,2026-07-20,Monsters vs. Aliens,,6,10,Netflix weekly rank (views),,,,0.5
AU,netflix,3 Paid streaming (Netflix AU),Films,2026-07-20,22 Jump Street,,7,10,Netflix weekly rank (views),,,,0.4
AU,netflix,3 Paid streaming (Netflix AU),Films,2026-07-20,Tarot,,8,10,Netflix weekly rank (views),,,,0.3
AU,netflix,3 Paid streaming (Netflix AU),Films,2026-07-20,Desire,,9,10,Netflix weekly rank (views),,,,0.2
AU,netflix,3 Paid streaming (Netflix AU),Films,2026-07-20,Voicemails for Isabelle,,10,10,Netflix weekly rank (views),,,,0.1
AU,netflix,3 Paid streaming (Netflix AU),TV,2026-07-20,The Hawk,The Hawk: Season 1,1,10,Netflix weekly rank (views),,,,1.0
AU,netflix,3 Paid streaming (Netflix AU),TV,2026-07-20,The Hunting Wives,The Hunting Wives: Season 1,2,10,Netflix weekly rank (views),,,,0.9
AU,netflix,3 Paid streaming (Netflix AU),TV,2026-07-20,I Will Find You,I Will Find You: Limited Series,3,10,Netflix weekly rank (views),,,,0.8
AU,netflix,3 Paid streaming (Netflix AU),TV,2026-07-20,Ransom Canyon,Ransom Canyon: Season 2,4,10,Netflix weekly rank (views),,,,0.7
AU,netflix,3 Paid streaming (Netflix AU),TV,2026-07-20,Elite Force,Elite Force: Season 1,5,10,Netflix weekly rank (views),,,,0.6
AU,netflix,3 Paid streaming (Netflix AU),TV,2026-07-20,Little House on the Prairie,Little House on the Prairie: Season 1,6,10,Netflix weekly rank (views),,,,0.5
AU,netflix,3 Paid streaming (Netflix AU),TV,2026-07-20,The East Palace,The East Palace: Limited Series,7,10,Netflix weekly rank (views),,,,0.4
AU,netflix,3 Paid streaming (Netflix AU),TV,2026-07-20,Agent Kim Reactivated,Agent Kim Reactivated: Limited Series,8,10,Netflix weekly rank (views),,,,0.3
AU,netflix,3 Paid streaming (Netflix AU),TV,2026-07-20,Danny Go!,Danny Go!: Season 1,9,10,Netflix weekly rank (views),,,,0.2
AU,netflix,3 Paid streaming (Netflix AU),TV,2026-07-20,Salish & Jordan Matter,Salish & Jordan Matter: Season 2,10,10,Netflix weekly rank (views),,,,0.1
AU,netflix,3 Paid streaming (Netflix AU),Films,2026-07-13,Shipwrecked: Nightmare at Sea,,1,10,Netflix weekly rank (views),,,,1.0
AU,netflix,3 Paid streaming (Netflix AU),Films,2026-07-13,Gods of Egypt,,2,10,Netflix weekly rank (views),,,,0.9
AU,netflix,3 Paid streaming (Netflix AU),Films,2026-07-13,The Angry Birds Movie 2,,3,10,Netflix weekly rank (views),,,,0.8
AU,netflix,3 Paid streaming (Netflix AU),Films,2026-07-13,Death on the Nile,,4,10,Netflix weekly rank (views),,,,0.7
AU,netflix,3 Paid streaming (Netflix AU),Films,2026-07-13,Due Date,,5,10,Netflix weekly rank (views),,,,0.6
AU,netflix,3 Paid streaming (Netflix AU),Films,2026-07-13,The Hustle,,6,10,Netflix weekly rank (views),,,,0.5
AU,netflix,3 Paid streaming (Netflix AU),Films,2026-07-13,Voicemails for Isabelle,,7,10,Netflix weekly rank (views),,,,0.4
AU,netflix,3 Paid streaming (Netflix AU),Films,2026-07-13,21 Jump Street,,8,10,Netflix weekly rank (views),,,,0.3
AU,netflix,3 Paid streaming (Netflix AU),Films,2026-07-13,Cleanskin,,9,10,Netflix weekly rank (views),,,,0.2
AU,netflix,3 Paid streaming (Netflix AU),Films,2026-07-13,Tarot,,10,10,Netflix weekly rank (views),,,,0.1
AU,netflix,3 Paid streaming (Netflix AU),TV,2026-07-13,Little House on the Prairie,Little House on the Prairie: Season 1,1,10,Netflix weekly rank (views),,,,1.0
AU,netflix,3 Paid streaming (Netflix AU),TV,2026-07-13,I Will Find You,I Will Find You: Limited Series,2,10,Netflix weekly rank (views),,,,0.9
AU,netflix,3 Paid streaming (Netflix AU),TV,2026-07-13,The Hawk,The Hawk: Season 1,3,10,Netflix weekly rank (views),,,,0.8
AU,netflix,3 Paid streaming (Netflix AU),TV,2026-07-13,Worst Neighbor Ever,Worst Neighbor Ever: Season 1,4,10,Netflix weekly rank (views),,,,0.7
AU,netflix,3 Paid streaming (Netflix AU),TV,2026-07-13,José Totoy 3,,5,10,Netflix weekly rank (views),,,,0.6
AU,netflix,3 Paid streaming (Netflix AU),TV,2026-07-13,Salish & Jordan Matter,Salish & Jordan Matter: Season 2,6,10,Netflix weekly rank (views),,,,0.5
AU,netflix,3 Paid streaming (Netflix AU),TV,2026-07-13,Agent Kim Reactivated,Agent Kim Reactivated: Limited Series,7,10,Netflix weekly rank (views),,,,0.4
AU,netflix,3 Paid streaming (Netflix AU),TV,2026-07-13,Danny Go!,Danny Go!: Season 1,8,10,Netflix weekly rank (views),,,,0.3
AU,netflix,3 Paid streaming (Netflix AU),TV,2026-07-13,The Rookie,The Rookie: Season 7,9,10,Netflix weekly rank (views),,,,0.2
AU,netflix,3 Paid streaming (Netflix AU),TV,2026-07-13,Hot Ones: Extra Heat,Hot Ones: Extra Heat: Season 1,10,10,Netflix weekly rank (views),,,,0.1
AU,netflix,3 Paid streaming (Netflix AU),Films,2026-07-06,The Hustle,,1,10,Netflix weekly rank (views),,,,1.0
AU,netflix,3 Paid streaming (Netflix AU),Films,2026-07-06,Enola Holmes 3,,2,10,Netflix weekly rank (views),,,,0.9
AU,netflix,3 Paid streaming (Netflix AU),Films,2026-07-06,Spit,,3,10,Netflix weekly rank (views),,,,0.8
AU,netflix,3 Paid streaming (Netflix AU),Films,2026-07-06,Shipwrecked: Nightmare at Sea,,4,10,Netflix weekly rank (views),,,,0.7
AU,netflix,3 Paid streaming (Netflix AU),Films,2026-07-06,Voicemails for Isabelle,,5,10,Netflix weekly rank (views),,,,0.6
AU,netflix,3 Paid streaming (Netflix AU),Films,2026-07-06,Sinners,,6,10,Netflix weekly rank (views),,,,0.5
AU,netflix,3 Paid streaming (Netflix AU),Films,2026-07-06,The Angry Birds Movie 2,,7,10,Netflix weekly rank (views),,,,0.4
AU,netflix,3 Paid streaming (Netflix AU),Films,2026-07-06,A Minecraft Movie,,8,10,Netflix weekly rank (views),,,,0.3
AU,netflix,3 Paid streaming (Netflix AU),Films,2026-07-06,Cleaner,,9,10,Netflix weekly rank (views),,,,0.2
AU,netflix,3 Paid streaming (Netflix AU),Films,2026-07-06,Striking Distance,,10,10,Netflix weekly rank (views),,,,0.1
AU,netflix,3 Paid streaming (Netflix AU),TV,2026-07-06,Worst Neighbor Ever,Worst Neighbor Ever: Season 1,1,10,Netflix weekly rank (views),,,,1.0
AU,netflix,3 Paid streaming (Netflix AU),TV,2026-07-06,I Will Find You,I Will Find You: Limited Series,2,10,Netflix weekly rank (views),,,,0.9
AU,netflix,3 Paid streaming (Netflix AU),TV,2026-07-06,Little House on the Prairie,Little House on the Prairie: Season 1,3,10,Netflix weekly rank (views),,,,0.8
AU,netflix,3 Paid streaming (Netflix AU),TV,2026-07-06,Salish & Jordan Matter,Salish & Jordan Matter: Season 2,4,10,Netflix weekly rank (views),,,,0.7
AU,netflix,3 Paid streaming (Netflix AU),TV,2026-07-06,The Rookie,The Rookie: Season 7,5,10,Netflix weekly rank (views),,,,0.6
AU,netflix,3 Paid streaming (Netflix AU),TV,2026-07-06,Avatar: The Last Airbender,Avatar: The Last Airbender: Season 2,6,10,Netflix weekly rank (views),,,,0.5
AU,netflix,3 Paid streaming (Netflix AU),TV,2026-07-06,Agent Kim Reactivated,Agent Kim Reactivated: Limited Series,7,10,Netflix weekly rank (views),,,,0.4
AU,netflix,3 Paid streaming (Netflix AU),TV,2026-07-06,Danny Go!,Danny Go!: Season 1,8,10,Netflix weekly rank (views),,,,0.3
AU,netflix,3 Paid streaming (Netflix AU),TV,2026-07-06,Friends,Friends: Season 1,9,10,Netflix weekly rank (views),,,,0.2
AU,netflix,3 Paid streaming (Netflix AU),TV,2026-07-06,Raw,"Raw: July 6, 2026",10,10,Netflix weekly rank (views),,,,0.1
AU,netflix,3 Paid streaming (Netflix AU),Films,2026-06-29,Enola Holmes 3,,1,10,Netflix weekly rank (views),,,,1.0
AU,netflix,3 Paid streaming (Netflix AU),Films,2026-06-29,Voicemails for Isabelle,,2,10,Netflix weekly rank (views),,,,0.9
AU,netflix,3 Paid streaming (Netflix AU),Films,2026-06-29,Little Brother,,3,10,Netflix weekly rank (views),,,,0.8
AU,netflix,3 Paid streaming (Netflix AU),Films,2026-06-29,Cleaner,,4,10,Netflix weekly rank (views),,,,0.7
AU,netflix,3 Paid streaming (Netflix AU),Films,2026-06-29,Striking Distance,,5,10,Netflix weekly rank (views),,,,0.6
AU,netflix,3 Paid streaming (Netflix AU),Films,2026-06-29,Gladiator II,,6,10,Netflix weekly rank (views),,,,0.5
AU,netflix,3 Paid streaming (Netflix AU),Films,2026-06-29,A Minecraft Movie,,7,10,Netflix weekly rank (views),,,,0.4
AU,netflix,3 Paid streaming (Netflix AU),Films,2026-06-29,Night at the Museum,,8,10,Netflix weekly rank (views),,,,0.3
AU,netflix,3 Paid streaming (Netflix AU),Films,2026-06-29,The Hustle,,9,10,Netflix weekly rank (views),,,,0.2
AU,netflix,3 Paid streaming (Netflix AU),Films,2026-06-29,Maternal Instinct,,10,10,Netflix weekly rank (views),,,,0.1
AU,netflix,3 Paid streaming (Netflix AU),TV,2026-06-29,I Will Find You,I Will Find You: Limited Series,1,10,Netflix weekly rank (views),,,,1.0
AU,netflix,3 Paid streaming (Netflix AU),TV,2026-06-29,Worst Neighbor Ever,Worst Neighbor Ever: Season 1,2,10,Netflix weekly rank (views),,,,0.9
AU,netflix,3 Paid streaming (Netflix AU),TV,2026-06-29,Salish & Jordan Matter,Salish & Jordan Matter: Season 2,3,10,Netflix weekly rank (views),,,,0.8
AU,netflix,3 Paid streaming (Netflix AU),TV,2026-06-29,Avatar: The Last Airbender,Avatar: The Last Airbender: Season 2,4,10,Netflix weekly rank (views),,,,0.7
AU,netflix,3 Paid streaming (Netflix AU),TV,2026-06-29,Dead Ahead,Dead Ahead: Season 1,5,10,Netflix weekly rank (views),,,,0.6
AU,netflix,3 Paid streaming (Netflix AU),TV,2026-06-29,Agent Kim Reactivated,Agent Kim Reactivated: Limited Series,6,10,Netflix weekly rank (views),,,,0.5
AU,netflix,3 Paid streaming (Netflix AU),TV,2026-06-29,AMERICA'S SWEETHEARTS: Dallas Cowboys Cheerleaders,AMERICA'S SWEETHEARTS: Dallas Cowboys Cheerleaders: Season 3,7,10,Netflix weekly rank (views),,,,0.4
AU,netflix,3 Paid streaming (Netflix AU),TV,2026-06-29,Danny Go!,Danny Go!: Season 1,8,10,Netflix weekly rank (views),,,,0.3
AU,netflix,3 Paid streaming (Netflix AU),TV,2026-06-29,The Rookie,The Rookie: Season 7,9,10,Netflix weekly rank (views),,,,0.2
AU,netflix,3 Paid streaming (Netflix AU),TV,2026-06-29,Avatar: The Last Airbender,Avatar: The Last Airbender: Season 1,10,10,Netflix weekly rank (views),,,,0.1
AU,netflix,3 Paid streaming (Netflix AU),Films,2026-06-22,Voicemails for Isabelle,,1,10,Netflix weekly rank (views),,,,1.0
AU,netflix,3 Paid streaming (Netflix AU),Films,2026-06-22,A Minecraft Movie,,2,10,Netflix weekly rank (views),,,,0.9
AU,netflix,3 Paid streaming (Netflix AU),Films,2026-06-22,Little Brother,,3,10,Netflix weekly rank (views),,,,0.8
AU,netflix,3 Paid streaming (Netflix AU),Films,2026-06-22,Maternal Instinct,,4,10,Netflix weekly rank (views),,,,0.7
AU,netflix,3 Paid streaming (Netflix AU),Films,2026-06-22,Gladiator II,,5,10,Netflix weekly rank (views),,,,0.6
AU,netflix,3 Paid streaming (Netflix AU),Films,2026-06-22,Killer Whale,,6,10,Netflix weekly rank (views),,,,0.5
AU,netflix,3 Paid streaming (Netflix AU),Films,2026-06-22,Wicked: For Good,,7,10,Netflix weekly rank (views),,,,0.4
AU,netflix,3 Paid streaming (Netflix AU),Films,2026-06-22,The Creator,,8,10,Netflix weekly rank (views),,,,0.3
AU,netflix,3 Paid streaming (Netflix AU),Films,2026-06-22,We Bury the Dead,,9,10,Netflix weekly rank (views),,,,0.2
AU,netflix,3 Paid streaming (Netflix AU),Films,2026-06-22,No Time to Die,,10,10,Netflix weekly rank (views),,,,0.1
AU,netflix,3 Paid streaming (Netflix AU),TV,2026-06-22,I Will Find You,I Will Find You: Limited Series,1,10,Netflix weekly rank (views),,,,1.0
AU,netflix,3 Paid streaming (Netflix AU),TV,2026-06-22,AMERICA'S SWEETHEARTS: Dallas Cowboys Cheerleaders,AMERICA'S SWEETHEARTS: Dallas Cowboys Cheerleaders: Season 3,2,10,Netflix weekly rank (views),,,,0.9
AU,netflix,3 Paid streaming (Netflix AU),TV,2026-06-22,Avatar: The Last Airbender,Avatar: The Last Airbender: Season 2,3,10,Netflix weekly rank (views),,,,0.8
AU,netflix,3 Paid streaming (Netflix AU),TV,2026-06-22,Salish & Jordan Matter,Salish & Jordan Matter: Season 2,4,10,Netflix weekly rank (views),,,,0.7
AU,netflix,3 Paid streaming (Netflix AU),TV,2026-06-22,Danny Go!,Danny Go!: Season 1,5,10,Netflix weekly rank (views),,,,0.6
AU,netflix,3 Paid streaming (Netflix AU),TV,2026-06-22,Oasis,Oasis: Season 1,6,10,Netflix weekly rank (views),,,,0.5
AU,netflix,3 Paid streaming (Netflix AU),TV,2026-06-22,The Witness,The Witness: Limited Series,7,10,Netflix weekly rank (views),,,,0.4
AU,netflix,3 Paid streaming (Netflix AU),TV,2026-06-22,Sweet Magnolias,Sweet Magnolias: Season 5,8,10,Netflix weekly rank (views),,,,0.3
AU,netflix,3 Paid streaming (Netflix AU),TV,2026-06-22,Salish & Jordan Matter,Salish & Jordan Matter: Season 1,9,10,Netflix weekly rank (views),,,,0.2
AU,netflix,3 Paid streaming (Netflix AU),TV,2026-06-22,Teach You a Lesson,Teach You a Lesson: Limited Series,10,10,Netflix weekly rank (views),,,,0.1
AU,netflix,3 Paid streaming (Netflix AU),Films,2026-06-15,Maternal Instinct,,1,10,Netflix weekly rank (views),,,,1.0
AU,netflix,3 Paid streaming (Netflix AU),Films,2026-06-15,A Minecraft Movie,,2,10,Netflix weekly rank (views),,,,0.9
AU,netflix,3 Paid streaming (Netflix AU),Films,2026-06-15,Voicemails for Isabelle,,3,10,Netflix weekly rank (views),,,,0.8
AU,netflix,3 Paid streaming (Netflix AU),Films,2026-06-15,No Time to Die,,4,10,Netflix weekly rank (views),,,,0.7
AU,netflix,3 Paid streaming (Netflix AU),Films,2026-06-15,Street Kings,,5,10,Netflix weekly rank (views),,,,0.6
AU,netflix,3 Paid streaming (Netflix AU),Films,2026-06-15,Office Romance,,6,10,Netflix weekly rank (views),,,,0.5
AU,netflix,3 Paid streaming (Netflix AU),Films,2026-06-15,Killer Whale,,7,10,Netflix weekly rank (views),,,,0.4
AU,netflix,3 Paid streaming (Netflix AU),Films,2026-06-15,The Creator,,8,10,Netflix weekly rank (views),,,,0.3
AU,netflix,3 Paid streaming (Netflix AU),Films,2026-06-15,The Last Song,,9,10,Netflix weekly rank (views),,,,0.2
AU,netflix,3 Paid streaming (Netflix AU),Films,2026-06-15,Colors Of Evil: Black,,10,10,Netflix weekly rank (views),,,,0.1
AU,netflix,3 Paid streaming (Netflix AU),TV,2026-06-15,I Will Find You,I Will Find You: Limited Series,1,10,Netflix weekly rank (views),,,,1.0
AU,netflix,3 Paid streaming (Netflix AU),TV,2026-06-15,AMERICA'S SWEETHEARTS: Dallas Cowboys Cheerleaders,AMERICA'S SWEETHEARTS: Dallas Cowboys Cheerleaders: Season 3,2,10,Netflix weekly rank (views),,,,0.9
AU,netflix,3 Paid streaming (Netflix AU),TV,2026-06-15,The Witness,The Witness: Limited Series,3,10,Netflix weekly rank (views),,,,0.8
AU,netflix,3 Paid streaming (Netflix AU),TV,2026-06-15,Sweet Magnolias,Sweet Magnolias: Season 5,4,10,Netflix weekly rank (views),,,,0.7
AU,netflix,3 Paid streaming (Netflix AU),TV,2026-06-15,Outlast: The Jungle,Outlast: The Jungle: Season 1,5,10,Netflix weekly rank (views),,,,0.6
AU,netflix,3 Paid streaming (Netflix AU),TV,2026-06-15,Teach You a Lesson,Teach You a Lesson: Limited Series,6,10,Netflix weekly rank (views),,,,0.5
AU,netflix,3 Paid streaming (Netflix AU),TV,2026-06-15,Danny Go!,Danny Go!: Season 1,7,10,Netflix weekly rank (views),,,,0.4
AU,netflix,3 Paid streaming (Netflix AU),TV,2026-06-15,The Four Seasons,The Four Seasons: Season 2,8,10,Netflix weekly rank (views),,,,0.3
AU,netflix,3 Paid streaming (Netflix AU),TV,2026-06-15,Michael Jackson: The Verdict,Michael Jackson: The Verdict: Season 1,9,10,Netflix weekly rank (views),,,,0.2
AU,netflix,3 Paid streaming (Netflix AU),TV,2026-06-15,Raw,"Raw: June 15, 2026",10,10,Netflix weekly rank (views),,,,0.1
AU,netflix,3 Paid streaming (Netflix AU),Films,2026-06-08,Office Romance,,1,10,Netflix weekly rank (views),,,,1.0
AU,netflix,3 Paid streaming (Netflix AU),Films,2026-06-08,Maternal Instinct,,2,10,Netflix weekly rank (views),,,,0.9
AU,netflix,3 Paid streaming (Netflix AU),Films,2026-06-08,Ordinary Angels,,3,10,Netflix weekly rank (views),,,,0.8
AU,netflix,3 Paid streaming (Netflix AU),Films,2026-06-08,The Murder of Rachel Nickell,,4,10,Netflix weekly rank (views),,,,0.7
AU,netflix,3 Paid streaming (Netflix AU),Films,2026-06-08,Dracula: A Love Tale,,5,10,Netflix weekly rank (views),,,,0.6
AU,netflix,3 Paid streaming (Netflix AU),Films,2026-06-08,The Marked Woman,,6,10,Netflix weekly rank (views),,,,0.5
AU,netflix,3 Paid streaming (Netflix AU),Films,2026-06-08,Colors Of Evil: Black,,7,10,Netflix weekly rank (views),,,,0.4
AU,netflix,3 Paid streaming (Netflix AU),Films,2026-06-08,Radio,,8,10,Netflix weekly rank (views),,,,0.3
AU,netflix,3 Paid streaming (Netflix AU),Films,2026-06-08,Revolver,,9,10,Netflix weekly rank (views),,,,0.2
AU,netflix,3 Paid streaming (Netflix AU),Films,2026-06-08,Swapped,,10,10,Netflix weekly rank (views),,,,0.1
AU,netflix,3 Paid streaming (Netflix AU),TV,2026-06-08,The Witness,The Witness: Limited Series,1,10,Netflix weekly rank (views),,,,1.0
AU,netflix,3 Paid streaming (Netflix AU),TV,2026-06-08,Michael Jackson: The Verdict,Michael Jackson: The Verdict: Season 1,2,10,Netflix weekly rank (views),,,,0.9
AU,netflix,3 Paid streaming (Netflix AU),TV,2026-06-08,Teach You a Lesson,Teach You a Lesson: Limited Series,3,10,Netflix weekly rank (views),,,,0.8
AU,netflix,3 Paid streaming (Netflix AU),TV,2026-06-08,The Four Seasons,The Four Seasons: Season 2,4,10,Netflix weekly rank (views),,,,0.7
AU,netflix,3 Paid streaming (Netflix AU),TV,2026-06-08,Danny Go!,Danny Go!: Season 1,5,10,Netflix weekly rank (views),,,,0.6
AU,netflix,3 Paid streaming (Netflix AU),TV,2026-06-08,Sweet Magnolias,Sweet Magnolias: Season 5,6,10,Netflix weekly rank (views),,,,0.5
AU,netflix,3 Paid streaming (Netflix AU),TV,2026-06-08,Southland,Southland: Season 1,7,10,Netflix weekly rank (views),,,,0.4
AU,netflix,3 Paid streaming (Netflix AU),TV,2026-06-08,Outlast: The Jungle,Outlast: The Jungle: Season 1,8,10,Netflix weekly rank (views),,,,0.3
AU,netflix,3 Paid streaming (Netflix AU),TV,2026-06-08,Legends,Legends: Season 1,9,10,Netflix weekly rank (views),,,,0.2
AU,netflix,3 Paid streaming (Netflix AU),TV,2026-06-08,The Boroughs,The Boroughs: Season 1,10,10,Netflix weekly rank (views),,,,0.1
AU,netflix,3 Paid streaming (Netflix AU),Films,2026-06-01,Office Romance,,1,10,Netflix weekly rank (views),,,,1.0
AU,netflix,3 Paid streaming (Netflix AU),Films,2026-06-01,Ladies First,,2,10,Netflix weekly rank (views),,,,0.9
AU,netflix,3 Paid streaming (Netflix AU),Films,2026-06-01,The Murder of Rachel Nickell,,3,10,Netflix weekly rank (views),,,,0.8
AU,netflix,3 Paid streaming (Netflix AU),Films,2026-06-01,David,,4,10,Netflix weekly rank (views),,,,0.7
AU,netflix,3 Paid streaming (Netflix AU),Films,2026-06-01,Ordinary Angels,,5,10,Netflix weekly rank (views),,,,0.6
AU,netflix,3 Paid streaming (Netflix AU),Films,2026-06-01,The Crash,,6,10,Netflix weekly rank (views),,,,0.5
AU,netflix,3 Paid streaming (Netflix AU),Films,2026-06-01,Radio,,7,10,Netflix weekly rank (views),,,,0.4
AU,netflix,3 Paid streaming (Netflix AU),Films,2026-06-01,Swapped,,8,10,Netflix weekly rank (views),,,,0.3
AU,netflix,3 Paid streaming (Netflix AU),Films,2026-06-01,Dracula: A Love Tale,,9,10,Netflix weekly rank (views),,,,0.2
AU,netflix,3 Paid streaming (Netflix AU),Films,2026-06-01,Maa Behen,,10,10,Netflix weekly rank (views),,,,0.1
AU,netflix,3 Paid streaming (Netflix AU),TV,2026-06-01,Michael Jackson: The Verdict,Michael Jackson: The Verdict: Season 1,1,10,Netflix weekly rank (views),,,,1.0
AU,netflix,3 Paid streaming (Netflix AU),TV,2026-06-01,The Witness,The Witness: Limited Series,2,10,Netflix weekly rank (views),,,,0.9
AU,netflix,3 Paid streaming (Netflix AU),TV,2026-06-01,The Four Seasons,The Four Seasons: Season 2,3,10,Netflix weekly rank (views),,,,0.8
AU,netflix,3 Paid streaming (Netflix AU),TV,2026-06-01,"Instadocs: Alex Murdaugh, Unconvicted",,4,10,Netflix weekly rank (views),,,,0.7
AU,netflix,3 Paid streaming (Netflix AU),TV,2026-06-01,Lawmen: Bass Reeves,Lawmen: Bass Reeves: Season 1,5,10,Netflix weekly rank (views),,,,0.6
AU,netflix,3 Paid streaming (Netflix AU),TV,2026-06-01,The Boroughs,The Boroughs: Season 1,6,10,Netflix weekly rank (views),,,,0.5
AU,netflix,3 Paid streaming (Netflix AU),TV,2026-06-01,Danny Go!,Danny Go!: Season 1,7,10,Netflix weekly rank (views),,,,0.4
AU,netflix,3 Paid streaming (Netflix AU),TV,2026-06-01,Legends,Legends: Season 1,8,10,Netflix weekly rank (views),,,,0.3
AU,netflix,3 Paid streaming (Netflix AU),TV,2026-06-01,Kylie,Kylie: Limited Series,9,10,Netflix weekly rank (views),,,,0.2
AU,netflix,3 Paid streaming (Netflix AU),TV,2026-06-01,Rafa,Rafa: Limited Series,10,10,Netflix weekly rank (views),,,,0.1
AU,netflix,3 Paid streaming (Netflix AU),Films,2026-05-25,Ladies First,,1,10,Netflix weekly rank (views),,,,1.0
AU,netflix,3 Paid streaming (Netflix AU),Films,2026-05-25,The Crash,,2,10,Netflix weekly rank (views),,,,0.9
AU,netflix,3 Paid streaming (Netflix AU),Films,2026-05-25,Breaking In,,3,10,Netflix weekly rank (views),,,,0.8
AU,netflix,3 Paid streaming (Netflix AU),Films,2026-05-25,Superintelligence,,4,10,Netflix weekly rank (views),,,,0.7
AU,netflix,3 Paid streaming (Netflix AU),Films,2026-05-25,Swapped,,5,10,Netflix weekly rank (views),,,,0.6
AU,netflix,3 Paid streaming (Netflix AU),Films,2026-05-25,Mickey 17,,6,10,Netflix weekly rank (views),,,,0.5
AU,netflix,3 Paid streaming (Netflix AU),Films,2026-05-25,Apex,,7,10,Netflix weekly rank (views),,,,0.4
AU,netflix,3 Paid streaming (Netflix AU),Films,2026-05-25,Mindcage,,8,10,Netflix weekly rank (views),,,,0.3
AU,netflix,3 Paid streaming (Netflix AU),Films,2026-05-25,Untold UK: Vinnie Jones,,9,10,Netflix weekly rank (views),,,,0.2
AU,netflix,3 Paid streaming (Netflix AU),Films,2026-05-25,Remarkably Bright Creatures,,10,10,Netflix weekly rank (views),,,,0.1
AU,netflix,3 Paid streaming (Netflix AU),TV,2026-05-25,The Boroughs,The Boroughs: Season 1,1,10,Netflix weekly rank (views),,,,1.0
AU,netflix,3 Paid streaming (Netflix AU),TV,2026-05-25,Kylie,Kylie: Limited Series,2,10,Netflix weekly rank (views),,,,0.9
AU,netflix,3 Paid streaming (Netflix AU),TV,2026-05-25,The Four Seasons,The Four Seasons: Season 2,3,10,Netflix weekly rank (views),,,,0.8
AU,netflix,3 Paid streaming (Netflix AU),TV,2026-05-25,Legends,Legends: Season 1,4,10,Netflix weekly rank (views),,,,0.7
AU,netflix,3 Paid streaming (Netflix AU),TV,2026-05-25,Danny Go!,Danny Go!: Season 1,5,10,Netflix weekly rank (views),,,,0.6
AU,netflix,3 Paid streaming (Netflix AU),TV,2026-05-25,"Instadocs: Alex Murdaugh, Unconvicted",,6,10,Netflix weekly rank (views),,,,0.5
AU,netflix,3 Paid streaming (Netflix AU),TV,2026-05-25,Worst Ex Ever,Worst Ex Ever: Season 2,7,10,Netflix weekly rank (views),,,,0.4
AU,netflix,3 Paid streaming (Netflix AU),TV,2026-05-25,Bad Thoughts,Bad Thoughts: Season 2,8,10,Netflix weekly rank (views),,,,0.3
AU,netflix,3 Paid streaming (Netflix AU),TV,2026-05-25,Desi Bling,Desi Bling: Season 1,9,10,Netflix weekly rank (views),,,,0.2
AU,netflix,3 Paid streaming (Netflix AU),TV,2026-05-25,Nemesis,Nemesis: Season 1,10,10,Netflix weekly rank (views),,,,0.1
AU,netflix,3 Paid streaming (Netflix AU),Films,2026-05-18,The Crash,,1,10,Netflix weekly rank (views),,,,1.0
AU,netflix,3 Paid streaming (Netflix AU),Films,2026-05-18,Ladies First,,2,10,Netflix weekly rank (views),,,,0.9
AU,netflix,3 Paid streaming (Netflix AU),Films,2026-05-18,Mindcage,,3,10,Netflix weekly rank (views),,,,0.8
AU,netflix,3 Paid streaming (Netflix AU),Films,2026-05-18,Swapped,,4,10,Netflix weekly rank (views),,,,0.7
AU,netflix,3 Paid streaming (Netflix AU),Films,2026-05-18,Apex,,5,10,Netflix weekly rank (views),,,,0.6
AU,netflix,3 Paid streaming (Netflix AU),Films,2026-05-18,Remarkably Bright Creatures,,6,10,Netflix weekly rank (views),,,,0.5
AU,netflix,3 Paid streaming (Netflix AU),Films,2026-05-18,In Her Shoes,,7,10,Netflix weekly rank (views),,,,0.4
AU,netflix,3 Paid streaming (Netflix AU),Films,2026-05-18,Superintelligence,,8,10,Netflix weekly rank (views),,,,0.3
AU,netflix,3 Paid streaming (Netflix AU),Films,2026-05-18,Dr. Seuss' The Cat in the Hat,,9,10,Netflix weekly rank (views),,,,0.2
AU,netflix,3 Paid streaming (Netflix AU),Films,2026-05-18,The Bad Guys 2,,10,10,Netflix weekly rank (views),,,,0.1
AU,netflix,3 Paid streaming (Netflix AU),TV,2026-05-18,Kylie,Kylie: Limited Series,1,10,Netflix weekly rank (views),,,,1.0
AU,netflix,3 Paid streaming (Netflix AU),TV,2026-05-18,Legends,Legends: Season 1,2,10,Netflix weekly rank (views),,,,0.9
AU,netflix,3 Paid streaming (Netflix AU),TV,2026-05-18,Nemesis,Nemesis: Season 1,3,10,Netflix weekly rank (views),,,,0.8
AU,netflix,3 Paid streaming (Netflix AU),TV,2026-05-18,The Boroughs,The Boroughs: Season 1,4,10,Netflix weekly rank (views),,,,0.7
AU,netflix,3 Paid streaming (Netflix AU),TV,2026-05-18,Worst Ex Ever,Worst Ex Ever: Season 2,5,10,Netflix weekly rank (views),,,,0.6
AU,netflix,3 Paid streaming (Netflix AU),TV,2026-05-18,The Roast of Kevin Hart,,6,10,Netflix weekly rank (views),,,,0.5
AU,netflix,3 Paid streaming (Netflix AU),TV,2026-05-18,Danny Go!,Danny Go!: Season 1,7,10,Netflix weekly rank (views),,,,0.4
AU,netflix,3 Paid streaming (Netflix AU),TV,2026-05-18,Should I Marry A Murderer?,Should I Marry A Murderer?: Limited Series,8,10,Netflix weekly rank (views),,,,0.3
AU,netflix,3 Paid streaming (Netflix AU),TV,2026-05-18,Desi Bling,Desi Bling: Season 1,9,10,Netflix weekly rank (views),,,,0.2
AU,netflix,3 Paid streaming (Netflix AU),TV,2026-05-18,Man on Fire,Man on Fire: Season 1,10,10,Netflix weekly rank (views),,,,0.1
AU,netflix,3 Paid streaming (Netflix AU),Films,2026-05-11,Remarkably Bright Creatures,,1,10,Netflix weekly rank (views),,,,1.0
AU,netflix,3 Paid streaming (Netflix AU),Films,2026-05-11,Swapped,,2,10,Netflix weekly rank (views),,,,0.9
AU,netflix,3 Paid streaming (Netflix AU),Films,2026-05-11,The Crash,,3,10,Netflix weekly rank (views),,,,0.8
AU,netflix,3 Paid streaming (Netflix AU),Films,2026-05-11,Apex,,4,10,Netflix weekly rank (views),,,,0.7
AU,netflix,3 Paid streaming (Netflix AU),Films,2026-05-11,Madame Web,,5,10,Netflix weekly rank (views),,,,0.6
AU,netflix,3 Paid streaming (Netflix AU),Films,2026-05-11,The Bad Guys 2,,6,10,Netflix weekly rank (views),,,,0.5
AU,netflix,3 Paid streaming (Netflix AU),Films,2026-05-11,Trap,,7,10,Netflix weekly rank (views),,,,0.4
AU,netflix,3 Paid streaming (Netflix AU),Films,2026-05-11,Dhurandhar The Revenge (Raw & Undekha),,8,10,Netflix weekly rank (views),,,,0.3
AU,netflix,3 Paid streaming (Netflix AU),Films,2026-05-11,Americana,,9,10,Netflix weekly rank (views),,,,0.2
AU,netflix,3 Paid streaming (Netflix AU),Films,2026-05-11,KARTAVYA,,10,10,Netflix weekly rank (views),,,,0.1
AU,netflix,3 Paid streaming (Netflix AU),TV,2026-05-11,The Roast of Kevin Hart,,1,10,Netflix weekly rank (views),,,,1.0
AU,netflix,3 Paid streaming (Netflix AU),TV,2026-05-11,Legends,Legends: Season 1,2,10,Netflix weekly rank (views),,,,0.9
AU,netflix,3 Paid streaming (Netflix AU),TV,2026-05-11,Worst Ex Ever,Worst Ex Ever: Season 2,3,10,Netflix weekly rank (views),,,,0.8
AU,netflix,3 Paid streaming (Netflix AU),TV,2026-05-11,Should I Marry A Murderer?,Should I Marry A Murderer?: Limited Series,4,10,Netflix weekly rank (views),,,,0.7
AU,netflix,3 Paid streaming (Netflix AU),TV,2026-05-11,Man on Fire,Man on Fire: Season 1,5,10,Netflix weekly rank (views),,,,0.6
AU,netflix,3 Paid streaming (Netflix AU),TV,2026-05-11,Danny Go!,Danny Go!: Season 1,6,10,Netflix weekly rank (views),,,,0.5
AU,netflix,3 Paid streaming (Netflix AU),TV,2026-05-11,Running Point,Running Point: Season 2,7,10,Netflix weekly rank (views),,,,0.4
AU,netflix,3 Paid streaming (Netflix AU),TV,2026-05-11,Nemesis,Nemesis: Season 1,8,10,Netflix weekly rank (views),,,,0.3
AU,netflix,3 Paid streaming (Netflix AU),TV,2026-05-11,Devil May Cry,Devil May Cry: Season 2,9,10,Netflix weekly rank (views),,,,0.2
AU,netflix,3 Paid streaming (Netflix AU),TV,2026-05-11,Worst Ex Ever,Worst Ex Ever: Season 1,10,10,Netflix weekly rank (views),,,,0.1
AU,netflix,3 Paid streaming (Netflix AU),Films,2026-05-04,Swapped,,1,10,Netflix weekly rank (views),,,,1.0
AU,netflix,3 Paid streaming (Netflix AU),Films,2026-05-04,Apex,,2,10,Netflix weekly rank (views),,,,0.9
AU,netflix,3 Paid streaming (Netflix AU),Films,2026-05-04,The Bad Guys 2,,3,10,Netflix weekly rank (views),,,,0.8
AU,netflix,3 Paid streaming (Netflix AU),Films,2026-05-04,Trap,,4,10,Netflix weekly rank (views),,,,0.7
AU,netflix,3 Paid streaming (Netflix AU),Films,2026-05-04,Remarkably Bright Creatures,,5,10,Netflix weekly rank (views),,,,0.6
AU,netflix,3 Paid streaming (Netflix AU),Films,2026-05-04,Madame Web,,6,10,Netflix weekly rank (views),,,,0.5
AU,netflix,3 Paid streaming (Netflix AU),Films,2026-05-04,World Breaker,,7,10,Netflix weekly rank (views),,,,0.4
AU,netflix,3 Paid streaming (Netflix AU),Films,2026-05-04,"You, Always",,8,10,Netflix weekly rank (views),,,,0.3
AU,netflix,3 Paid streaming (Netflix AU),Films,2026-05-04,My Favorite Wedding,,9,10,Netflix weekly rank (views),,,,0.2
AU,netflix,3 Paid streaming (Netflix AU),Films,2026-05-04,Black Phone 2,,10,10,Netflix weekly rank (views),,,,0.1
AU,netflix,3 Paid streaming (Netflix AU),TV,2026-05-04,Should I Marry A Murderer?,Should I Marry A Murderer?: Limited Series,1,10,Netflix weekly rank (views),,,,1.0
AU,netflix,3 Paid streaming (Netflix AU),TV,2026-05-04,Man on Fire,Man on Fire: Season 1,2,10,Netflix weekly rank (views),,,,0.9
AU,netflix,3 Paid streaming (Netflix AU),TV,2026-05-04,Worst Ex Ever,Worst Ex Ever: Season 2,3,10,Netflix weekly rank (views),,,,0.8
AU,netflix,3 Paid streaming (Netflix AU),TV,2026-05-04,Running Point,Running Point: Season 2,4,10,Netflix weekly rank (views),,,,0.7
AU,netflix,3 Paid streaming (Netflix AU),TV,2026-05-04,Legends,Legends: Season 1,5,10,Netflix weekly rank (views),,,,0.6
AU,netflix,3 Paid streaming (Netflix AU),TV,2026-05-04,Anne Rice's Mayfair Witches,Anne Rice's Mayfair Witches: Season 1,6,10,Netflix weekly rank (views),,,,0.5
AU,netflix,3 Paid streaming (Netflix AU),TV,2026-05-04,Danny Go!,Danny Go!: Season 1,7,10,Netflix weekly rank (views),,,,0.4
AU,netflix,3 Paid streaming (Netflix AU),TV,2026-05-04,Unchosen,Unchosen: Season 1,8,10,Netflix weekly rank (views),,,,0.3
AU,netflix,3 Paid streaming (Netflix AU),TV,2026-05-04,Dark Winds,Dark Winds: Season 3,9,10,Netflix weekly rank (views),,,,0.2
AU,netflix,3 Paid streaming (Netflix AU),TV,2026-05-04,BEEF,BEEF: Season 2,10,10,Netflix weekly rank (views),,,,0.1
AU,netflix,3 Paid streaming (Netflix AU),Films,2026-04-27,Apex,,1,10,Netflix weekly rank (views),,,,1.0
AU,netflix,3 Paid streaming (Netflix AU),Films,2026-04-27,Trap,,2,10,Netflix weekly rank (views),,,,0.9
AU,netflix,3 Paid streaming (Netflix AU),Films,2026-04-27,Swapped,,3,10,Netflix weekly rank (views),,,,0.8
AU,netflix,3 Paid streaming (Netflix AU),Films,2026-04-27,Juror #2,,4,10,Netflix weekly rank (views),,,,0.7
AU,netflix,3 Paid streaming (Netflix AU),Films,2026-04-27,World Breaker,,5,10,Netflix weekly rank (views),,,,0.6
AU,netflix,3 Paid streaming (Netflix AU),Films,2026-04-27,"You, Always",,6,10,Netflix weekly rank (views),,,,0.5
AU,netflix,3 Paid streaming (Netflix AU),Films,2026-04-27,Knocked Up,,7,10,Netflix weekly rank (views),,,,0.4
AU,netflix,3 Paid streaming (Netflix AU),Films,2026-04-27,The Little Rascals,,8,10,Netflix weekly rank (views),,,,0.3
AU,netflix,3 Paid streaming (Netflix AU),Films,2026-04-27,Roommates,,9,10,Netflix weekly rank (views),,,,0.2
AU,netflix,3 Paid streaming (Netflix AU),Films,2026-04-27,"Miraculous World: Paris, Tales of Shadybug and Claw Noir",,10,10,Netflix weekly rank (views),,,,0.1
AU,netflix,3 Paid streaming (Netflix AU),TV,2026-04-27,Should I Marry A Murderer?,Should I Marry A Murderer?: Limited Series,1,10,Netflix weekly rank (views),,,,1.0
AU,netflix,3 Paid streaming (Netflix AU),TV,2026-04-27,Unchosen,Unchosen: Season 1,2,10,Netflix weekly rank (views),,,,0.9
AU,netflix,3 Paid streaming (Netflix AU),TV,2026-04-27,Running Point,Running Point: Season 2,3,10,Netflix weekly rank (views),,,,0.8
AU,netflix,3 Paid streaming (Netflix AU),TV,2026-04-27,Man on Fire,Man on Fire: Season 1,4,10,Netflix weekly rank (views),,,,0.7
AU,netflix,3 Paid streaming (Netflix AU),TV,2026-04-27,Danny Go!,Danny Go!: Season 1,5,10,Netflix weekly rank (views),,,,0.6
AU,netflix,3 Paid streaming (Netflix AU),TV,2026-04-27,BEEF,BEEF: Season 2,6,10,Netflix weekly rank (views),,,,0.5
AU,netflix,3 Paid streaming (Netflix AU),TV,2026-04-27,Hulk Hogan: Real American,Hulk Hogan: Real American: Limited Series,7,10,Netflix weekly rank (views),,,,0.4
AU,netflix,3 Paid streaming (Netflix AU),TV,2026-04-27,Anne Rice's Mayfair Witches,Anne Rice's Mayfair Witches: Season 1,8,10,Netflix weekly rank (views),,,,0.3
AU,netflix,3 Paid streaming (Netflix AU),TV,2026-04-27,Running Point,Running Point: Season 1,9,10,Netflix weekly rank (views),,,,0.2
AU,netflix,3 Paid streaming (Netflix AU),TV,2026-04-27,Salish & Jordan Matter,Salish & Jordan Matter: Season 1,10,10,Netflix weekly rank (views),,,,0.1
AU,netflix,3 Paid streaming (Netflix AU),Films,2026-04-20,Apex,,1,10,Netflix weekly rank (views),,,,1.0
AU,netflix,3 Paid streaming (Netflix AU),Films,2026-04-20,Roommates,,2,10,Netflix weekly rank (views),,,,0.9
AU,netflix,3 Paid streaming (Netflix AU),Films,2026-04-20,Juror #2,,3,10,Netflix weekly rank (views),,,,0.8
AU,netflix,3 Paid streaming (Netflix AU),Films,2026-04-20,Twisters,,4,10,Netflix weekly rank (views),,,,0.7
AU,netflix,3 Paid streaming (Netflix AU),Films,2026-04-20,Untold: The Shooting at Hawthorne Hill,,5,10,Netflix weekly rank (views),,,,0.6
AU,netflix,3 Paid streaming (Netflix AU),Films,2026-04-20,Gabby's Dollhouse: The Movie,,6,10,Netflix weekly rank (views),,,,0.5
AU,netflix,3 Paid streaming (Netflix AU),Films,2026-04-20,180,,7,10,Netflix weekly rank (views),,,,0.4
AU,netflix,3 Paid streaming (Netflix AU),Films,2026-04-20,Thrash,,8,10,Netflix weekly rank (views),,,,0.3
AU,netflix,3 Paid streaming (Netflix AU),Films,2026-04-20,Beetlejuice Beetlejuice,,9,10,Netflix weekly rank (views),,,,0.2
AU,netflix,3 Paid streaming (Netflix AU),Films,2026-04-20,The Little Rascals,,10,10,Netflix weekly rank (views),,,,0.1
AU,netflix,3 Paid streaming (Netflix AU),TV,2026-04-20,Unchosen,Unchosen: Season 1,1,10,Netflix weekly rank (views),,,,1.0
AU,netflix,3 Paid streaming (Netflix AU),TV,2026-04-20,Running Point,Running Point: Season 2,2,10,Netflix weekly rank (views),,,,0.9
AU,netflix,3 Paid streaming (Netflix AU),TV,2026-04-20,BEEF,BEEF: Season 2,3,10,Netflix weekly rank (views),,,,0.8
AU,netflix,3 Paid streaming (Netflix AU),TV,2026-04-20,Trust Me: The False Prophet,Trust Me: The False Prophet: Season 1,4,10,Netflix weekly rank (views),,,,0.7
AU,netflix,3 Paid streaming (Netflix AU),TV,2026-04-20,WWE WrestleMania,WWE WrestleMania: WrestleMania 42 Sunday,5,10,Netflix weekly rank (views),,,,0.6
AU,netflix,3 Paid streaming (Netflix AU),TV,2026-04-20,Danny Go!,Danny Go!: Season 1,6,10,Netflix weekly rank (views),,,,0.5
AU,netflix,3 Paid streaming (Netflix AU),TV,2026-04-20,Salish & Jordan Matter,Salish & Jordan Matter: Season 1,7,10,Netflix weekly rank (views),,,,0.4
AU,netflix,3 Paid streaming (Netflix AU),TV,2026-04-20,Big Mistakes,Big Mistakes: Season 1,8,10,Netflix weekly rank (views),,,,0.3
AU,netflix,3 Paid streaming (Netflix AU),TV,2026-04-20,Raw,"Raw: April 20, 2026",9,10,Netflix weekly rank (views),,,,0.2
AU,netflix,3 Paid streaming (Netflix AU),TV,2026-04-20,Hulk Hogan: Real American,Hulk Hogan: Real American: Limited Series,10,10,Netflix weekly rank (views),,,,0.1
AU,netflix,3 Paid streaming (Netflix AU),Films,2026-04-13,Thrash,,1,10,Netflix weekly rank (views),,,,1.0
AU,netflix,3 Paid streaming (Netflix AU),Films,2026-04-13,Twisters,,2,10,Netflix weekly rank (views),,,,0.9
AU,netflix,3 Paid streaming (Netflix AU),Films,2026-04-13,Roommates,,3,10,Netflix weekly rank (views),,,,0.8
AU,netflix,3 Paid streaming (Netflix AU),Films,2026-04-13,Gabby's Dollhouse: The Movie,,4,10,Netflix weekly rank (views),,,,0.7
AU,netflix,3 Paid streaming (Netflix AU),Films,2026-04-13,Reign Over Me,,5,10,Netflix weekly rank (views),,,,0.6
AU,netflix,3 Paid streaming (Netflix AU),Films,2026-04-13,Civil War,,6,10,Netflix weekly rank (views),,,,0.5
AU,netflix,3 Paid streaming (Netflix AU),Films,2026-04-13,Toaster,,7,10,Netflix weekly rank (views),,,,0.4
AU,netflix,3 Paid streaming (Netflix AU),Films,2026-04-13,Sniper 2,,8,10,Netflix weekly rank (views),,,,0.3
AU,netflix,3 Paid streaming (Netflix AU),Films,2026-04-13,KPop Demon Hunters,,9,10,Netflix weekly rank (views),,,,0.2
AU,netflix,3 Paid streaming (Netflix AU),Films,2026-04-13,Land of the Lost,,10,10,Netflix weekly rank (views),,,,0.1
AU,netflix,3 Paid streaming (Netflix AU),TV,2026-04-13,Trust Me: The False Prophet,Trust Me: The False Prophet: Season 1,1,10,Netflix weekly rank (views),,,,1.0
AU,netflix,3 Paid streaming (Netflix AU),TV,2026-04-13,Salish & Jordan Matter,Salish & Jordan Matter: Season 1,2,10,Netflix weekly rank (views),,,,0.9
AU,netflix,3 Paid streaming (Netflix AU),TV,2026-04-13,Big Mistakes,Big Mistakes: Season 1,3,10,Netflix weekly rank (views),,,,0.8
AU,netflix,3 Paid streaming (Netflix AU),TV,2026-04-13,Danny Go!,Danny Go!: Season 1,4,10,Netflix weekly rank (views),,,,0.7
AU,netflix,3 Paid streaming (Netflix AU),TV,2026-04-13,At Home With The Furys,At Home With The Furys: Season 2,5,10,Netflix weekly rank (views),,,,0.6
AU,netflix,3 Paid streaming (Netflix AU),TV,2026-04-13,WWE WrestleMania,WWE WrestleMania: WrestleMania 42 Saturday,6,10,Netflix weekly rank (views),,,,0.5
AU,netflix,3 Paid streaming (Netflix AU),TV,2026-04-13,Love on the Spectrum,Love on the Spectrum: Season 4,7,10,Netflix weekly rank (views),,,,0.4
AU,netflix,3 Paid streaming (Netflix AU),TV,2026-04-13,Trevor Noah: Joy in The Trenches,,8,10,Netflix weekly rank (views),,,,0.3
AU,netflix,3 Paid streaming (Netflix AU),TV,2026-04-13,"XO, Kitty","XO, Kitty: Season 3",9,10,Netflix weekly rank (views),,,,0.2
AU,netflix,3 Paid streaming (Netflix AU),TV,2026-04-13,Raw,"Raw: April 13, 2026",10,10,Netflix weekly rank (views),,,,0.1
AU,netflix,3 Paid streaming (Netflix AU),Films,2026-04-06,Thrash,,1,10,Netflix weekly rank (views),,,,1.0
AU,netflix,3 Paid streaming (Netflix AU),Films,2026-04-06,The Truth and Tragedy of Moriah Wilson,,2,10,Netflix weekly rank (views),,,,0.9
AU,netflix,3 Paid streaming (Netflix AU),Films,2026-04-06,The Contract,,3,10,Netflix weekly rank (views),,,,0.8
AU,netflix,3 Paid streaming (Netflix AU),Films,2026-04-06,Muzzle: City of Wolves,,4,10,Netflix weekly rank (views),,,,0.7
AU,netflix,3 Paid streaming (Netflix AU),Films,2026-04-06,Let Him Go,,5,10,Netflix weekly rank (views),,,,0.6
AU,netflix,3 Paid streaming (Netflix AU),Films,2026-04-06,Trolls World Tour,,6,10,Netflix weekly rank (views),,,,0.5
AU,netflix,3 Paid streaming (Netflix AU),Films,2026-04-06,Untold: The Death & Life of Lamar Odom,,7,10,Netflix weekly rank (views),,,,0.4
AU,netflix,3 Paid streaming (Netflix AU),Films,2026-04-06,KPop Demon Hunters,,8,10,Netflix weekly rank (views),,,,0.3
AU,netflix,3 Paid streaming (Netflix AU),Films,2026-04-06,Land of the Lost,,9,10,Netflix weekly rank (views),,,,0.2
AU,netflix,3 Paid streaming (Netflix AU),Films,2026-04-06,Untold: Chess Mates,,10,10,Netflix weekly rank (views),,,,0.1
AU,netflix,3 Paid streaming (Netflix AU),TV,2026-04-06,Trust Me: The False Prophet,Trust Me: The False Prophet: Season 1,1,10,Netflix weekly rank (views),,,,1.0
AU,netflix,3 Paid streaming (Netflix AU),TV,2026-04-06,Danny Go!,Danny Go!: Season 1,2,10,Netflix weekly rank (views),,,,0.9
AU,netflix,3 Paid streaming (Netflix AU),TV,2026-04-06,Love on the Spectrum,Love on the Spectrum: Season 4,3,10,Netflix weekly rank (views),,,,0.8
AU,netflix,3 Paid streaming (Netflix AU),TV,2026-04-06,"XO, Kitty","XO, Kitty: Season 3",4,10,Netflix weekly rank (views),,,,0.7
AU,netflix,3 Paid streaming (Netflix AU),TV,2026-04-06,Big Mistakes,Big Mistakes: Season 1,5,10,Netflix weekly rank (views),,,,0.6
AU,netflix,3 Paid streaming (Netflix AU),TV,2026-04-06,Salish & Jordan Matter,Salish & Jordan Matter: Season 1,6,10,Netflix weekly rank (views),,,,0.5
AU,netflix,3 Paid streaming (Netflix AU),TV,2026-04-06,Heartbreak High,Heartbreak High: Season 3,7,10,Netflix weekly rank (views),,,,0.4
AU,netflix,3 Paid streaming (Netflix AU),TV,2026-04-06,Something Very Bad Is Going to Happen,Something Very Bad Is Going to Happen: Season 1,8,10,Netflix weekly rank (views),,,,0.3
AU,netflix,3 Paid streaming (Netflix AU),TV,2026-04-06,Bloodhounds,Bloodhounds: Season 2,9,10,Netflix weekly rank (views),,,,0.2
AU,netflix,3 Paid streaming (Netflix AU),TV,2026-04-06,The Predator of Seville,The Predator of Seville: Limited Series,10,10,Netflix weekly rank (views),,,,0.1
AU,netflix,3 Paid streaming (Netflix AU),Films,2026-03-30,Untold: The Death & Life of Lamar Odom,,1,10,Netflix weekly rank (views),,,,1.0
AU,netflix,3 Paid streaming (Netflix AU),Films,2026-03-30,Let Him Go,,2,10,Netflix weekly rank (views),,,,0.9
AU,netflix,3 Paid streaming (Netflix AU),Films,2026-03-30,The Truth and Tragedy of Moriah Wilson,,3,10,Netflix weekly rank (views),,,,0.8
AU,netflix,3 Paid streaming (Netflix AU),Films,2026-03-30,Sniper: The Last Stand,,4,10,Netflix weekly rank (views),,,,0.7
AU,netflix,3 Paid streaming (Netflix AU),Films,2026-03-30,Peaky Blinders: The Immortal Man,,5,10,Netflix weekly rank (views),,,,0.6
AU,netflix,3 Paid streaming (Netflix AU),Films,2026-03-30,Muzzle: City of Wolves,,6,10,Netflix weekly rank (views),,,,0.5
AU,netflix,3 Paid streaming (Netflix AU),Films,2026-03-30,Trolls World Tour,,7,10,Netflix weekly rank (views),,,,0.4
AU,netflix,3 Paid streaming (Netflix AU),Films,2026-03-30,The Contract,,8,10,Netflix weekly rank (views),,,,0.3
AU,netflix,3 Paid streaming (Netflix AU),Films,2026-03-30,War Machine,,9,10,Netflix weekly rank (views),,,,0.2
AU,netflix,3 Paid streaming (Netflix AU),Films,2026-03-30,What Happens in Vegas,,10,10,Netflix weekly rank (views),,,,0.1
AU,netflix,3 Paid streaming (Netflix AU),TV,2026-03-30,"XO, Kitty","XO, Kitty: Season 3",1,10,Netflix weekly rank (views),,,,1.0
AU,netflix,3 Paid streaming (Netflix AU),TV,2026-03-30,Heartbreak High,Heartbreak High: Season 3,2,10,Netflix weekly rank (views),,,,0.9
AU,netflix,3 Paid streaming (Netflix AU),TV,2026-03-30,The Predator of Seville,The Predator of Seville: Limited Series,3,10,Netflix weekly rank (views),,,,0.8
AU,netflix,3 Paid streaming (Netflix AU),TV,2026-03-30,Love on the Spectrum,Love on the Spectrum: Season 4,4,10,Netflix weekly rank (views),,,,0.7
AU,netflix,3 Paid streaming (Netflix AU),TV,2026-03-30,Aaron Chen: Funny Garden,,5,10,Netflix weekly rank (views),,,,0.6
AU,netflix,3 Paid streaming (Netflix AU),TV,2026-03-30,Something Very Bad Is Going to Happen,Something Very Bad Is Going to Happen: Season 1,6,10,Netflix weekly rank (views),,,,0.5
AU,netflix,3 Paid streaming (Netflix AU),TV,2026-03-30,Homicide,Homicide: New York: Season 2,7,10,Netflix weekly rank (views),,,,0.4
AU,netflix,3 Paid streaming (Netflix AU),TV,2026-03-30,Detective Hole,Detective Hole: Season 1,8,10,Netflix weekly rank (views),,,,0.3
AU,netflix,3 Paid streaming (Netflix AU),TV,2026-03-30,Murder in a Small Town,Murder in a Small Town: Season 1,9,10,Netflix weekly rank (views),,,,0.2
AU,netflix,3 Paid streaming (Netflix AU),TV,2026-03-30,Virgin River,Virgin River: Season 7,10,10,Netflix weekly rank (views),,,,0.1
AU,netflix,3 Paid streaming (Netflix AU),Films,2026-03-23,Peaky Blinders: The Immortal Man,,1,10,Netflix weekly rank (views),,,,1.0
AU,netflix,3 Paid streaming (Netflix AU),Films,2026-03-23,Nobody 2,,2,10,Netflix weekly rank (views),,,,0.9
AU,netflix,3 Paid streaming (Netflix AU),Films,2026-03-23,Louis Theroux: Inside the Manosphere,,3,10,Netflix weekly rank (views),,,,0.8
AU,netflix,3 Paid streaming (Netflix AU),Films,2026-03-23,War Machine,,4,10,Netflix weekly rank (views),,,,0.7
AU,netflix,3 Paid streaming (Netflix AU),Films,2026-03-23,Downhill,,5,10,Netflix weekly rank (views),,,,0.6
AU,netflix,3 Paid streaming (Netflix AU),Films,2026-03-23,"The Rise of the Red Hot Chili Peppers: Our Brother, Hillel",,6,10,Netflix weekly rank (views),,,,0.5
AU,netflix,3 Paid streaming (Netflix AU),Films,2026-03-23,What Happens in Vegas,,7,10,Netflix weekly rank (views),,,,0.4
AU,netflix,3 Paid streaming (Netflix AU),Films,2026-03-23,KPop Demon Hunters,,8,10,Netflix weekly rank (views),,,,0.3
AU,netflix,3 Paid streaming (Netflix AU),Films,2026-03-23,Mardaani 3,,9,10,Netflix weekly rank (views),,,,0.2
AU,netflix,3 Paid streaming (Netflix AU),Films,2026-03-23,Just Like Heaven,,10,10,Netflix weekly rank (views),,,,0.1
AU,netflix,3 Paid streaming (Netflix AU),TV,2026-03-23,Heartbreak High,Heartbreak High: Season 3,1,10,Netflix weekly rank (views),,,,1.0
AU,netflix,3 Paid streaming (Netflix AU),TV,2026-03-23,Murder in a Small Town,Murder in a Small Town: Season 1,2,10,Netflix weekly rank (views),,,,0.9
AU,netflix,3 Paid streaming (Netflix AU),TV,2026-03-23,Virgin River,Virgin River: Season 7,3,10,Netflix weekly rank (views),,,,0.8
AU,netflix,3 Paid streaming (Netflix AU),TV,2026-03-23,Homicide,Homicide: New York: Season 2,4,10,Netflix weekly rank (views),,,,0.7
AU,netflix,3 Paid streaming (Netflix AU),TV,2026-03-23,ONE PIECE,ONE PIECE: Season 2,5,10,Netflix weekly rank (views),,,,0.6
AU,netflix,3 Paid streaming (Netflix AU),TV,2026-03-23,Inside,Inside: Season 3,6,10,Netflix weekly rank (views),,,,0.5
AU,netflix,3 Paid streaming (Netflix AU),TV,2026-03-23,Something Very Bad Is Going to Happen,Something Very Bad Is Going to Happen: Season 1,7,10,Netflix weekly rank (views),,,,0.4
AU,netflix,3 Paid streaming (Netflix AU),TV,2026-03-23,Mark Rober's CrunchLabs,Mark Rober's CrunchLabs: Season 3,8,10,Netflix weekly rank (views),,,,0.3
AU,netflix,3 Paid streaming (Netflix AU),TV,2026-03-23,Bridgerton,Bridgerton: Season 4,9,10,Netflix weekly rank (views),,,,0.2
AU,netflix,3 Paid streaming (Netflix AU),TV,2026-03-23,Dynasty: The Murdochs,Dynasty: The Murdochs: Season 1,10,10,Netflix weekly rank (views),,,,0.1
AU,netflix,3 Paid streaming (Netflix AU),Films,2026-03-16,Nobody 2,,1,10,Netflix weekly rank (views),,,,1.0
AU,netflix,3 Paid streaming (Netflix AU),Films,2026-03-16,Louis Theroux: Inside the Manosphere,,2,10,Netflix weekly rank (views),,,,0.9
AU,netflix,3 Paid streaming (Netflix AU),Films,2026-03-16,Peaky Blinders: The Immortal Man,,3,10,Netflix weekly rank (views),,,,0.8
AU,netflix,3 Paid streaming (Netflix AU),Films,2026-03-16,War Machine,,4,10,Netflix weekly rank (views),,,,0.7
AU,netflix,3 Paid streaming (Netflix AU),Films,2026-03-16,Shark Tale,,5,10,Netflix weekly rank (views),,,,0.6
AU,netflix,3 Paid streaming (Netflix AU),Films,2026-03-16,Just Like Heaven,,6,10,Netflix weekly rank (views),,,,0.5
AU,netflix,3 Paid streaming (Netflix AU),Films,2026-03-16,Failure to Launch,,7,10,Netflix weekly rank (views),,,,0.4
AU,netflix,3 Paid streaming (Netflix AU),Films,2026-03-16,27 Dresses,,8,10,Netflix weekly rank (views),,,,0.3
AU,netflix,3 Paid streaming (Netflix AU),Films,2026-03-16,Downhill,,9,10,Netflix weekly rank (views),,,,0.2
AU,netflix,3 Paid streaming (Netflix AU),Films,2026-03-16,KPop Demon Hunters,,10,10,Netflix weekly rank (views),,,,0.1
AU,netflix,3 Paid streaming (Netflix AU),TV,2026-03-16,Virgin River,Virgin River: Season 7,1,10,Netflix weekly rank (views),,,,1.0
AU,netflix,3 Paid streaming (Netflix AU),TV,2026-03-16,ONE PIECE,ONE PIECE: Season 2,2,10,Netflix weekly rank (views),,,,0.9
AU,netflix,3 Paid streaming (Netflix AU),TV,2026-03-16,Dynasty: The Murdochs,Dynasty: The Murdochs: Season 1,3,10,Netflix weekly rank (views),,,,0.8
AU,netflix,3 Paid streaming (Netflix AU),TV,2026-03-16,Mark Rober's CrunchLabs,Mark Rober's CrunchLabs: Season 3,4,10,Netflix weekly rank (views),,,,0.7
AU,netflix,3 Paid streaming (Netflix AU),TV,2026-03-16,BTS THE COMEBACK LIVE | ARIRANG,,5,10,Netflix weekly rank (views),,,,0.6
AU,netflix,3 Paid streaming (Netflix AU),TV,2026-03-16,The Dinosaurs,The Dinosaurs: Season 1,6,10,Netflix weekly rank (views),,,,0.5
AU,netflix,3 Paid streaming (Netflix AU),TV,2026-03-16,Bridgerton,Bridgerton: Season 4,7,10,Netflix weekly rank (views),,,,0.4
AU,netflix,3 Paid streaming (Netflix AU),TV,2026-03-16,Heartland,Heartland: Season 19,8,10,Netflix weekly rank (views),,,,0.3
AU,netflix,3 Paid streaming (Netflix AU),TV,2026-03-16,Age of Attraction,Age of Attraction: Season 1,9,10,Netflix weekly rank (views),,,,0.2
AU,netflix,3 Paid streaming (Netflix AU),TV,2026-03-16,Raw,"Raw: March 16, 2026",10,10,Netflix weekly rank (views),,,,0.1
AU,netflix,3 Paid streaming (Netflix AU),Films,2026-03-09,War Machine,,1,10,Netflix weekly rank (views),,,,1.0
AU,netflix,3 Paid streaming (Netflix AU),Films,2026-03-09,Louis Theroux: Inside the Manosphere,,2,10,Netflix weekly rank (views),,,,0.9
AU,netflix,3 Paid streaming (Netflix AU),Films,2026-03-09,Shark Tale,,3,10,Netflix weekly rank (views),,,,0.8
AU,netflix,3 Paid streaming (Netflix AU),Films,2026-03-09,Barnyard,,4,10,Netflix weekly rank (views),,,,0.7
AU,netflix,3 Paid streaming (Netflix AU),Films,2026-03-09,The Boss Baby,,5,10,Netflix weekly rank (views),,,,0.6
AU,netflix,3 Paid streaming (Netflix AU),Films,2026-03-09,KPop Demon Hunters,,6,10,Netflix weekly rank (views),,,,0.5
AU,netflix,3 Paid streaming (Netflix AU),Films,2026-03-09,Anyone But You,,7,10,Netflix weekly rank (views),,,,0.4
AU,netflix,3 Paid streaming (Netflix AU),Films,2026-03-09,Failure to Launch,,8,10,Netflix weekly rank (views),,,,0.3
AU,netflix,3 Paid streaming (Netflix AU),Films,2026-03-09,27 Dresses,,9,10,Netflix weekly rank (views),,,,0.2
AU,netflix,3 Paid streaming (Netflix AU),Films,2026-03-09,Jurassic World Rebirth,,10,10,Netflix weekly rank (views),,,,0.1
AU,netflix,3 Paid streaming (Netflix AU),TV,2026-03-09,The Dinosaurs,The Dinosaurs: Season 1,1,10,Netflix weekly rank (views),,,,1.0
AU,netflix,3 Paid streaming (Netflix AU),TV,2026-03-09,ONE PIECE,ONE PIECE: Season 2,2,10,Netflix weekly rank (views),,,,0.9
AU,netflix,3 Paid streaming (Netflix AU),TV,2026-03-09,Virgin River,Virgin River: Season 7,3,10,Netflix weekly rank (views),,,,0.8
AU,netflix,3 Paid streaming (Netflix AU),TV,2026-03-09,Bridgerton,Bridgerton: Season 4,4,10,Netflix weekly rank (views),,,,0.7
AU,netflix,3 Paid streaming (Netflix AU),TV,2026-03-09,Vladimir,Vladimir: Limited Series,5,10,Netflix weekly rank (views),,,,0.6
AU,netflix,3 Paid streaming (Netflix AU),TV,2026-03-09,The Reunion,,6,10,Netflix weekly rank (views),,,,0.5
AU,netflix,3 Paid streaming (Netflix AU),TV,2026-03-09,"A Friend, a Murderer","A Friend, a Murderer: Limited Series",7,10,Netflix weekly rank (views),,,,0.4
AU,netflix,3 Paid streaming (Netflix AU),TV,2026-03-09,The Night Agent,The Night Agent: Season 3,8,10,Netflix weekly rank (views),,,,0.3
AU,netflix,3 Paid streaming (Netflix AU),TV,2026-03-09,The TikTok Killer,The TikTok Killer: Limited Series,9,10,Netflix weekly rank (views),,,,0.2
AU,netflix,3 Paid streaming (Netflix AU),TV,2026-03-09,Dynasty: The Murdochs,Dynasty: The Murdochs: Season 1,10,10,Netflix weekly rank (views),,,,0.1
AU,netflix,3 Paid streaming (Netflix AU),Films,2026-03-02,War Machine,,1,10,Netflix weekly rank (views),,,,1.0
AU,netflix,3 Paid streaming (Netflix AU),Films,2026-03-02,Beast of War,,2,10,Netflix weekly rank (views),,,,0.9
AU,netflix,3 Paid streaming (Netflix AU),Films,2026-03-02,Shell,,3,10,Netflix weekly rank (views),,,,0.8
AU,netflix,3 Paid streaming (Netflix AU),Films,2026-03-02,Anyone But You,,4,10,Netflix weekly rank (views),,,,0.7
AU,netflix,3 Paid streaming (Netflix AU),Films,2026-03-02,The Boss Baby,,5,10,Netflix weekly rank (views),,,,0.6
AU,netflix,3 Paid streaming (Netflix AU),Films,2026-03-02,Accused,,6,10,Netflix weekly rank (views),,,,0.5
AU,netflix,3 Paid streaming (Netflix AU),Films,2026-03-02,Sniper: Ghost Shooter,,7,10,Netflix weekly rank (views),,,,0.4
AU,netflix,3 Paid streaming (Netflix AU),Films,2026-03-02,Jurassic World Rebirth,,8,10,Netflix weekly rank (views),,,,0.3
AU,netflix,3 Paid streaming (Netflix AU),Films,2026-03-02,Don't Tell,,9,10,Netflix weekly rank (views),,,,0.2
AU,netflix,3 Paid streaming (Netflix AU),Films,2026-03-02,KPop Demon Hunters,,10,10,Netflix weekly rank (views),,,,0.1
AU,netflix,3 Paid streaming (Netflix AU),TV,2026-03-02,Bridgerton,Bridgerton: Season 4,1,10,Netflix weekly rank (views),,,,1.0
AU,netflix,3 Paid streaming (Netflix AU),TV,2026-03-02,The Dinosaurs,The Dinosaurs: Season 1,2,10,Netflix weekly rank (views),,,,0.9
AU,netflix,3 Paid streaming (Netflix AU),TV,2026-03-02,Formula 1: Drive to Survive,Formula 1: Drive to Survive: Season 8,3,10,Netflix weekly rank (views),,,,0.8
AU,netflix,3 Paid streaming (Netflix AU),TV,2026-03-02,Resident Alien,Resident Alien: Season 1,4,10,Netflix weekly rank (views),,,,0.7
AU,netflix,3 Paid streaming (Netflix AU),TV,2026-03-02,The Night Agent,The Night Agent: Season 3,5,10,Netflix weekly rank (views),,,,0.6
AU,netflix,3 Paid streaming (Netflix AU),TV,2026-03-02,Vladimir,Vladimir: Limited Series,6,10,Netflix weekly rank (views),,,,0.5
AU,netflix,3 Paid streaming (Netflix AU),TV,2026-03-02,Person of Interest,Person of Interest: Season 1,7,10,Netflix weekly rank (views),,,,0.4
AU,netflix,3 Paid streaming (Netflix AU),TV,2026-03-02,"A Friend, a Murderer","A Friend, a Murderer: Limited Series",8,10,Netflix weekly rank (views),,,,0.3
AU,netflix,3 Paid streaming (Netflix AU),TV,2026-03-02,Shrill,Shrill: Season 1,9,10,Netflix weekly rank (views),,,,0.2
AU,netflix,3 Paid streaming (Netflix AU),TV,2026-03-02,Gabby's Dollhouse,Gabby's Dollhouse: Season 13,10,10,Netflix weekly rank (views),,,,0.1
AU,netflix,3 Paid streaming (Netflix AU),Films,2026-02-23,Anyone But You,,1,10,Netflix weekly rank (views),,,,1.0
AU,netflix,3 Paid streaming (Netflix AU),Films,2026-02-23,Texas Rangers,,2,10,Netflix weekly rank (views),,,,0.9
AU,netflix,3 Paid streaming (Netflix AU),Films,2026-02-23,Primitive War,,3,10,Netflix weekly rank (views),,,,0.8
AU,netflix,3 Paid streaming (Netflix AU),Films,2026-02-23,Firebreak,,4,10,Netflix weekly rank (views),,,,0.7
AU,netflix,3 Paid streaming (Netflix AU),Films,2026-02-23,Killing Faith,,5,10,Netflix weekly rank (views),,,,0.6
AU,netflix,3 Paid streaming (Netflix AU),Films,2026-02-23,Jurassic World Rebirth,,6,10,Netflix weekly rank (views),,,,0.5
AU,netflix,3 Paid streaming (Netflix AU),Films,2026-02-23,Kung Fu Panda 3,,7,10,Netflix weekly rank (views),,,,0.4
AU,netflix,3 Paid streaming (Netflix AU),Films,2026-02-23,KPop Demon Hunters,,8,10,Netflix weekly rank (views),,,,0.3
AU,netflix,3 Paid streaming (Netflix AU),Films,2026-02-23,Accused,,9,10,Netflix weekly rank (views),,,,0.2
AU,netflix,3 Paid streaming (Netflix AU),Films,2026-02-23,Sniper: Assassin's End,,10,10,Netflix weekly rank (views),,,,0.1
AU,netflix,3 Paid streaming (Netflix AU),TV,2026-02-23,Bridgerton,Bridgerton: Season 4,1,10,Netflix weekly rank (views),,,,1.0
AU,netflix,3 Paid streaming (Netflix AU),TV,2026-02-23,The Night Agent,The Night Agent: Season 3,2,10,Netflix weekly rank (views),,,,0.9
AU,netflix,3 Paid streaming (Netflix AU),TV,2026-02-23,Reality Check: Inside America's Next Top Model,Reality Check: Inside America's Next Top Model: Season 1,3,10,Netflix weekly rank (views),,,,0.8
AU,netflix,3 Paid streaming (Netflix AU),TV,2026-02-23,Shrill,Shrill: Season 1,4,10,Netflix weekly rank (views),,,,0.7
AU,netflix,3 Paid streaming (Netflix AU),TV,2026-02-23,Being Gordon Ramsay,Being Gordon Ramsay: Season 1,5,10,Netflix weekly rank (views),,,,0.6
AU,netflix,3 Paid streaming (Netflix AU),TV,2026-02-23,Formula 1: Drive to Survive,Formula 1: Drive to Survive: Season 8,6,10,Netflix weekly rank (views),,,,0.5
AU,netflix,3 Paid streaming (Netflix AU),TV,2026-02-23,The Middle,The Middle: Season 1,7,10,Netflix weekly rank (views),,,,0.4
AU,netflix,3 Paid streaming (Netflix AU),TV,2026-02-23,Famous Last Words: Eric Dane,,8,10,Netflix weekly rank (views),,,,0.3
AU,netflix,3 Paid streaming (Netflix AU),TV,2026-02-23,The Lincoln Lawyer,The Lincoln Lawyer: Season 4,9,10,Netflix weekly rank (views),,,,0.2
AU,netflix,3 Paid streaming (Netflix AU),TV,2026-02-23,WWE Elimination Chamber,WWE Elimination Chamber: Elimination Chamber 2026,10,10,Netflix weekly rank (views),,,,0.1
AU,netflix,3 Paid streaming (Netflix AU),Films,2026-02-16,Anyone But You,,1,10,Netflix weekly rank (views),,,,1.0
AU,netflix,3 Paid streaming (Netflix AU),Films,2026-02-16,Prometheus,,2,10,Netflix weekly rank (views),,,,0.9
AU,netflix,3 Paid streaming (Netflix AU),Films,2026-02-16,Jurassic World Rebirth,,3,10,Netflix weekly rank (views),,,,0.8
AU,netflix,3 Paid streaming (Netflix AU),Films,2026-02-16,Killing Faith,,4,10,Netflix weekly rank (views),,,,0.7
AU,netflix,3 Paid streaming (Netflix AU),Films,2026-02-16,Rumble,,5,10,Netflix weekly rank (views),,,,0.6
AU,netflix,3 Paid streaming (Netflix AU),Films,2026-02-16,Sniper: Assassin's End,,6,10,Netflix weekly rank (views),,,,0.5
AU,netflix,3 Paid streaming (Netflix AU),Films,2026-02-16,A Quiet Place: Day One,,7,10,Netflix weekly rank (views),,,,0.4
AU,netflix,3 Paid streaming (Netflix AU),Films,2026-02-16,Texas Rangers,,8,10,Netflix weekly rank (views),,,,0.3
AU,netflix,3 Paid streaming (Netflix AU),Films,2026-02-16,Joe’s College Road Trip,,9,10,Netflix weekly rank (views),,,,0.2
AU,netflix,3 Paid streaming (Netflix AU),Films,2026-02-16,KPop Demon Hunters,,10,10,Netflix weekly rank (views),,,,0.1
AU,netflix,3 Paid streaming (Netflix AU),TV,2026-02-16,Reality Check: Inside America's Next Top Model,Reality Check: Inside America's Next Top Model: Season 1,1,10,Netflix weekly rank (views),,,,1.0
AU,netflix,3 Paid streaming (Netflix AU),TV,2026-02-16,Bridgerton,Bridgerton: Season 4,2,10,Netflix weekly rank (views),,,,0.9
AU,netflix,3 Paid streaming (Netflix AU),TV,2026-02-16,The Night Agent,The Night Agent: Season 3,3,10,Netflix weekly rank (views),,,,0.8
AU,netflix,3 Paid streaming (Netflix AU),TV,2026-02-16,The Lincoln Lawyer,The Lincoln Lawyer: Season 4,4,10,Netflix weekly rank (views),,,,0.7
AU,netflix,3 Paid streaming (Netflix AU),TV,2026-02-16,Being Gordon Ramsay,Being Gordon Ramsay: Season 1,5,10,Netflix weekly rank (views),,,,0.6
AU,netflix,3 Paid streaming (Netflix AU),TV,2026-02-16,How To Get To Heaven From Belfast,How To Get To Heaven From Belfast: Season 1,6,10,Netflix weekly rank (views),,,,0.5
AU,netflix,3 Paid streaming (Netflix AU),TV,2026-02-16,The Middle,The Middle: Season 1,7,10,Netflix weekly rank (views),,,,0.4
AU,netflix,3 Paid streaming (Netflix AU),TV,2026-02-16,Jeffrey Epstein: Filthy Rich,Jeffrey Epstein: Filthy Rich: Limited Series,8,10,Netflix weekly rank (views),,,,0.3
AU,netflix,3 Paid streaming (Netflix AU),TV,2026-02-16,The Art of Sarah,The Art of Sarah: Limited Series,9,10,Netflix weekly rank (views),,,,0.2
AU,netflix,3 Paid streaming (Netflix AU),TV,2026-02-16,Unfamiliar,Unfamiliar: Season 1,10,10,Netflix weekly rank (views),,,,0.1
AU,netflix,3 Paid streaming (Netflix AU),Films,2026-02-09,Jurassic World Rebirth,,1,10,Netflix weekly rank (views),,,,1.0
AU,netflix,3 Paid streaming (Netflix AU),Films,2026-02-09,The Investigation of Lucy Letby,,2,10,Netflix weekly rank (views),,,,0.9
AU,netflix,3 Paid streaming (Netflix AU),Films,2026-02-09,Rumble,,3,10,Netflix weekly rank (views),,,,0.8
AU,netflix,3 Paid streaming (Netflix AU),Films,2026-02-09,How to Train Your Dragon,,4,10,Netflix weekly rank (views),,,,0.7
AU,netflix,3 Paid streaming (Netflix AU),Films,2026-02-09,The Convert,,5,10,Netflix weekly rank (views),,,,0.6
AU,netflix,3 Paid streaming (Netflix AU),Films,2026-02-09,The Rip,,6,10,Netflix weekly rank (views),,,,0.5
AU,netflix,3 Paid streaming (Netflix AU),Films,2026-02-09,A Quiet Place: Day One,,7,10,Netflix weekly rank (views),,,,0.4
AU,netflix,3 Paid streaming (Netflix AU),Films,2026-02-09,Deeper,,8,10,Netflix weekly rank (views),,,,0.3
AU,netflix,3 Paid streaming (Netflix AU),Films,2026-02-09,KPop Demon Hunters,,9,10,Netflix weekly rank (views),,,,0.2
AU,netflix,3 Paid streaming (Netflix AU),Films,2026-02-09,Joe’s College Road Trip,,10,10,Netflix weekly rank (views),,,,0.1
AU,netflix,3 Paid streaming (Netflix AU),TV,2026-02-09,The Lincoln Lawyer,The Lincoln Lawyer: Season 4,1,10,Netflix weekly rank (views),,,,1.0
AU,netflix,3 Paid streaming (Netflix AU),TV,2026-02-09,Bridgerton,Bridgerton: Season 4,2,10,Netflix weekly rank (views),,,,0.9
AU,netflix,3 Paid streaming (Netflix AU),TV,2026-02-09,Unfamiliar,Unfamiliar: Season 1,3,10,Netflix weekly rank (views),,,,0.8
AU,netflix,3 Paid streaming (Netflix AU),TV,2026-02-09,Jeffrey Epstein: Filthy Rich,Jeffrey Epstein: Filthy Rich: Limited Series,4,10,Netflix weekly rank (views),,,,0.7
AU,netflix,3 Paid streaming (Netflix AU),TV,2026-02-09,HIS & HERS,HIS & HERS: Limited Series,5,10,Netflix weekly rank (views),,,,0.6
AU,netflix,3 Paid streaming (Netflix AU),TV,2026-02-09,The Creature Cases,The Creature Cases: Chapter 7,6,10,Netflix weekly rank (views),,,,0.5
AU,netflix,3 Paid streaming (Netflix AU),TV,2026-02-09,Katt Williams: The Last Report,,7,10,Netflix weekly rank (views),,,,0.4
AU,netflix,3 Paid streaming (Netflix AU),TV,2026-02-09,How To Get To Heaven From Belfast,How To Get To Heaven From Belfast: Season 1,8,10,Netflix weekly rank (views),,,,0.3
AU,netflix,3 Paid streaming (Netflix AU),TV,2026-02-09,Raw,"Raw: February 9, 2026",9,10,Netflix weekly rank (views),,,,0.2
AU,netflix,3 Paid streaming (Netflix AU),TV,2026-02-09,Lead Children,Lead Children: Limited Series,10,10,Netflix weekly rank (views),,,,0.1
AU,netflix,3 Paid streaming (Netflix AU),Films,2026-02-02,The Investigation of Lucy Letby,,1,10,Netflix weekly rank (views),,,,1.0
AU,netflix,3 Paid streaming (Netflix AU),Films,2026-02-02,How to Train Your Dragon,,2,10,Netflix weekly rank (views),,,,0.9
AU,netflix,3 Paid streaming (Netflix AU),Films,2026-02-02,Jurassic World Rebirth,,3,10,Netflix weekly rank (views),,,,0.8
AU,netflix,3 Paid streaming (Netflix AU),Films,2026-02-02,M3GAN 2.0,,4,10,Netflix weekly rank (views),,,,0.7
AU,netflix,3 Paid streaming (Netflix AU),Films,2026-02-02,The Friend,,5,10,Netflix weekly rank (views),,,,0.6
AU,netflix,3 Paid streaming (Netflix AU),Films,2026-02-02,Sweet Home Alabama,,6,10,Netflix weekly rank (views),,,,0.5
AU,netflix,3 Paid streaming (Netflix AU),Films,2026-02-02,The Rip,,7,10,Netflix weekly rank (views),,,,0.4
AU,netflix,3 Paid streaming (Netflix AU),Films,2026-02-02,Dhurandhar,,8,10,Netflix weekly rank (views),,,,0.3
AU,netflix,3 Paid streaming (Netflix AU),Films,2026-02-02,The Convert,,9,10,Netflix weekly rank (views),,,,0.2
AU,netflix,3 Paid streaming (Netflix AU),Films,2026-02-02,KPop Demon Hunters,,10,10,Netflix weekly rank (views),,,,0.1
AU,netflix,3 Paid streaming (Netflix AU),TV,2026-02-02,Bridgerton,Bridgerton: Season 4,1,10,Netflix weekly rank (views),,,,1.0
AU,netflix,3 Paid streaming (Netflix AU),TV,2026-02-02,The Lincoln Lawyer,The Lincoln Lawyer: Season 4,2,10,Netflix weekly rank (views),,,,0.9
AU,netflix,3 Paid streaming (Netflix AU),TV,2026-02-02,HIS & HERS,HIS & HERS: Limited Series,3,10,Netflix weekly rank (views),,,,0.8
AU,netflix,3 Paid streaming (Netflix AU),TV,2026-02-02,Is It Cake? Valentines,Is It Cake? Valentines: Season 1,4,10,Netflix weekly rank (views),,,,0.7
AU,netflix,3 Paid streaming (Netflix AU),TV,2026-02-02,Ghosts,Ghosts: Season 3,5,10,Netflix weekly rank (views),,,,0.6
AU,netflix,3 Paid streaming (Netflix AU),TV,2026-02-02,Unfamiliar,Unfamiliar: Season 1,6,10,Netflix weekly rank (views),,,,0.5
AU,netflix,3 Paid streaming (Netflix AU),TV,2026-02-02,Free Bert,Free Bert: Season 1,7,10,Netflix weekly rank (views),,,,0.4
AU,netflix,3 Paid streaming (Netflix AU),TV,2026-02-02,Bridgerton,Bridgerton: Season 1,8,10,Netflix weekly rank (views),,,,0.3
AU,netflix,3 Paid streaming (Netflix AU),TV,2026-02-02,Raw,"Raw: February 2, 2026",9,10,Netflix weekly rank (views),,,,0.2
AU,netflix,3 Paid streaming (Netflix AU),TV,2026-02-02,Bridgerton,Bridgerton: Season 3,10,10,Netflix weekly rank (views),,,,0.1
AU,netflix,3 Paid streaming (Netflix AU),Films,2026-01-26,Kidnapped: Elizabeth Smart,,1,10,Netflix weekly rank (views),,,,1.0
AU,netflix,3 Paid streaming (Netflix AU),Films,2026-01-26,The Rip,,2,10,Netflix weekly rank (views),,,,0.9
AU,netflix,3 Paid streaming (Netflix AU),Films,2026-01-26,Awake,,3,10,Netflix weekly rank (views),,,,0.8
AU,netflix,3 Paid streaming (Netflix AU),Films,2026-01-26,KPop Demon Hunters,,4,10,Netflix weekly rank (views),,,,0.7
AU,netflix,3 Paid streaming (Netflix AU),Films,2026-01-26,People We Meet on Vacation,,5,10,Netflix weekly rank (views),,,,0.6
AU,netflix,3 Paid streaming (Netflix AU),Films,2026-01-26,How to Train Your Dragon,,6,10,Netflix weekly rank (views),,,,0.5
AU,netflix,3 Paid streaming (Netflix AU),Films,2026-01-26,Dhurandhar,,7,10,Netflix weekly rank (views),,,,0.4
AU,netflix,3 Paid streaming (Netflix AU),Films,2026-01-26,Kangaroo Island,,8,10,Netflix weekly rank (views),,,,0.3
AU,netflix,3 Paid streaming (Netflix AU),Films,2026-01-26,Paw Patrol: The Movie,,9,10,Netflix weekly rank (views),,,,0.2
AU,netflix,3 Paid streaming (Netflix AU),Films,2026-01-26,The Big Fake,,10,10,Netflix weekly rank (views),,,,0.1
AU,netflix,3 Paid streaming (Netflix AU),TV,2026-01-26,Bridgerton,Bridgerton: Season 4,1,10,Netflix weekly rank (views),,,,1.0
AU,netflix,3 Paid streaming (Netflix AU),TV,2026-01-26,HIS & HERS,HIS & HERS: Limited Series,2,10,Netflix weekly rank (views),,,,0.9
AU,netflix,3 Paid streaming (Netflix AU),TV,2026-01-26,Free Bert,Free Bert: Season 1,3,10,Netflix weekly rank (views),,,,0.8
AU,netflix,3 Paid streaming (Netflix AU),TV,2026-01-26,Skyscraper Live,,4,10,Netflix weekly rank (views),,,,0.7
AU,netflix,3 Paid streaming (Netflix AU),TV,2026-01-26,Finding Her Edge,Finding Her Edge: Season 1,5,10,Netflix weekly rank (views),,,,0.6
AU,netflix,3 Paid streaming (Netflix AU),TV,2026-01-26,Agatha Christie's Seven Dials,Agatha Christie's Seven Dials: Season 1,6,10,Netflix weekly rank (views),,,,0.5
AU,netflix,3 Paid streaming (Netflix AU),TV,2026-01-26,Royal Rumble,Royal Rumble 2026,7,10,Netflix weekly rank (views),,,,0.4
AU,netflix,3 Paid streaming (Netflix AU),TV,2026-01-26,Run Away,Run Away: Limited Series,8,10,Netflix weekly rank (views),,,,0.3
AU,netflix,3 Paid streaming (Netflix AU),TV,2026-01-26,Take That,Take That: Limited Series,9,10,Netflix weekly rank (views),,,,0.2
AU,netflix,3 Paid streaming (Netflix AU),TV,2026-01-26,Single’s Inferno,Single’s Inferno: Season 5,10,10,Netflix weekly rank (views),,,,0.1
AU,netflix,3 Paid streaming (Netflix AU),Films,2026-01-19,The Rip,,1,10,Netflix weekly rank (views),,,,1.0
AU,netflix,3 Paid streaming (Netflix AU),Films,2026-01-19,Kidnapped: Elizabeth Smart,,2,10,Netflix weekly rank (views),,,,0.9
AU,netflix,3 Paid streaming (Netflix AU),Films,2026-01-19,Kangaroo Island,,3,10,Netflix weekly rank (views),,,,0.8
AU,netflix,3 Paid streaming (Netflix AU),Films,2026-01-19,People We Meet on Vacation,,4,10,Netflix weekly rank (views),,,,0.7
AU,netflix,3 Paid streaming (Netflix AU),Films,2026-01-19,KPop Demon Hunters,,5,10,Netflix weekly rank (views),,,,0.6
AU,netflix,3 Paid streaming (Netflix AU),Films,2026-01-19,Dodgeball: A True Underdog Story,,6,10,Netflix weekly rank (views),,,,0.5
AU,netflix,3 Paid streaming (Netflix AU),Films,2026-01-19,A Royal Winter,,7,10,Netflix weekly rank (views),,,,0.4
AU,netflix,3 Paid streaming (Netflix AU),Films,2026-01-19,Undisputed,,8,10,Netflix weekly rank (views),,,,0.3
AU,netflix,3 Paid streaming (Netflix AU),Films,2026-01-19,Paw Patrol: The Movie,,9,10,Netflix weekly rank (views),,,,0.2
AU,netflix,3 Paid streaming (Netflix AU),Films,2026-01-19,Tere Ishk Mein,,10,10,Netflix weekly rank (views),,,,0.1
AU,netflix,3 Paid streaming (Netflix AU),TV,2026-01-19,HIS & HERS,HIS & HERS: Limited Series,1,10,Netflix weekly rank (views),,,,1.0
AU,netflix,3 Paid streaming (Netflix AU),TV,2026-01-19,Agatha Christie's Seven Dials,Agatha Christie's Seven Dials: Season 1,2,10,Netflix weekly rank (views),,,,0.9
AU,netflix,3 Paid streaming (Netflix AU),TV,2026-01-19,Free Bert,Free Bert: Season 1,3,10,Netflix weekly rank (views),,,,0.8
AU,netflix,3 Paid streaming (Netflix AU),TV,2026-01-19,Run Away,Run Away: Limited Series,4,10,Netflix weekly rank (views),,,,0.7
AU,netflix,3 Paid streaming (Netflix AU),TV,2026-01-19,Finding Her Edge,Finding Her Edge: Season 1,5,10,Netflix weekly rank (views),,,,0.6
AU,netflix,3 Paid streaming (Netflix AU),TV,2026-01-19,Skyscraper Live,,6,10,Netflix weekly rank (views),,,,0.5
AU,netflix,3 Paid streaming (Netflix AU),TV,2026-01-19,Sheriff Labrador,Sheriff Labrador: Season 1,7,10,Netflix weekly rank (views),,,,0.4
AU,netflix,3 Paid streaming (Netflix AU),TV,2026-01-19,Stranger Things,Stranger Things 5,8,10,Netflix weekly rank (views),,,,0.3
AU,netflix,3 Paid streaming (Netflix AU),TV,2026-01-19,Taskaree: The Smuggler's Web,Taskaree: The Smuggler's Web: Season 1,9,10,Netflix weekly rank (views),,,,0.2
AU,netflix,3 Paid streaming (Netflix AU),TV,2026-01-19,Single’s Inferno,Single’s Inferno: Season 5,10,10,Netflix weekly rank (views),,,,0.1
AU,netflix,3 Paid streaming (Netflix AU),Films,2026-01-12,The Rip,,1,10,Netflix weekly rank (views),,,,1.0
AU,netflix,3 Paid streaming (Netflix AU),Films,2026-01-12,People We Meet on Vacation,,2,10,Netflix weekly rank (views),,,,0.9
AU,netflix,3 Paid streaming (Netflix AU),Films,2026-01-12,Kangaroo Island,,3,10,Netflix weekly rank (views),,,,0.8
AU,netflix,3 Paid streaming (Netflix AU),Films,2026-01-12,Red Sonja,,4,10,Netflix weekly rank (views),,,,0.7
AU,netflix,3 Paid streaming (Netflix AU),Films,2026-01-12,One Last Adventure: The Making of Stranger Things 5,,5,10,Netflix weekly rank (views),,,,0.6
AU,netflix,3 Paid streaming (Netflix AU),Films,2026-01-12,Everybody's Fine,,6,10,Netflix weekly rank (views),,,,0.5
AU,netflix,3 Paid streaming (Netflix AU),Films,2026-01-12,KPop Demon Hunters,,7,10,Netflix weekly rank (views),,,,0.4
AU,netflix,3 Paid streaming (Netflix AU),Films,2026-01-12,A Royal Winter,,8,10,Netflix weekly rank (views),,,,0.3
AU,netflix,3 Paid streaming (Netflix AU),Films,2026-01-12,The Eye,,9,10,Netflix weekly rank (views),,,,0.2
AU,netflix,3 Paid streaming (Netflix AU),Films,2026-01-12,Longlegs,,10,10,Netflix weekly rank (views),,,,0.1
AU,netflix,3 Paid streaming (Netflix AU),TV,2026-01-12,HIS & HERS,HIS & HERS: Limited Series,1,10,Netflix weekly rank (views),,,,1.0
AU,netflix,3 Paid streaming (Netflix AU),TV,2026-01-12,Agatha Christie's Seven Dials,Agatha Christie's Seven Dials: Season 1,2,10,Netflix weekly rank (views),,,,0.9
AU,netflix,3 Paid streaming (Netflix AU),TV,2026-01-12,Run Away,Run Away: Limited Series,3,10,Netflix weekly rank (views),,,,0.8
AU,netflix,3 Paid streaming (Netflix AU),TV,2026-01-12,Taskaree: The Smuggler's Web,Taskaree: The Smuggler's Web: Season 1,4,10,Netflix weekly rank (views),,,,0.7
AU,netflix,3 Paid streaming (Netflix AU),TV,2026-01-12,Stranger Things,Stranger Things 5,5,10,Netflix weekly rank (views),,,,0.6
AU,netflix,3 Paid streaming (Netflix AU),TV,2026-01-12,2 Broke Girls,2 Broke Girls: Season 1,6,10,Netflix weekly rank (views),,,,0.5
AU,netflix,3 Paid streaming (Netflix AU),TV,2026-01-12,Sheriff Labrador,Sheriff Labrador: Season 1,7,10,Netflix weekly rank (views),,,,0.4
AU,netflix,3 Paid streaming (Netflix AU),TV,2026-01-12,Emily in Paris,Emily in Paris: Season 5,8,10,Netflix weekly rank (views),,,,0.3
AU,netflix,3 Paid streaming (Netflix AU),TV,2026-01-12,Rick and Morty,Rick and Morty: Season 8,9,10,Netflix weekly rank (views),,,,0.2
AU,netflix,3 Paid streaming (Netflix AU),TV,2026-01-12,2 Broke Girls,2 Broke Girls: Season 2,10,10,Netflix weekly rank (views),,,,0.1
AU,netflix,3 Paid streaming (Netflix AU),Films,2026-01-05,People We Meet on Vacation,,1,10,Netflix weekly rank (views),,,,1.0
AU,netflix,3 Paid streaming (Netflix AU),Films,2026-01-05,Evil Influencer: The Jodi Hildebrandt Story,,2,10,Netflix weekly rank (views),,,,0.9
AU,netflix,3 Paid streaming (Netflix AU),Films,2026-01-05,Red Sonja,,3,10,Netflix weekly rank (views),,,,0.8
AU,netflix,3 Paid streaming (Netflix AU),Films,2026-01-05,IF,,4,10,Netflix weekly rank (views),,,,0.7
AU,netflix,3 Paid streaming (Netflix AU),Films,2026-01-05,Everybody's Fine,,5,10,Netflix weekly rank (views),,,,0.6
AU,netflix,3 Paid streaming (Netflix AU),Films,2026-01-05,KPop Demon Hunters,,6,10,Netflix weekly rank (views),,,,0.5
AU,netflix,3 Paid streaming (Netflix AU),Films,2026-01-05,Madagascar,,7,10,Netflix weekly rank (views),,,,0.4
AU,netflix,3 Paid streaming (Netflix AU),Films,2026-01-05,Paw Patrol: The Movie,,8,10,Netflix weekly rank (views),,,,0.3
AU,netflix,3 Paid streaming (Netflix AU),Films,2026-01-05,Haq,,9,10,Netflix weekly rank (views),,,,0.2
AU,netflix,3 Paid streaming (Netflix AU),Films,2026-01-05,Wake Up Dead Man: A Knives Out Mystery,,10,10,Netflix weekly rank (views),,,,0.1
AU,netflix,3 Paid streaming (Netflix AU),TV,2026-01-05,Run Away,Run Away: Limited Series,1,10,Netflix weekly rank (views),,,,1.0
AU,netflix,3 Paid streaming (Netflix AU),TV,2026-01-05,HIS & HERS,HIS & HERS: Limited Series,2,10,Netflix weekly rank (views),,,,0.9
AU,netflix,3 Paid streaming (Netflix AU),TV,2026-01-05,Stranger Things,Stranger Things 5,3,10,Netflix weekly rank (views),,,,0.8
AU,netflix,3 Paid streaming (Netflix AU),TV,2026-01-05,Ricky Gervais: Mortality,,4,10,Netflix weekly rank (views),,,,0.7
AU,netflix,3 Paid streaming (Netflix AU),TV,2026-01-05,Emily in Paris,Emily in Paris: Season 5,5,10,Netflix weekly rank (views),,,,0.6
AU,netflix,3 Paid streaming (Netflix AU),TV,2026-01-05,Rick and Morty,Rick and Morty: Season 8,6,10,Netflix weekly rank (views),,,,0.5
AU,netflix,3 Paid streaming (Netflix AU),TV,2026-01-05,2 Broke Girls,2 Broke Girls: Season 1,7,10,Netflix weekly rank (views),,,,0.4
AU,netflix,3 Paid streaming (Netflix AU),TV,2026-01-05,Mark Rober's CrunchLabs,Mark Rober's CrunchLabs: Season 2,8,10,Netflix weekly rank (views),,,,0.3
AU,netflix,3 Paid streaming (Netflix AU),TV,2026-01-05,Stranger Things,,9,10,Netflix weekly rank (views),,,,0.2
AU,netflix,3 Paid streaming (Netflix AU),TV,2026-01-05,Younger,Younger: Season 1,10,10,Netflix weekly rank (views),,,,0.1
AU,netflix,3 Paid streaming (Netflix AU),Films,2025-12-29,Evil Influencer: The Jodi Hildebrandt Story,,1,10,Netflix weekly rank (views),,,,1.0
AU,netflix,3 Paid streaming (Netflix AU),Films,2025-12-29,Goodbye June,,2,10,Netflix weekly rank (views),,,,0.9
AU,netflix,3 Paid streaming (Netflix AU),Films,2025-12-29,Reunion,,3,10,Netflix weekly rank (views),,,,0.8
AU,netflix,3 Paid streaming (Netflix AU),Films,2025-12-29,Wake Up Dead Man: A Knives Out Mystery,,4,10,Netflix weekly rank (views),,,,0.7
AU,netflix,3 Paid streaming (Netflix AU),Films,2025-12-29,KPop Demon Hunters,,5,10,Netflix weekly rank (views),,,,0.6
AU,netflix,3 Paid streaming (Netflix AU),Films,2025-12-29,Dr. Seuss' The Grinch,,6,10,Netflix weekly rank (views),,,,0.5
AU,netflix,3 Paid streaming (Netflix AU),Films,2025-12-29,Madagascar,,7,10,Netflix weekly rank (views),,,,0.4
AU,netflix,3 Paid streaming (Netflix AU),Films,2025-12-29,Paw Patrol: The Movie,,8,10,Netflix weekly rank (views),,,,0.3
AU,netflix,3 Paid streaming (Netflix AU),Films,2025-12-29,IF,,9,10,Netflix weekly rank (views),,,,0.2
AU,netflix,3 Paid streaming (Netflix AU),Films,2025-12-29,Congo,,10,10,Netflix weekly rank (views),,,,0.1
AU,netflix,3 Paid streaming (Netflix AU),TV,2025-12-29,Stranger Things,Stranger Things 5,1,10,Netflix weekly rank (views),,,,1.0
AU,netflix,3 Paid streaming (Netflix AU),TV,2025-12-29,Run Away,Run Away: Limited Series,2,10,Netflix weekly rank (views),,,,0.9
AU,netflix,3 Paid streaming (Netflix AU),TV,2025-12-29,Ricky Gervais: Mortality,,3,10,Netflix weekly rank (views),,,,0.8
AU,netflix,3 Paid streaming (Netflix AU),TV,2025-12-29,Emily in Paris,Emily in Paris: Season 5,4,10,Netflix weekly rank (views),,,,0.7
AU,netflix,3 Paid streaming (Netflix AU),TV,2025-12-29,Rick and Morty,Rick and Morty: Season 8,5,10,Netflix weekly rank (views),,,,0.6
AU,netflix,3 Paid streaming (Netflix AU),TV,2025-12-29,The Red Road,The Red Road: Season 1,6,10,Netflix weekly rank (views),,,,0.5
AU,netflix,3 Paid streaming (Netflix AU),TV,2025-12-29,Stranger Things,,7,10,Netflix weekly rank (views),,,,0.4
AU,netflix,3 Paid streaming (Netflix AU),TV,2025-12-29,Younger,Younger: Season 1,8,10,Netflix weekly rank (views),,,,0.3
AU,netflix,3 Paid streaming (Netflix AU),TV,2025-12-29,Man Vs Baby,Man Vs Baby: Season 1,9,10,Netflix weekly rank (views),,,,0.2
AU,netflix,3 Paid streaming (Netflix AU),TV,2025-12-29,The Red Road,The Red Road: Season 2,10,10,Netflix weekly rank (views),,,,0.1
AU,netflix,3 Paid streaming (Netflix AU),Films,2025-12-22,Dr. Seuss' The Grinch,,1,10,Netflix weekly rank (views),,,,1.0
AU,netflix,3 Paid streaming (Netflix AU),Films,2025-12-22,The Great Flood,,2,10,Netflix weekly rank (views),,,,0.9
AU,netflix,3 Paid streaming (Netflix AU),Films,2025-12-22,Wake Up Dead Man: A Knives Out Mystery,,3,10,Netflix weekly rank (views),,,,0.8
AU,netflix,3 Paid streaming (Netflix AU),Films,2025-12-22,How the Grinch Stole Christmas,,4,10,Netflix weekly rank (views),,,,0.7
AU,netflix,3 Paid streaming (Netflix AU),Films,2025-12-22,Elf,,5,10,Netflix weekly rank (views),,,,0.6
AU,netflix,3 Paid streaming (Netflix AU),Films,2025-12-22,Goodbye June,,6,10,Netflix weekly rank (views),,,,0.5
AU,netflix,3 Paid streaming (Netflix AU),Films,2025-12-22,Life After Fighting,,7,10,Netflix weekly rank (views),,,,0.4
AU,netflix,3 Paid streaming (Netflix AU),Films,2025-12-22,Love Actually,,8,10,Netflix weekly rank (views),,,,0.3
AU,netflix,3 Paid streaming (Netflix AU),Films,2025-12-22,KPop Demon Hunters,,9,10,Netflix weekly rank (views),,,,0.2
AU,netflix,3 Paid streaming (Netflix AU),Films,2025-12-22,The Croods: A New Age,,10,10,Netflix weekly rank (views),,,,0.1
AU,netflix,3 Paid streaming (Netflix AU),TV,2025-12-22,Stranger Things,Stranger Things 5,1,10,Netflix weekly rank (views),,,,1.0
AU,netflix,3 Paid streaming (Netflix AU),TV,2025-12-22,Emily in Paris,Emily in Paris: Season 5,2,10,Netflix weekly rank (views),,,,0.9
AU,netflix,3 Paid streaming (Netflix AU),TV,2025-12-22,Man Vs Baby,Man Vs Baby: Season 1,3,10,Netflix weekly rank (views),,,,0.8
AU,netflix,3 Paid streaming (Netflix AU),TV,2025-12-22,Dave Chappelle: The Unstoppable...,,4,10,Netflix weekly rank (views),,,,0.7
AU,netflix,3 Paid streaming (Netflix AU),TV,2025-12-22,The Red Road,The Red Road: Season 1,5,10,Netflix weekly rank (views),,,,0.6
AU,netflix,3 Paid streaming (Netflix AU),TV,2025-12-22,Sean Combs: The Reckoning,Sean Combs: The Reckoning: Season 1,6,10,Netflix weekly rank (views),,,,0.5
AU,netflix,3 Paid streaming (Netflix AU),TV,2025-12-22,Younger,Younger: Season 1,7,10,Netflix weekly rank (views),,,,0.4
AU,netflix,3 Paid streaming (Netflix AU),TV,2025-12-22,Younger,Younger: Season 2,8,10,Netflix weekly rank (views),,,,0.3
AU,netflix,3 Paid streaming (Netflix AU),TV,2025-12-22,Younger,Younger: Season 3,9,10,Netflix weekly rank (views),,,,0.2
AU,netflix,3 Paid streaming (Netflix AU),TV,2025-12-22,Tom Segura: Teacher,,10,10,Netflix weekly rank (views),,,,0.1
AU,netflix,3 Paid streaming (Netflix AU),Films,2025-12-15,Wake Up Dead Man: A Knives Out Mystery,,1,10,Netflix weekly rank (views),,,,1.0
AU,netflix,3 Paid streaming (Netflix AU),Films,2025-12-15,The Croods: A New Age,,2,10,Netflix weekly rank (views),,,,0.9
AU,netflix,3 Paid streaming (Netflix AU),Films,2025-12-15,Dr. Seuss' The Grinch,,3,10,Netflix weekly rank (views),,,,0.8
AU,netflix,3 Paid streaming (Netflix AU),Films,2025-12-15,The Great Flood,,4,10,Netflix weekly rank (views),,,,0.7
AU,netflix,3 Paid streaming (Netflix AU),Films,2025-12-15,How the Grinch Stole Christmas,,5,10,Netflix weekly rank (views),,,,0.6
AU,netflix,3 Paid streaming (Netflix AU),Films,2025-12-15,Murder in Monaco,,6,10,Netflix weekly rank (views),,,,0.5
AU,netflix,3 Paid streaming (Netflix AU),Films,2025-12-15,My Secret Santa,,7,10,Netflix weekly rank (views),,,,0.4
AU,netflix,3 Paid streaming (Netflix AU),Films,2025-12-15,Elf,,8,10,Netflix weekly rank (views),,,,0.3
AU,netflix,3 Paid streaming (Netflix AU),Films,2025-12-15,KPop Demon Hunters,,9,10,Netflix weekly rank (views),,,,0.2
AU,netflix,3 Paid streaming (Netflix AU),Films,2025-12-15,Paw Patrol: The Movie,,10,10,Netflix weekly rank (views),,,,0.1
AU,netflix,3 Paid streaming (Netflix AU),TV,2025-12-15,Man Vs Baby,Man Vs Baby: Season 1,1,10,Netflix weekly rank (views),,,,1.0
AU,netflix,3 Paid streaming (Netflix AU),TV,2025-12-15,Jake Paul vs. Anthony Joshua,,2,10,Netflix weekly rank (views),,,,0.9
AU,netflix,3 Paid streaming (Netflix AU),TV,2025-12-15,Emily in Paris,Emily in Paris: Season 5,3,10,Netflix weekly rank (views),,,,0.8
AU,netflix,3 Paid streaming (Netflix AU),TV,2025-12-15,Sean Combs: The Reckoning,Sean Combs: The Reckoning: Season 1,4,10,Netflix weekly rank (views),,,,0.7
AU,netflix,3 Paid streaming (Netflix AU),TV,2025-12-15,Younger,Younger: Season 1,5,10,Netflix weekly rank (views),,,,0.6
AU,netflix,3 Paid streaming (Netflix AU),TV,2025-12-15,Stranger Things,Stranger Things 5,6,10,Netflix weekly rank (views),,,,0.5
AU,netflix,3 Paid streaming (Netflix AU),TV,2025-12-15,Younger,Younger: Season 2,7,10,Netflix weekly rank (views),,,,0.4
AU,netflix,3 Paid streaming (Netflix AU),TV,2025-12-15,Ripple,Ripple: Season 1,8,10,Netflix weekly rank (views),,,,0.3
AU,netflix,3 Paid streaming (Netflix AU),TV,2025-12-15,The Abandons,The Abandons: Season 1,9,10,Netflix weekly rank (views),,,,0.2
AU,netflix,3 Paid streaming (Netflix AU),TV,2025-12-15,Simon Cowell: The Next Act,Simon Cowell: The Next Act: Season 1,10,10,Netflix weekly rank (views),,,,0.1
AU,netflix,3 Paid streaming (Netflix AU),Films,2025-12-08,Wake Up Dead Man: A Knives Out Mystery,,1,10,Netflix weekly rank (views),,,,1.0
AU,netflix,3 Paid streaming (Netflix AU),Films,2025-12-08,My Secret Santa,,2,10,Netflix weekly rank (views),,,,0.9
AU,netflix,3 Paid streaming (Netflix AU),Films,2025-12-08,Jay Kelly,,3,10,Netflix weekly rank (views),,,,0.8
AU,netflix,3 Paid streaming (Netflix AU),Films,2025-12-08,Those Who Wish Me Dead,,4,10,Netflix weekly rank (views),,,,0.7
AU,netflix,3 Paid streaming (Netflix AU),Films,2025-12-08,Paw Patrol: The Movie,,5,10,Netflix weekly rank (views),,,,0.6
AU,netflix,3 Paid streaming (Netflix AU),Films,2025-12-08,How the Grinch Stole Christmas,,6,10,Netflix weekly rank (views),,,,0.5
AU,netflix,3 Paid streaming (Netflix AU),Films,2025-12-08,KPop Demon Hunters,,7,10,Netflix weekly rank (views),,,,0.4
AU,netflix,3 Paid streaming (Netflix AU),Films,2025-12-08,Elf,,8,10,Netflix weekly rank (views),,,,0.3
AU,netflix,3 Paid streaming (Netflix AU),Films,2025-12-08,The Croods: A New Age,,9,10,Netflix weekly rank (views),,,,0.2
AU,netflix,3 Paid streaming (Netflix AU),Films,2025-12-08,Dr. Seuss' The Lorax,,10,10,Netflix weekly rank (views),,,,0.1
AU,netflix,3 Paid streaming (Netflix AU),TV,2025-12-08,Sean Combs: The Reckoning,Sean Combs: The Reckoning: Season 1,1,10,Netflix weekly rank (views),,,,1.0
AU,netflix,3 Paid streaming (Netflix AU),TV,2025-12-08,Man Vs Baby,Man Vs Baby: Season 1,2,10,Netflix weekly rank (views),,,,0.9
AU,netflix,3 Paid streaming (Netflix AU),TV,2025-12-08,Stranger Things,Stranger Things 5,3,10,Netflix weekly rank (views),,,,0.8
AU,netflix,3 Paid streaming (Netflix AU),TV,2025-12-08,The Abandons,The Abandons: Season 1,4,10,Netflix weekly rank (views),,,,0.7
AU,netflix,3 Paid streaming (Netflix AU),TV,2025-12-08,Ripple,Ripple: Season 1,5,10,Netflix weekly rank (views),,,,0.6
AU,netflix,3 Paid streaming (Netflix AU),TV,2025-12-08,The Beast in Me,The Beast in Me: Season 1,6,10,Netflix weekly rank (views),,,,0.5
AU,netflix,3 Paid streaming (Netflix AU),TV,2025-12-08,Stranger Things,,7,10,Netflix weekly rank (views),,,,0.4
AU,netflix,3 Paid streaming (Netflix AU),TV,2025-12-08,Stranger Things,Stranger Things 2,8,10,Netflix weekly rank (views),,,,0.3
AU,netflix,3 Paid streaming (Netflix AU),TV,2025-12-08,Stranger Things,Stranger Things 3,9,10,Netflix weekly rank (views),,,,0.2
AU,netflix,3 Paid streaming (Netflix AU),TV,2025-12-08,Stranger Things,Stranger Things 4,10,10,Netflix weekly rank (views),,,,0.1
AU,netflix,3 Paid streaming (Netflix AU),Films,2025-12-01,My Secret Santa,,1,10,Netflix weekly rank (views),,,,1.0
AU,netflix,3 Paid streaming (Netflix AU),Films,2025-12-01,Troll 2,,2,10,Netflix weekly rank (views),,,,0.9
AU,netflix,3 Paid streaming (Netflix AU),Films,2025-12-01,Jingle Bell Heist,,3,10,Netflix weekly rank (views),,,,0.8
AU,netflix,3 Paid streaming (Netflix AU),Films,2025-12-01,Paw Patrol: The Movie,,4,10,Netflix weekly rank (views),,,,0.7
AU,netflix,3 Paid streaming (Netflix AU),Films,2025-12-01,How the Grinch Stole Christmas,,5,10,Netflix weekly rank (views),,,,0.6
AU,netflix,3 Paid streaming (Netflix AU),Films,2025-12-01,KPop Demon Hunters,,6,10,Netflix weekly rank (views),,,,0.5
AU,netflix,3 Paid streaming (Netflix AU),Films,2025-12-01,Champagne Problems,,7,10,Netflix weekly rank (views),,,,0.4
AU,netflix,3 Paid streaming (Netflix AU),Films,2025-12-01,Those Who Wish Me Dead,,8,10,Netflix weekly rank (views),,,,0.3
AU,netflix,3 Paid streaming (Netflix AU),Films,2025-12-01,Jay Kelly,,9,10,Netflix weekly rank (views),,,,0.2
AU,netflix,3 Paid streaming (Netflix AU),Films,2025-12-01,Elf,,10,10,Netflix weekly rank (views),,,,0.1
AU,netflix,3 Paid streaming (Netflix AU),TV,2025-12-01,Stranger Things,Stranger Things 5,1,10,Netflix weekly rank (views),,,,1.0
AU,netflix,3 Paid streaming (Netflix AU),TV,2025-12-01,Sean Combs: The Reckoning,Sean Combs: The Reckoning: Season 1,2,10,Netflix weekly rank (views),,,,0.9
AU,netflix,3 Paid streaming (Netflix AU),TV,2025-12-01,The Abandons,The Abandons: Season 1,3,10,Netflix weekly rank (views),,,,0.8
AU,netflix,3 Paid streaming (Netflix AU),TV,2025-12-01,The Beast in Me,The Beast in Me: Season 1,4,10,Netflix weekly rank (views),,,,0.7
AU,netflix,3 Paid streaming (Netflix AU),TV,2025-12-01,Stranger Things,,5,10,Netflix weekly rank (views),,,,0.6
AU,netflix,3 Paid streaming (Netflix AU),TV,2025-12-01,Matt Rife: Unwrapped - A Christmas Crowd Work Special,,6,10,Netflix weekly rank (views),,,,0.5
AU,netflix,3 Paid streaming (Netflix AU),TV,2025-12-01,Stranger Things,Stranger Things 2,7,10,Netflix weekly rank (views),,,,0.4
AU,netflix,3 Paid streaming (Netflix AU),TV,2025-12-01,Missing: Dead or Alive?,Missing: Dead or Alive?: Season 2,8,10,Netflix weekly rank (views),,,,0.3
AU,netflix,3 Paid streaming (Netflix AU),TV,2025-12-01,Mark Rober's CrunchLabs,Mark Rober's CrunchLabs: Season 1,9,10,Netflix weekly rank (views),,,,0.2
AU,netflix,3 Paid streaming (Netflix AU),TV,2025-12-01,Stranger Things,Stranger Things 3,10,10,Netflix weekly rank (views),,,,0.1
AU,netflix,3 Paid streaming (Netflix AU),Films,2025-11-24,Champagne Problems,,1,10,Netflix weekly rank (views),,,,1.0
AU,netflix,3 Paid streaming (Netflix AU),Films,2025-11-24,Jingle Bell Heist,,2,10,Netflix weekly rank (views),,,,0.9
AU,netflix,3 Paid streaming (Netflix AU),Films,2025-11-24,In Your Dreams,,3,10,Netflix weekly rank (views),,,,0.8
AU,netflix,3 Paid streaming (Netflix AU),Films,2025-11-24,The Carman Family Deaths,,4,10,Netflix weekly rank (views),,,,0.7
AU,netflix,3 Paid streaming (Netflix AU),Films,2025-11-24,KPop Demon Hunters,,5,10,Netflix weekly rank (views),,,,0.6
AU,netflix,3 Paid streaming (Netflix AU),Films,2025-11-24,Train Dreams,,6,10,Netflix weekly rank (views),,,,0.5
AU,netflix,3 Paid streaming (Netflix AU),Films,2025-11-24,The Equalizer 3,,7,10,Netflix weekly rank (views),,,,0.4
AU,netflix,3 Paid streaming (Netflix AU),Films,2025-11-24,Wicked,,8,10,Netflix weekly rank (views),,,,0.3
AU,netflix,3 Paid streaming (Netflix AU),Films,2025-11-24,Non-Stop,,9,10,Netflix weekly rank (views),,,,0.2
AU,netflix,3 Paid streaming (Netflix AU),Films,2025-11-24,A Merry Little Ex-Mas,,10,10,Netflix weekly rank (views),,,,0.1
AU,netflix,3 Paid streaming (Netflix AU),TV,2025-11-24,Stranger Things,Stranger Things 5,1,10,Netflix weekly rank (views),,,,1.0
AU,netflix,3 Paid streaming (Netflix AU),TV,2025-11-24,The Beast in Me,The Beast in Me: Season 1,2,10,Netflix weekly rank (views),,,,0.9
AU,netflix,3 Paid streaming (Netflix AU),TV,2025-11-24,Kevin Hart: Acting My Age,,3,10,Netflix weekly rank (views),,,,0.8
AU,netflix,3 Paid streaming (Netflix AU),TV,2025-11-24,Missing: Dead or Alive?,Missing: Dead or Alive?: Season 2,4,10,Netflix weekly rank (views),,,,0.7
AU,netflix,3 Paid streaming (Netflix AU),TV,2025-11-24,Mark Rober's CrunchLabs,Mark Rober's CrunchLabs: Season 1,5,10,Netflix weekly rank (views),,,,0.6
AU,netflix,3 Paid streaming (Netflix AU),TV,2025-11-24,ONE SHOT with Ed Sheeran,,6,10,Netflix weekly rank (views),,,,0.5
AU,netflix,3 Paid streaming (Netflix AU),TV,2025-11-24,Stranger Things,,7,10,Netflix weekly rank (views),,,,0.4
AU,netflix,3 Paid streaming (Netflix AU),TV,2025-11-24,A Man on the Inside,A Man on the Inside: Season 2,8,10,Netflix weekly rank (views),,,,0.3
AU,netflix,3 Paid streaming (Netflix AU),TV,2025-11-24,Absentia,Absentia: Season 1,9,10,Netflix weekly rank (views),,,,0.2
AU,netflix,3 Paid streaming (Netflix AU),TV,2025-11-24,Stranger Things,Stranger Things 4,10,10,Netflix weekly rank (views),,,,0.1
AU,netflix,3 Paid streaming (Netflix AU),Films,2025-11-17,The Equalizer 3,,1,10,Netflix weekly rank (views),,,,1.0
AU,netflix,3 Paid streaming (Netflix AU),Films,2025-11-17,Champagne Problems,,2,10,Netflix weekly rank (views),,,,0.9
AU,netflix,3 Paid streaming (Netflix AU),Films,2025-11-17,In Your Dreams,,3,10,Netflix weekly rank (views),,,,0.8
AU,netflix,3 Paid streaming (Netflix AU),Films,2025-11-17,The Carman Family Deaths,,4,10,Netflix weekly rank (views),,,,0.7
AU,netflix,3 Paid streaming (Netflix AU),Films,2025-11-17,The Family Stone,,5,10,Netflix weekly rank (views),,,,0.6
AU,netflix,3 Paid streaming (Netflix AU),Films,2025-11-17,A Merry Little Ex-Mas,,6,10,Netflix weekly rank (views),,,,0.5
AU,netflix,3 Paid streaming (Netflix AU),Films,2025-11-17,KPop Demon Hunters,,7,10,Netflix weekly rank (views),,,,0.4
AU,netflix,3 Paid streaming (Netflix AU),Films,2025-11-17,Frankenstein,,8,10,Netflix weekly rank (views),,,,0.3
AU,netflix,3 Paid streaming (Netflix AU),Films,2025-11-17,Train Dreams,,9,10,Netflix weekly rank (views),,,,0.2
AU,netflix,3 Paid streaming (Netflix AU),Films,2025-11-17,Jolly LLB 3,,10,10,Netflix weekly rank (views),,,,0.1
AU,netflix,3 Paid streaming (Netflix AU),TV,2025-11-17,The Beast in Me,The Beast in Me: Season 1,1,10,Netflix weekly rank (views),,,,1.0
AU,netflix,3 Paid streaming (Netflix AU),TV,2025-11-17,Absentia,Absentia: Season 1,2,10,Netflix weekly rank (views),,,,0.9
AU,netflix,3 Paid streaming (Netflix AU),TV,2025-11-17,ONE SHOT with Ed Sheeran,,3,10,Netflix weekly rank (views),,,,0.8
AU,netflix,3 Paid streaming (Netflix AU),TV,2025-11-17,Last Samurai Standing,Last Samurai Standing: Season 1,4,10,Netflix weekly rank (views),,,,0.7
AU,netflix,3 Paid streaming (Netflix AU),TV,2025-11-17,Selling The OC,Selling The OC: Season 4,5,10,Netflix weekly rank (views),,,,0.6
AU,netflix,3 Paid streaming (Netflix AU),TV,2025-11-17,Gabby's Dollhouse,Gabby's Dollhouse: Season 12,6,10,Netflix weekly rank (views),,,,0.5
AU,netflix,3 Paid streaming (Netflix AU),TV,2025-11-17,Absentia,Absentia: Season 2,7,10,Netflix weekly rank (views),,,,0.4
AU,netflix,3 Paid streaming (Netflix AU),TV,2025-11-17,Raw,"Raw: November 17, 2025",8,10,Netflix weekly rank (views),,,,0.3
AU,netflix,3 Paid streaming (Netflix AU),TV,2025-11-17,Stranger Things,,9,10,Netflix weekly rank (views),,,,0.2
AU,netflix,3 Paid streaming (Netflix AU),TV,2025-11-17,The Big C,The Big C: Season 1,10,10,Netflix weekly rank (views),,,,0.1
AU,netflix,3 Paid streaming (Netflix AU),Films,2025-11-10,Frankenstein,,1,10,Netflix weekly rank (views),,,,1.0
AU,netflix,3 Paid streaming (Netflix AU),Films,2025-11-10,The Equalizer 3,,2,10,Netflix weekly rank (views),,,,0.9
AU,netflix,3 Paid streaming (Netflix AU),Films,2025-11-10,A Merry Little Ex-Mas,,3,10,Netflix weekly rank (views),,,,0.8
AU,netflix,3 Paid streaming (Netflix AU),Films,2025-11-10,Drop,,4,10,Netflix weekly rank (views),,,,0.7
AU,netflix,3 Paid streaming (Netflix AU),Films,2025-11-10,KPop Demon Hunters,,5,10,Netflix weekly rank (views),,,,0.6
AU,netflix,3 Paid streaming (Netflix AU),Films,2025-11-10,Being Eddie,,6,10,Netflix weekly rank (views),,,,0.5
AU,netflix,3 Paid streaming (Netflix AU),Films,2025-11-10,In Your Dreams,,7,10,Netflix weekly rank (views),,,,0.4
AU,netflix,3 Paid streaming (Netflix AU),Films,2025-11-10,Mango,,8,10,Netflix weekly rank (views),,,,0.3
AU,netflix,3 Paid streaming (Netflix AU),Films,2025-11-10,Last Breath,,9,10,Netflix weekly rank (views),,,,0.2
AU,netflix,3 Paid streaming (Netflix AU),Films,2025-11-10,Jack Reacher: Never Go Back,,10,10,Netflix weekly rank (views),,,,0.1
AU,netflix,3 Paid streaming (Netflix AU),TV,2025-11-10,The Beast in Me,The Beast in Me: Season 1,1,10,Netflix weekly rank (views),,,,1.0
AU,netflix,3 Paid streaming (Netflix AU),TV,2025-11-10,Nobody Wants This,Nobody Wants This: Season 2,2,10,Netflix weekly rank (views),,,,0.9
AU,netflix,3 Paid streaming (Netflix AU),TV,2025-11-10,Selling The OC,Selling The OC: Season 4,3,10,Netflix weekly rank (views),,,,0.8
AU,netflix,3 Paid streaming (Netflix AU),TV,2025-11-10,The Witcher,The Witcher: Season 4,4,10,Netflix weekly rank (views),,,,0.7
AU,netflix,3 Paid streaming (Netflix AU),TV,2025-11-10,MARINES,MARINES: Season 1,5,10,Netflix weekly rank (views),,,,0.6
AU,netflix,3 Paid streaming (Netflix AU),TV,2025-11-10,Death by Lightning,Death by Lightning: Limited Series,6,10,Netflix weekly rank (views),,,,0.5
AU,netflix,3 Paid streaming (Netflix AU),TV,2025-11-10,Last Samurai Standing,Last Samurai Standing: Season 1,7,10,Netflix weekly rank (views),,,,0.4
AU,netflix,3 Paid streaming (Netflix AU),TV,2025-11-10,Physical: Asia,Physical: Asia: Season 1,8,10,Netflix weekly rank (views),,,,0.3
AU,netflix,3 Paid streaming (Netflix AU),TV,2025-11-10,Son of a Donkey,Son of a Donkey: Season 1,9,10,Netflix weekly rank (views),,,,0.2
AU,netflix,3 Paid streaming (Netflix AU),TV,2025-11-10,Absentia,Absentia: Season 1,10,10,Netflix weekly rank (views),,,,0.1
AU,netflix,3 Paid streaming (Netflix AU),Films,2025-11-03,Last Breath,,1,10,Netflix weekly rank (views),,,,1.0
AU,netflix,3 Paid streaming (Netflix AU),Films,2025-11-03,Frankenstein,,2,10,Netflix weekly rank (views),,,,0.9
AU,netflix,3 Paid streaming (Netflix AU),Films,2025-11-03,Dog Man,,3,10,Netflix weekly rank (views),,,,0.8
AU,netflix,3 Paid streaming (Netflix AU),Films,2025-11-03,KPop Demon Hunters,,4,10,Netflix weekly rank (views),,,,0.7
AU,netflix,3 Paid streaming (Netflix AU),Films,2025-11-03,Aileen: Queen of the Serial Killers,,5,10,Netflix weekly rank (views),,,,0.6
AU,netflix,3 Paid streaming (Netflix AU),Films,2025-11-03,A HOUSE OF DYNAMITE,,6,10,Netflix weekly rank (views),,,,0.5
AU,netflix,3 Paid streaming (Netflix AU),Films,2025-11-03,The Cost,,7,10,Netflix weekly rank (views),,,,0.4
AU,netflix,3 Paid streaming (Netflix AU),Films,2025-11-03,Jack Reacher: Never Go Back,,8,10,Netflix weekly rank (views),,,,0.3
AU,netflix,3 Paid streaming (Netflix AU),Films,2025-11-03,The Suicide Squad,,9,10,Netflix weekly rank (views),,,,0.2
AU,netflix,3 Paid streaming (Netflix AU),Films,2025-11-03,Ballad of a Small Player,,10,10,Netflix weekly rank (views),,,,0.1
AU,netflix,3 Paid streaming (Netflix AU),TV,2025-11-03,Son of a Donkey,Son of a Donkey: Season 1,1,10,Netflix weekly rank (views),,,,1.0
AU,netflix,3 Paid streaming (Netflix AU),TV,2025-11-03,Nobody Wants This,Nobody Wants This: Season 2,2,10,Netflix weekly rank (views),,,,0.9
AU,netflix,3 Paid streaming (Netflix AU),TV,2025-11-03,Selling Sunset,Selling Sunset: Season 9,3,10,Netflix weekly rank (views),,,,0.8
AU,netflix,3 Paid streaming (Netflix AU),TV,2025-11-03,The Witcher,The Witcher: Season 4,4,10,Netflix weekly rank (views),,,,0.7
AU,netflix,3 Paid streaming (Netflix AU),TV,2025-11-03,Physical: Asia,Physical: Asia: Season 1,5,10,Netflix weekly rank (views),,,,0.6
AU,netflix,3 Paid streaming (Netflix AU),TV,2025-11-03,The Asset,The Asset: Season 1,6,10,Netflix weekly rank (views),,,,0.5
AU,netflix,3 Paid streaming (Netflix AU),TV,2025-11-03,The Diplomat,The Diplomat: Season 3,7,10,Netflix weekly rank (views),,,,0.4
AU,netflix,3 Paid streaming (Netflix AU),TV,2025-11-03,The Bad Guys: The Series,The Bad Guys: The Series: Season 1,8,10,Netflix weekly rank (views),,,,0.3
AU,netflix,3 Paid streaming (Netflix AU),TV,2025-11-03,Death by Lightning,Death by Lightning: Limited Series,9,10,Netflix weekly rank (views),,,,0.2
AU,netflix,3 Paid streaming (Netflix AU),TV,2025-11-03,Boots,Boots: Season 1,10,10,Netflix weekly rank (views),,,,0.1
AU,netflix,3 Paid streaming (Netflix AU),Films,2025-10-27,A HOUSE OF DYNAMITE,,1,10,Netflix weekly rank (views),,,,1.0
AU,netflix,3 Paid streaming (Netflix AU),Films,2025-10-27,Aileen: Queen of the Serial Killers,,2,10,Netflix weekly rank (views),,,,0.9
AU,netflix,3 Paid streaming (Netflix AU),Films,2025-10-27,KPop Demon Hunters,,3,10,Netflix weekly rank (views),,,,0.8
AU,netflix,3 Paid streaming (Netflix AU),Films,2025-10-27,The Perfect Neighbor,,4,10,Netflix weekly rank (views),,,,0.7
AU,netflix,3 Paid streaming (Netflix AU),Films,2025-10-27,Ballad of a Small Player,,5,10,Netflix weekly rank (views),,,,0.6
AU,netflix,3 Paid streaming (Netflix AU),Films,2025-10-27,The Woman in Cabin 10,,6,10,Netflix weekly rank (views),,,,0.5
AU,netflix,3 Paid streaming (Netflix AU),Films,2025-10-27,The Twits,,7,10,Netflix weekly rank (views),,,,0.4
AU,netflix,3 Paid streaming (Netflix AU),Films,2025-10-27,Mystify: Michael Hutchence,,8,10,Netflix weekly rank (views),,,,0.3
AU,netflix,3 Paid streaming (Netflix AU),Films,2025-10-27,Dog Man,,9,10,Netflix weekly rank (views),,,,0.2
AU,netflix,3 Paid streaming (Netflix AU),Films,2025-10-27,Idli Kadai,,10,10,Netflix weekly rank (views),,,,0.1
AU,netflix,3 Paid streaming (Netflix AU),TV,2025-10-27,Nobody Wants This,Nobody Wants This: Season 2,1,10,Netflix weekly rank (views),,,,1.0
AU,netflix,3 Paid streaming (Netflix AU),TV,2025-10-27,Son of a Donkey,Son of a Donkey: Season 1,2,10,Netflix weekly rank (views),,,,0.9
AU,netflix,3 Paid streaming (Netflix AU),TV,2025-10-27,Selling Sunset,Selling Sunset: Season 9,3,10,Netflix weekly rank (views),,,,0.8
AU,netflix,3 Paid streaming (Netflix AU),TV,2025-10-27,The Asset,The Asset: Season 1,4,10,Netflix weekly rank (views),,,,0.7
AU,netflix,3 Paid streaming (Netflix AU),TV,2025-10-27,The Witcher,The Witcher: Season 4,5,10,Netflix weekly rank (views),,,,0.6
AU,netflix,3 Paid streaming (Netflix AU),TV,2025-10-27,The Diplomat,The Diplomat: Season 3,6,10,Netflix weekly rank (views),,,,0.5
AU,netflix,3 Paid streaming (Netflix AU),TV,2025-10-27,Physical: Asia,Physical: Asia: Season 1,7,10,Netflix weekly rank (views),,,,0.4
AU,netflix,3 Paid streaming (Netflix AU),TV,2025-10-27,Boots,Boots: Season 1,8,10,Netflix weekly rank (views),,,,0.3
AU,netflix,3 Paid streaming (Netflix AU),TV,2025-10-27,Mob War: Philadelphia vs. The Mafia,Mob War: Philadelphia vs. The Mafia: Season 1,9,10,Netflix weekly rank (views),,,,0.2
AU,netflix,3 Paid streaming (Netflix AU),TV,2025-10-27,Nobody Wants This,Nobody Wants This: Season 1,10,10,Netflix weekly rank (views),,,,0.1
AU,netflix,3 Paid streaming (Netflix AU),Films,2025-10-20,The Perfect Neighbor,,1,10,Netflix weekly rank (views),,,,1.0
AU,netflix,3 Paid streaming (Netflix AU),Films,2025-10-20,A HOUSE OF DYNAMITE,,2,10,Netflix weekly rank (views),,,,0.9
AU,netflix,3 Paid streaming (Netflix AU),Films,2025-10-20,KPop Demon Hunters,,3,10,Netflix weekly rank (views),,,,0.8
AU,netflix,3 Paid streaming (Netflix AU),Films,2025-10-20,The Twits,,4,10,Netflix weekly rank (views),,,,0.7
AU,netflix,3 Paid streaming (Netflix AU),Films,2025-10-20,The Woman in Cabin 10,,5,10,Netflix weekly rank (views),,,,0.6
AU,netflix,3 Paid streaming (Netflix AU),Films,2025-10-20,True Crime,,6,10,Netflix weekly rank (views),,,,0.5
AU,netflix,3 Paid streaming (Netflix AU),Films,2025-10-20,Gran Turismo: Based on a True Story,,7,10,Netflix weekly rank (views),,,,0.4
AU,netflix,3 Paid streaming (Netflix AU),Films,2025-10-20,The Secret Life of Pets 2,,8,10,Netflix weekly rank (views),,,,0.3
AU,netflix,3 Paid streaming (Netflix AU),Films,2025-10-20,"My Father, the BTK Killer",,9,10,Netflix weekly rank (views),,,,0.2
AU,netflix,3 Paid streaming (Netflix AU),Films,2025-10-20,The Secret Life of Pets,,10,10,Netflix weekly rank (views),,,,0.1
AU,netflix,3 Paid streaming (Netflix AU),TV,2025-10-20,Nobody Wants This,Nobody Wants This: Season 2,1,10,Netflix weekly rank (views),,,,1.0
AU,netflix,3 Paid streaming (Netflix AU),TV,2025-10-20,The Diplomat,The Diplomat: Season 3,2,10,Netflix weekly rank (views),,,,0.9
AU,netflix,3 Paid streaming (Netflix AU),TV,2025-10-20,Mob War: Philadelphia vs. The Mafia,Mob War: Philadelphia vs. The Mafia: Season 1,3,10,Netflix weekly rank (views),,,,0.8
AU,netflix,3 Paid streaming (Netflix AU),TV,2025-10-20,Boots,Boots: Season 1,4,10,Netflix weekly rank (views),,,,0.7
AU,netflix,3 Paid streaming (Netflix AU),TV,2025-10-20,The Monster of Florence,The Monster of Florence: Limited Series,5,10,Netflix weekly rank (views),,,,0.6
AU,netflix,3 Paid streaming (Netflix AU),TV,2025-10-20,Monster: The Ed Gein Story,Monster: The Ed Gein Story: Season 1,6,10,Netflix weekly rank (views),,,,0.5
AU,netflix,3 Paid streaming (Netflix AU),TV,2025-10-20,Victoria Beckham,Victoria Beckham: Limited Series,7,10,Netflix weekly rank (views),,,,0.4
AU,netflix,3 Paid streaming (Netflix AU),TV,2025-10-20,No One Saw Us Leave,No One Saw Us Leave: Season 1,8,10,Netflix weekly rank (views),,,,0.3
AU,netflix,3 Paid streaming (Netflix AU),TV,2025-10-20,Wayward,Wayward: Limited Series,9,10,Netflix weekly rank (views),,,,0.2
AU,netflix,3 Paid streaming (Netflix AU),TV,2025-10-20,Baby Shark Hospital Play,Baby Shark Hospital Play: Season 1,10,10,Netflix weekly rank (views),,,,0.1
AU,netflix,3 Paid streaming (Netflix AU),Films,2025-10-13,The Woman in Cabin 10,,1,10,Netflix weekly rank (views),,,,1.0
AU,netflix,3 Paid streaming (Netflix AU),Films,2025-10-13,The Perfect Neighbor,,2,10,Netflix weekly rank (views),,,,0.9
AU,netflix,3 Paid streaming (Netflix AU),Films,2025-10-13,KPop Demon Hunters,,3,10,Netflix weekly rank (views),,,,0.8
AU,netflix,3 Paid streaming (Netflix AU),Films,2025-10-13,"My Father, the BTK Killer",,4,10,Netflix weekly rank (views),,,,0.7
AU,netflix,3 Paid streaming (Netflix AU),Films,2025-10-13,The Twits,,5,10,Netflix weekly rank (views),,,,0.6
AU,netflix,3 Paid streaming (Netflix AU),Films,2025-10-13,Gran Turismo: Based on a True Story,,6,10,Netflix weekly rank (views),,,,0.5
AU,netflix,3 Paid streaming (Netflix AU),Films,2025-10-13,Flipped,,7,10,Netflix weekly rank (views),,,,0.4
AU,netflix,3 Paid streaming (Netflix AU),Films,2025-10-13,Caramelo,,8,10,Netflix weekly rank (views),,,,0.3
AU,netflix,3 Paid streaming (Netflix AU),Films,2025-10-13,The Secret Life of Pets 2,,9,10,Netflix weekly rank (views),,,,0.2
AU,netflix,3 Paid streaming (Netflix AU),Films,2025-10-13,Wonder Park,,10,10,Netflix weekly rank (views),,,,0.1
AU,netflix,3 Paid streaming (Netflix AU),TV,2025-10-13,Victoria Beckham,Victoria Beckham: Limited Series,1,10,Netflix weekly rank (views),,,,1.0
AU,netflix,3 Paid streaming (Netflix AU),TV,2025-10-13,Boots,Boots: Season 1,2,10,Netflix weekly rank (views),,,,0.9
AU,netflix,3 Paid streaming (Netflix AU),TV,2025-10-13,Monster: The Ed Gein Story,Monster: The Ed Gein Story: Season 1,3,10,Netflix weekly rank (views),,,,0.8
AU,netflix,3 Paid streaming (Netflix AU),TV,2025-10-13,The Diplomat,The Diplomat: Season 3,4,10,Netflix weekly rank (views),,,,0.7
AU,netflix,3 Paid streaming (Netflix AU),TV,2025-10-13,No One Saw Us Leave,No One Saw Us Leave: Season 1,5,10,Netflix weekly rank (views),,,,0.6
AU,netflix,3 Paid streaming (Netflix AU),TV,2025-10-13,Wayward,Wayward: Limited Series,6,10,Netflix weekly rank (views),,,,0.5
AU,netflix,3 Paid streaming (Netflix AU),TV,2025-10-13,House of Guinness,House of Guinness: Season 1,7,10,Netflix weekly rank (views),,,,0.4
AU,netflix,3 Paid streaming (Netflix AU),TV,2025-10-13,Is It Cake? Halloween,Is It Cake? Halloween: Season 1,8,10,Netflix weekly rank (views),,,,0.3
AU,netflix,3 Paid streaming (Netflix AU),TV,2025-10-13,Old Money,Old Money: Season 1,9,10,Netflix weekly rank (views),,,,0.2
AU,netflix,3 Paid streaming (Netflix AU),TV,2025-10-13,Raw,"Raw: October 13, 2025",10,10,Netflix weekly rank (views),,,,0.1
AU,netflix,3 Paid streaming (Netflix AU),Films,2025-10-06,KPop Demon Hunters,,1,10,Netflix weekly rank (views),,,,1.0
AU,netflix,3 Paid streaming (Netflix AU),Films,2025-10-06,The Woman in Cabin 10,,2,10,Netflix weekly rank (views),,,,0.9
AU,netflix,3 Paid streaming (Netflix AU),Films,2025-10-06,Black Bag,,3,10,Netflix weekly rank (views),,,,0.8
AU,netflix,3 Paid streaming (Netflix AU),Films,2025-10-06,"My Father, the BTK Killer",,4,10,Netflix weekly rank (views),,,,0.7
AU,netflix,3 Paid streaming (Netflix AU),Films,2025-10-06,Identity Thief,,5,10,Netflix weekly rank (views),,,,0.6
AU,netflix,3 Paid streaming (Netflix AU),Films,2025-10-06,With or Without You,,6,10,Netflix weekly rank (views),,,,0.5
AU,netflix,3 Paid streaming (Netflix AU),Films,2025-10-06,Wonder Park,,7,10,Netflix weekly rank (views),,,,0.4
AU,netflix,3 Paid streaming (Netflix AU),Films,2025-10-06,Under the Boardwalk,,8,10,Netflix weekly rank (views),,,,0.3
AU,netflix,3 Paid streaming (Netflix AU),Films,2025-10-06,Fun with Dick & Jane,,9,10,Netflix weekly rank (views),,,,0.2
AU,netflix,3 Paid streaming (Netflix AU),Films,2025-10-06,Caramelo,,10,10,Netflix weekly rank (views),,,,0.1
AU,netflix,3 Paid streaming (Netflix AU),TV,2025-10-06,Monster: The Ed Gein Story,Monster: The Ed Gein Story: Season 1,1,10,Netflix weekly rank (views),,,,1.0
AU,netflix,3 Paid streaming (Netflix AU),TV,2025-10-06,Victoria Beckham,Victoria Beckham: Limited Series,2,10,Netflix weekly rank (views),,,,0.9
AU,netflix,3 Paid streaming (Netflix AU),TV,2025-10-06,Wayward,Wayward: Limited Series,3,10,Netflix weekly rank (views),,,,0.8
AU,netflix,3 Paid streaming (Netflix AU),TV,2025-10-06,True Haunting,True Haunting: Season 1,4,10,Netflix weekly rank (views),,,,0.7
AU,netflix,3 Paid streaming (Netflix AU),TV,2025-10-06,Is It Cake? Halloween,Is It Cake? Halloween: Season 1,5,10,Netflix weekly rank (views),,,,0.6
AU,netflix,3 Paid streaming (Netflix AU),TV,2025-10-06,House of Guinness,House of Guinness: Season 1,6,10,Netflix weekly rank (views),,,,0.5
AU,netflix,3 Paid streaming (Netflix AU),TV,2025-10-06,Madam,Madam: Season 1,7,10,Netflix weekly rank (views),,,,0.4
AU,netflix,3 Paid streaming (Netflix AU),TV,2025-10-06,Boots,Boots: Season 1,8,10,Netflix weekly rank (views),,,,0.3
AU,netflix,3 Paid streaming (Netflix AU),TV,2025-10-06,Black Rabbit,Black Rabbit: Limited Series,9,10,Netflix weekly rank (views),,,,0.2
AU,netflix,3 Paid streaming (Netflix AU),TV,2025-10-06,WWE Crown Jewel,WWE Crown Jewel: Crown Jewel Perth,10,10,Netflix weekly rank (views),,,,0.1
AU,netflix,3 Paid streaming (Netflix AU),Films,2025-09-29,KPop Demon Hunters,,1,10,Netflix weekly rank (views),,,,1.0
AU,netflix,3 Paid streaming (Netflix AU),Films,2025-09-29,Under the Boardwalk,,2,10,Netflix weekly rank (views),,,,0.9
AU,netflix,3 Paid streaming (Netflix AU),Films,2025-09-29,Ruth & Boaz,,3,10,Netflix weekly rank (views),,,,0.8
AU,netflix,3 Paid streaming (Netflix AU),Films,2025-09-29,Black Bag,,4,10,Netflix weekly rank (views),,,,0.7
AU,netflix,3 Paid streaming (Netflix AU),Films,2025-09-29,Space Jam: A New Legacy,,5,10,Netflix weekly rank (views),,,,0.6
AU,netflix,3 Paid streaming (Netflix AU),Films,2025-09-29,My Dead Friend Zoe,,6,10,Netflix weekly rank (views),,,,0.5
AU,netflix,3 Paid streaming (Netflix AU),Films,2025-09-29,The Wrong Paris,,7,10,Netflix weekly rank (views),,,,0.4
AU,netflix,3 Paid streaming (Netflix AU),Films,2025-09-29,Pale Rider,,8,10,Netflix weekly rank (views),,,,0.3
AU,netflix,3 Paid streaming (Netflix AU),Films,2025-09-29,French Lover,,9,10,Netflix weekly rank (views),,,,0.2
AU,netflix,3 Paid streaming (Netflix AU),Films,2025-09-29,Bridget Jones: Mad About the Boy,,10,10,Netflix weekly rank (views),,,,0.1
AU,netflix,3 Paid streaming (Netflix AU),TV,2025-09-29,Wayward,Wayward: Limited Series,1,10,Netflix weekly rank (views),,,,1.0
AU,netflix,3 Paid streaming (Netflix AU),TV,2025-09-29,Monster: The Ed Gein Story,Monster: The Ed Gein Story: Season 1,2,10,Netflix weekly rank (views),,,,0.9
AU,netflix,3 Paid streaming (Netflix AU),TV,2025-09-29,House of Guinness,House of Guinness: Season 1,3,10,Netflix weekly rank (views),,,,0.8
AU,netflix,3 Paid streaming (Netflix AU),TV,2025-09-29,Black Rabbit,Black Rabbit: Limited Series,4,10,Netflix weekly rank (views),,,,0.7
AU,netflix,3 Paid streaming (Netflix AU),TV,2025-09-29,Madam,Madam: Season 1,5,10,Netflix weekly rank (views),,,,0.6
AU,netflix,3 Paid streaming (Netflix AU),TV,2025-09-29,Alice in Borderland,Alice in Borderland: Season 3,6,10,Netflix weekly rank (views),,,,0.5
AU,netflix,3 Paid streaming (Netflix AU),TV,2025-09-29,Home Economics,Home Economics: Season 1,7,10,Netflix weekly rank (views),,,,0.4
AU,netflix,3 Paid streaming (Netflix AU),TV,2025-09-29,Wednesday,Wednesday: Season 2,8,10,Netflix weekly rank (views),,,,0.3
AU,netflix,3 Paid streaming (Netflix AU),TV,2025-09-29,"Bon Appétit, Your Majesty","Bon Appétit, Your Majesty: Limited Series",9,10,Netflix weekly rank (views),,,,0.2
AU,netflix,3 Paid streaming (Netflix AU),TV,2025-09-29,Ms. Rachel,Ms. Rachel: Season 1,10,10,Netflix weekly rank (views),,,,0.1
US,netflix,US Netflix,Films,2026-09-21,UNABOMBER,,1,10,Netflix weekly rank (views),,,,1.0
US,netflix,US Netflix,Films,2026-09-21,The Ministry of Ungentlemanly Warfare,,2,10,Netflix weekly rank (views),,,,0.9
US,netflix,US Netflix,Films,2026-09-21,Top Gun: Maverick,,3,10,Netflix weekly rank (views),,,,0.8
US,netflix,US Netflix,Films,2026-09-21,Best of the Best,,4,10,Netflix weekly rank (views),,,,0.7
US,netflix,US Netflix,Films,2026-09-21,The Breadwinner,,5,10,Netflix weekly rank (views),,,,0.6
US,netflix,US Netflix,Films,2026-09-21,Why Did I Get Married Again?,,6,10,Netflix weekly rank (views),,,,0.5
US,netflix,US Netflix,Films,2026-09-21,The Seemingly Perfect Family,,7,10,Netflix weekly rank (views),,,,0.4
US,netflix,US Netflix,Films,2026-09-21,Puss in Boots: The Last Wish,,8,10,Netflix weekly rank (views),,,,0.3
US,netflix,US Netflix,Films,2026-09-21,Knock at the Cabin,,9,10,Netflix weekly rank (views),,,,0.2
US,netflix,US Netflix,Films,2026-09-21,The Matchmaker's Playbook,,10,10,Netflix weekly rank (views),,,,0.1
US,netflix,US Netflix,TV,2026-09-21,Monster: The Lizzie Borden Story,Monster: The Lizzie Borden Story: Season 1,1,10,Netflix weekly rank (views),,,,1.0
US,netflix,US Netflix,TV,2026-09-21,A Different World,A Different World: Season 1,2,10,Netflix weekly rank (views),,,,0.9
US,netflix,US Netflix,TV,2026-09-21,Wonka's The Golden Ticket,Wonka's The Golden Ticket: Season 1,3,10,Netflix weekly rank (views),,,,0.8
US,netflix,US Netflix,TV,2026-09-21,The Great British Baking Show,The Great British Baking Show: Collection 14,4,10,Netflix weekly rank (views),,,,0.7
US,netflix,US Netflix,TV,2026-09-21,Raw,"Raw: September 21, 2026",5,10,Netflix weekly rank (views),,,,0.6
US,netflix,US Netflix,TV,2026-09-21,Not a Stranger,Not a Stranger: Season 1,6,10,Netflix weekly rank (views),,,,0.5
US,netflix,US Netflix,TV,2026-09-21,Jo Koy: Blue in the Face,,7,10,Netflix weekly rank (views),,,,0.4
US,netflix,US Netflix,TV,2026-09-21,Crew Girl,Crew Girl: Season 1,8,10,Netflix weekly rank (views),,,,0.3
US,netflix,US Netflix,TV,2026-09-21,Ms. Rachel,Ms. Rachel: Season 1,9,10,Netflix weekly rank (views),,,,0.2
US,netflix,US Netflix,TV,2026-09-21,Danny Go!,Danny Go!: Season 2,10,10,Netflix weekly rank (views),,,,0.1
US,netflix,US Netflix,Films,2026-09-14,Why Did I Get Married Again?,,1,10,Netflix weekly rank (views),,,,1.0
US,netflix,US Netflix,Films,2026-09-14,The Seemingly Perfect Family,,2,10,Netflix weekly rank (views),,,,0.9
US,netflix,US Netflix,Films,2026-09-14,The Ministry of Ungentlemanly Warfare,,3,10,Netflix weekly rank (views),,,,0.8
US,netflix,US Netflix,Films,2026-09-14,Puss in Boots: The Last Wish,,4,10,Netflix weekly rank (views),,,,0.7
US,netflix,US Netflix,Films,2026-09-14,Those Who Wish Me Dead,,5,10,Netflix weekly rank (views),,,,0.6
US,netflix,US Netflix,Films,2026-09-14,The Whisper Man,,6,10,Netflix weekly rank (views),,,,0.5
US,netflix,US Netflix,Films,2026-09-14,Best of the Best,,7,10,Netflix weekly rank (views),,,,0.4
US,netflix,US Netflix,Films,2026-09-14,Shark Tale,,8,10,Netflix weekly rank (views),,,,0.3
US,netflix,US Netflix,Films,2026-09-14,The Angry Birds Movie 2,,9,10,Netflix weekly rank (views),,,,0.2
US,netflix,US Netflix,Films,2026-09-14,KPop Demon Hunters,,10,10,Netflix weekly rank (views),,,,0.1
US,netflix,US Netflix,TV,2026-09-14,Monster: The Lizzie Borden Story,Monster: The Lizzie Borden Story: Season 1,1,10,Netflix weekly rank (views),,,,1.0
US,netflix,US Netflix,TV,2026-09-14,Crew Girl,Crew Girl: Season 1,2,10,Netflix weekly rank (views),,,,0.9
US,netflix,US Netflix,TV,2026-09-14,Jo Koy: Blue in the Face,,3,10,Netflix weekly rank (views),,,,0.8
US,netflix,US Netflix,TV,2026-09-14,Raw,"Raw: September 14, 2026",4,10,Netflix weekly rank (views),,,,0.7
US,netflix,US Netflix,TV,2026-09-14,The Perfect Lie,The Perfect Lie: Season 1,5,10,Netflix weekly rank (views),,,,0.6
US,netflix,US Netflix,TV,2026-09-14,I Survived a Serial Killer,I Survived a Serial Killer: Season 1,6,10,Netflix weekly rank (views),,,,0.5
US,netflix,US Netflix,TV,2026-09-14,Death of the Pastor's Wife,Death of the Pastor's Wife: Season 1,7,10,Netflix weekly rank (views),,,,0.4
US,netflix,US Netflix,TV,2026-09-14,Gabby's Dollhouse,Gabby's Dollhouse: Season 14,8,10,Netflix weekly rank (views),,,,0.3
US,netflix,US Netflix,TV,2026-09-14,The Gentlemen,The Gentlemen: Season 2,9,10,Netflix weekly rank (views),,,,0.2
US,netflix,US Netflix,TV,2026-09-14,Danny Go!,Danny Go!: Season 2,10,10,Netflix weekly rank (views),,,,0.1
US,netflix,US Netflix,Films,2026-09-07,Why Did I Get Married Again?,,1,10,Netflix weekly rank (views),,,,1.0
US,netflix,US Netflix,Films,2026-09-07,Those Who Wish Me Dead,,2,10,Netflix weekly rank (views),,,,0.9
US,netflix,US Netflix,Films,2026-09-07,The Whisper Man,,3,10,Netflix weekly rank (views),,,,0.8
US,netflix,US Netflix,Films,2026-09-07,Turning Point: Generation 9/11,,4,10,Netflix weekly rank (views),,,,0.7
US,netflix,US Netflix,Films,2026-09-07,Contraband,,5,10,Netflix weekly rank (views),,,,0.6
US,netflix,US Netflix,Films,2026-09-07,Untold Mr. T: I Pity The Fool,,6,10,Netflix weekly rank (views),,,,0.5
US,netflix,US Netflix,Films,2026-09-07,The Angry Birds Movie 2,,7,10,Netflix weekly rank (views),,,,0.4
US,netflix,US Netflix,Films,2026-09-07,Shark Tale,,8,10,Netflix weekly rank (views),,,,0.3
US,netflix,US Netflix,Films,2026-09-07,The Secret Woman,,9,10,Netflix weekly rank (views),,,,0.2
US,netflix,US Netflix,Films,2026-09-07,Ready or Not,,10,10,Netflix weekly rank (views),,,,0.1
US,netflix,US Netflix,TV,2026-09-07,Death of the Pastor's Wife,Death of the Pastor's Wife: Season 1,1,10,Netflix weekly rank (views),,,,1.0
US,netflix,US Netflix,TV,2026-09-07,Instadocs: The Decoy Plane,,2,10,Netflix weekly rank (views),,,,0.9
US,netflix,US Netflix,TV,2026-09-07,The Gentlemen,The Gentlemen: Season 2,3,10,Netflix weekly rank (views),,,,0.8
US,netflix,US Netflix,TV,2026-09-07,Earle Meets World,Earle Meets World: Season 1,4,10,Netflix weekly rank (views),,,,0.7
US,netflix,US Netflix,TV,2026-09-07,Raw,"Raw: September 7, 2026",5,10,Netflix weekly rank (views),,,,0.6
US,netflix,US Netflix,TV,2026-09-07,Crew Girl,Crew Girl: Season 1,6,10,Netflix weekly rank (views),,,,0.5
US,netflix,US Netflix,TV,2026-09-07,Beauty in Black,Beauty in Black: Season 3,7,10,Netflix weekly rank (views),,,,0.4
US,netflix,US Netflix,TV,2026-09-07,Danny Go!,Danny Go!: Season 2,8,10,Netflix weekly rank (views),,,,0.3
US,netflix,US Netflix,TV,2026-09-07,The Gentlemen,The Gentlemen: Season 1,9,10,Netflix weekly rank (views),,,,0.2
US,netflix,US Netflix,TV,2026-09-07,Ms. Rachel,Ms. Rachel: Season 1,10,10,Netflix weekly rank (views),,,,0.1
US,netflix,US Netflix,Films,2026-08-31,The Whisper Man,,1,10,Netflix weekly rank (views),,,,1.0
US,netflix,US Netflix,Films,2026-08-31,The Secret Woman,,2,10,Netflix weekly rank (views),,,,0.9
US,netflix,US Netflix,Films,2026-08-31,The Angry Birds Movie 2,,3,10,Netflix weekly rank (views),,,,0.8
US,netflix,US Netflix,Films,2026-08-31,Turning Point: Generation 9/11,,4,10,Netflix weekly rank (views),,,,0.7
US,netflix,US Netflix,Films,2026-08-31,Facing El Chapo,,5,10,Netflix weekly rank (views),,,,0.6
US,netflix,US Netflix,Films,2026-08-31,Untold Raygun: Breaking Badly,,6,10,Netflix weekly rank (views),,,,0.5
US,netflix,US Netflix,Films,2026-08-31,Straight Outta Compton,,7,10,Netflix weekly rank (views),,,,0.4
US,netflix,US Netflix,Films,2026-08-31,9 to 5,,8,10,Netflix weekly rank (views),,,,0.3
US,netflix,US Netflix,Films,2026-08-31,Ready or Not,,9,10,Netflix weekly rank (views),,,,0.2
US,netflix,US Netflix,Films,2026-08-31,Shark Tale,,10,10,Netflix weekly rank (views),,,,0.1
US,netflix,US Netflix,TV,2026-08-31,Death of the Pastor's Wife,Death of the Pastor's Wife: Season 1,1,10,Netflix weekly rank (views),,,,1.0
US,netflix,US Netflix,TV,2026-08-31,Beauty in Black,Beauty in Black: Season 3,2,10,Netflix weekly rank (views),,,,0.9
US,netflix,US Netflix,TV,2026-08-31,Instadocs: The Decoy Plane,,3,10,Netflix weekly rank (views),,,,0.8
US,netflix,US Netflix,TV,2026-08-31,Leanne,Leanne: Season 2,4,10,Netflix weekly rank (views),,,,0.7
US,netflix,US Netflix,TV,2026-08-31,Danny Go!,Danny Go!: Season 2,5,10,Netflix weekly rank (views),,,,0.6
US,netflix,US Netflix,TV,2026-08-31,The Gentlemen,The Gentlemen: Season 2,6,10,Netflix weekly rank (views),,,,0.5
US,netflix,US Netflix,TV,2026-08-31,Outer Banks,Outer Banks: Season 5,7,10,Netflix weekly rank (views),,,,0.4
US,netflix,US Netflix,TV,2026-08-31,Earle Meets World,Earle Meets World: Season 1,8,10,Netflix weekly rank (views),,,,0.3
US,netflix,US Netflix,TV,2026-08-31,Talamasca: The Secret Order,Talamasca: The Secret Order: Season 1,9,10,Netflix weekly rank (views),,,,0.2
US,netflix,US Netflix,TV,2026-08-31,Ms. Rachel,Ms. Rachel: Season 1,10,10,Netflix weekly rank (views),,,,0.1
US,netflix,US Netflix,Films,2026-08-24,Grand Theft Auto VI: An Extended Look,,1,10,Netflix weekly rank (views),,,,1.0
US,netflix,US Netflix,Films,2026-08-24,The Whisper Man,,2,10,Netflix weekly rank (views),,,,0.9
US,netflix,US Netflix,Films,2026-08-24,Facing El Chapo,,3,10,Netflix weekly rank (views),,,,0.8
US,netflix,US Netflix,Films,2026-08-24,The Secret Woman,,4,10,Netflix weekly rank (views),,,,0.7
US,netflix,US Netflix,Films,2026-08-24,Untold: The Testimony of Vince Young,,5,10,Netflix weekly rank (views),,,,0.6
US,netflix,US Netflix,Films,2026-08-24,The Angry Birds Movie 2,,6,10,Netflix weekly rank (views),,,,0.5
US,netflix,US Netflix,Films,2026-08-24,Don't Say Good Luck,,7,10,Netflix weekly rank (views),,,,0.4
US,netflix,US Netflix,Films,2026-08-24,To Catch a Cheater,,8,10,Netflix weekly rank (views),,,,0.3
US,netflix,US Netflix,Films,2026-08-24,The Last House,,9,10,Netflix weekly rank (views),,,,0.2
US,netflix,US Netflix,Films,2026-08-24,72 HOURS,,10,10,Netflix weekly rank (views),,,,0.1
US,netflix,US Netflix,TV,2026-08-24,Death of the Pastor's Wife,Death of the Pastor's Wife: Season 1,1,10,Netflix weekly rank (views),,,,1.0
US,netflix,US Netflix,TV,2026-08-24,Beauty in Black,Beauty in Black: Season 3,2,10,Netflix weekly rank (views),,,,0.9
US,netflix,US Netflix,TV,2026-08-24,Outer Banks,Outer Banks: Season 5,3,10,Netflix weekly rank (views),,,,0.8
US,netflix,US Netflix,TV,2026-08-24,Talamasca: The Secret Order,Talamasca: The Secret Order: Season 1,4,10,Netflix weekly rank (views),,,,0.7
US,netflix,US Netflix,TV,2026-08-24,Danny Go!,Danny Go!: Season 2,5,10,Netflix weekly rank (views),,,,0.6
US,netflix,US Netflix,TV,2026-08-24,Leanne,Leanne: Season 2,6,10,Netflix weekly rank (views),,,,0.5
US,netflix,US Netflix,TV,2026-08-24,Raw,"Raw: August 24, 2026",7,10,Netflix weekly rank (views),,,,0.4
US,netflix,US Netflix,TV,2026-08-24,Blood Sacrifice,Blood Sacrifice: Season 1,8,10,Netflix weekly rank (views),,,,0.3
US,netflix,US Netflix,TV,2026-08-24,Salish & Jordan Matter,Salish & Jordan Matter: Season 3,9,10,Netflix weekly rank (views),,,,0.2
US,netflix,US Netflix,TV,2026-08-24,Let's Marry Harry: The Reunion,,10,10,Netflix weekly rank (views),,,,0.1
US,netflix,US Netflix,Films,2026-08-17,Don't Say Good Luck,,1,10,Netflix weekly rank (views),,,,1.0
US,netflix,US Netflix,Films,2026-08-17,Facing El Chapo,,2,10,Netflix weekly rank (views),,,,0.9
US,netflix,US Netflix,Films,2026-08-17,The Dating App Killer: The Monica White Story,,3,10,Netflix weekly rank (views),,,,0.8
US,netflix,US Netflix,Films,2026-08-17,To Catch a Cheater,,4,10,Netflix weekly rank (views),,,,0.7
US,netflix,US Netflix,Films,2026-08-17,The Last House,,5,10,Netflix weekly rank (views),,,,0.6
US,netflix,US Netflix,Films,2026-08-17,Freefall: A Reckoning for Boeing,,6,10,Netflix weekly rank (views),,,,0.5
US,netflix,US Netflix,Films,2026-08-17,The Great Wall,,7,10,Netflix weekly rank (views),,,,0.4
US,netflix,US Netflix,Films,2026-08-17,A Child of My Own,,8,10,Netflix weekly rank (views),,,,0.3
US,netflix,US Netflix,Films,2026-08-17,Spider-Man: Into the Spider-Verse,,9,10,Netflix weekly rank (views),,,,0.2
US,netflix,US Netflix,Films,2026-08-17,Arthur the King,,10,10,Netflix weekly rank (views),,,,0.1
US,netflix,US Netflix,TV,2026-08-17,Outer Banks,Outer Banks: Season 5,1,10,Netflix weekly rank (views),,,,1.0
US,netflix,US Netflix,TV,2026-08-17,Tires,Tires: Season 3,2,10,Netflix weekly rank (views),,,,0.9
US,netflix,US Netflix,TV,2026-08-17,Raw,"Raw: August 17, 2026",3,10,Netflix weekly rank (views),,,,0.8
US,netflix,US Netflix,TV,2026-08-17,Conversations with a Killer: The Charles Manson Tapes,Conversations with a Killer: The Charles Manson Tapes: Season 1,4,10,Netflix weekly rank (views),,,,0.7
US,netflix,US Netflix,TV,2026-08-17,My Life With the Walter Boys,My Life With the Walter Boys: Season 3,5,10,Netflix weekly rank (views),,,,0.6
US,netflix,US Netflix,TV,2026-08-17,My Brilliant Career,My Brilliant Career: Season 1,6,10,Netflix weekly rank (views),,,,0.5
US,netflix,US Netflix,TV,2026-08-17,Danny Go!,Danny Go!: Season 1,7,10,Netflix weekly rank (views),,,,0.4
US,netflix,US Netflix,TV,2026-08-17,Blood Sacrifice,Blood Sacrifice: Season 1,8,10,Netflix weekly rank (views),,,,0.3
US,netflix,US Netflix,TV,2026-08-17,Ms. Rachel,Ms. Rachel: Season 1,9,10,Netflix weekly rank (views),,,,0.2
US,netflix,US Netflix,TV,2026-08-17,The Idaho Murders: College Nightmare,The Idaho Murders: College Nightmare: Season 1,10,10,Netflix weekly rank (views),,,,0.1
US,netflix,US Netflix,Films,2026-08-10,The Last House,,1,10,Netflix weekly rank (views),,,,1.0
US,netflix,US Netflix,Films,2026-08-10,Arthur the King,,2,10,Netflix weekly rank (views),,,,0.9
US,netflix,US Netflix,Films,2026-08-10,The Dating App Killer: The Monica White Story,,3,10,Netflix weekly rank (views),,,,0.8
US,netflix,US Netflix,Films,2026-08-10,Don't Say Good Luck,,4,10,Netflix weekly rank (views),,,,0.7
US,netflix,US Netflix,Films,2026-08-10,In the Land of Saints and Sinners,,5,10,Netflix weekly rank (views),,,,0.6
US,netflix,US Netflix,Films,2026-08-10,Minions,,6,10,Netflix weekly rank (views),,,,0.5
US,netflix,US Netflix,Films,2026-08-10,72 HOURS,,7,10,Netflix weekly rank (views),,,,0.4
US,netflix,US Netflix,Films,2026-08-10,Spider-Man: Homecoming,,8,10,Netflix weekly rank (views),,,,0.3
US,netflix,US Netflix,Films,2026-08-10,Spider-Man: Into the Spider-Verse,,9,10,Netflix weekly rank (views),,,,0.2
US,netflix,US Netflix,Films,2026-08-10,Law Abiding Citizen,,10,10,Netflix weekly rank (views),,,,0.1
US,netflix,US Netflix,TV,2026-08-10,My Life With the Walter Boys,My Life With the Walter Boys: Season 3,1,10,Netflix weekly rank (views),,,,1.0
US,netflix,US Netflix,TV,2026-08-10,Conversations with a Killer: The Charles Manson Tapes,Conversations with a Killer: The Charles Manson Tapes: Season 1,2,10,Netflix weekly rank (views),,,,0.9
US,netflix,US Netflix,TV,2026-08-10,Tires,Tires: Season 3,3,10,Netflix weekly rank (views),,,,0.8
US,netflix,US Netflix,TV,2026-08-10,The Idaho Murders: College Nightmare,The Idaho Murders: College Nightmare: Season 1,4,10,Netflix weekly rank (views),,,,0.7
US,netflix,US Netflix,TV,2026-08-10,Raw,"Raw: August 10, 2026",5,10,Netflix weekly rank (views),,,,0.6
US,netflix,US Netflix,TV,2026-08-10,Best Medicine,Best Medicine: Season 1,6,10,Netflix weekly rank (views),,,,0.5
US,netflix,US Netflix,TV,2026-08-10,Ms. Rachel,Ms. Rachel: Season 1,7,10,Netflix weekly rank (views),,,,0.4
US,netflix,US Netflix,TV,2026-08-10,Danny Go!,Danny Go!: Season 1,8,10,Netflix weekly rank (views),,,,0.3
US,netflix,US Netflix,TV,2026-08-10,Ms. Rachel,Ms. Rachel: Season 2,9,10,Netflix weekly rank (views),,,,0.2
US,netflix,US Netflix,TV,2026-08-10,Let's Marry Harry,Let's Marry Harry: Season 1,10,10,Netflix weekly rank (views),,,,0.1
US,netflix,US Netflix,Films,2026-08-03,The Last House,,1,10,Netflix weekly rank (views),,,,1.0
US,netflix,US Netflix,Films,2026-08-03,72 HOURS,,2,10,Netflix weekly rank (views),,,,0.9
US,netflix,US Netflix,Films,2026-08-03,In the Land of Saints and Sinners,,3,10,Netflix weekly rank (views),,,,0.8
US,netflix,US Netflix,Films,2026-08-03,Minions,,4,10,Netflix weekly rank (views),,,,0.7
US,netflix,US Netflix,Films,2026-08-03,"Terry McMillan Presents: His, Hers & Ours",,5,10,Netflix weekly rank (views),,,,0.6
US,netflix,US Netflix,Films,2026-08-03,Five Nights at Freddy's 2,,6,10,Netflix weekly rank (views),,,,0.5
US,netflix,US Netflix,Films,2026-08-03,Chief of Station,,7,10,Netflix weekly rank (views),,,,0.4
US,netflix,US Netflix,Films,2026-08-03,Spider-Man: Homecoming,,8,10,Netflix weekly rank (views),,,,0.3
US,netflix,US Netflix,Films,2026-08-03,Black Adam,,9,10,Netflix weekly rank (views),,,,0.2
US,netflix,US Netflix,Films,2026-08-03,A Toxic Love Story,,10,10,Netflix weekly rank (views),,,,0.1
US,netflix,US Netflix,TV,2026-08-03,The Idaho Murders: College Nightmare,The Idaho Murders: College Nightmare: Season 1,1,10,Netflix weekly rank (views),,,,1.0
US,netflix,US Netflix,TV,2026-08-03,My Life With the Walter Boys,My Life With the Walter Boys: Season 3,2,10,Netflix weekly rank (views),,,,0.9
US,netflix,US Netflix,TV,2026-08-03,The Bombing of Pan Am 103,The Bombing of Pan Am 103: Limited Series,3,10,Netflix weekly rank (views),,,,0.8
US,netflix,US Netflix,TV,2026-08-03,Raw,"Raw: August 3, 2026",4,10,Netflix weekly rank (views),,,,0.7
US,netflix,US Netflix,TV,2026-08-03,Best Medicine,Best Medicine: Season 1,5,10,Netflix weekly rank (views),,,,0.6
US,netflix,US Netflix,TV,2026-08-03,Ransom Canyon,Ransom Canyon: Season 2,6,10,Netflix weekly rank (views),,,,0.5
US,netflix,US Netflix,TV,2026-08-03,Ms. Rachel,Ms. Rachel: Season 1,7,10,Netflix weekly rank (views),,,,0.4
US,netflix,US Netflix,TV,2026-08-03,The Hawk,The Hawk: Season 1,8,10,Netflix weekly rank (views),,,,0.3
US,netflix,US Netflix,TV,2026-08-03,I Will Find You,I Will Find You: Limited Series,9,10,Netflix weekly rank (views),,,,0.2
US,netflix,US Netflix,TV,2026-08-03,Danny Go!,Danny Go!: Season 1,10,10,Netflix weekly rank (views),,,,0.1
US,netflix,US Netflix,Films,2026-07-27,72 HOURS,,1,10,Netflix weekly rank (views),,,,1.0
US,netflix,US Netflix,Films,2026-07-27,A Toxic Love Story,,2,10,Netflix weekly rank (views),,,,0.9
US,netflix,US Netflix,Films,2026-07-27,Ordinary Angels,,3,10,Netflix weekly rank (views),,,,0.8
US,netflix,US Netflix,Films,2026-07-27,A Quiet Place: Day One,,4,10,Netflix weekly rank (views),,,,0.7
US,netflix,US Netflix,Films,2026-07-27,Elize: Shadows of a Woman,,5,10,Netflix weekly rank (views),,,,0.6
US,netflix,US Netflix,Films,2026-07-27,"Terry McMillan Presents: His, Hers & Ours",,6,10,Netflix weekly rank (views),,,,0.5
US,netflix,US Netflix,Films,2026-07-27,The Debt Collector,,7,10,Netflix weekly rank (views),,,,0.4
US,netflix,US Netflix,Films,2026-07-27,Spider-Man: Homecoming,,8,10,Netflix weekly rank (views),,,,0.3
US,netflix,US Netflix,Films,2026-07-27,The Boss Baby,,9,10,Netflix weekly rank (views),,,,0.2
US,netflix,US Netflix,Films,2026-07-27,KPop Demon Hunters,,10,10,Netflix weekly rank (views),,,,0.1
US,netflix,US Netflix,TV,2026-07-27,The Idaho Murders: College Nightmare,The Idaho Murders: College Nightmare: Season 1,1,10,Netflix weekly rank (views),,,,1.0
US,netflix,US Netflix,TV,2026-07-27,Ransom Canyon,Ransom Canyon: Season 2,2,10,Netflix weekly rank (views),,,,0.9
US,netflix,US Netflix,TV,2026-07-27,The Hawk,The Hawk: Season 1,3,10,Netflix weekly rank (views),,,,0.8
US,netflix,US Netflix,TV,2026-07-27,The Bombing of Pan Am 103,The Bombing of Pan Am 103: Limited Series,4,10,Netflix weekly rank (views),,,,0.7
US,netflix,US Netflix,TV,2026-07-27,Raw,"Raw: July 27, 2026",5,10,Netflix weekly rank (views),,,,0.6
US,netflix,US Netflix,TV,2026-07-27,My Daughter's Father,My Daughter's Father: Season 1,6,10,Netflix weekly rank (views),,,,0.5
US,netflix,US Netflix,TV,2026-07-27,I Will Find You,I Will Find You: Limited Series,7,10,Netflix weekly rank (views),,,,0.4
US,netflix,US Netflix,TV,2026-07-27,Ransom Canyon,Ransom Canyon: Season 1,8,10,Netflix weekly rank (views),,,,0.3
US,netflix,US Netflix,TV,2026-07-27,Elite Force,Elite Force: Season 1,9,10,Netflix weekly rank (views),,,,0.2
US,netflix,US Netflix,TV,2026-07-27,Little House on the Prairie,Little House on the Prairie: Season 1,10,10,Netflix weekly rank (views),,,,0.1
US,netflix,US Netflix,Films,2026-07-20,A Toxic Love Story,,1,10,Netflix weekly rank (views),,,,1.0
US,netflix,US Netflix,Films,2026-07-20,72 HOURS,,2,10,Netflix weekly rank (views),,,,0.9
US,netflix,US Netflix,Films,2026-07-20,Ordinary Angels,,3,10,Netflix weekly rank (views),,,,0.8
US,netflix,US Netflix,Films,2026-07-20,Sniper: No Nation,,4,10,Netflix weekly rank (views),,,,0.7
US,netflix,US Netflix,Films,2026-07-20,Wicked: For Good,,5,10,Netflix weekly rank (views),,,,0.6
US,netflix,US Netflix,Films,2026-07-20,Elize: Shadows of a Woman,,6,10,Netflix weekly rank (views),,,,0.5
US,netflix,US Netflix,Films,2026-07-20,Desire,,7,10,Netflix weekly rank (views),,,,0.4
US,netflix,US Netflix,Films,2026-07-20,The Hunger Games,,8,10,Netflix weekly rank (views),,,,0.3
US,netflix,US Netflix,Films,2026-07-20,The Boss Baby,,9,10,Netflix weekly rank (views),,,,0.2
US,netflix,US Netflix,Films,2026-07-20,Voicemails for Isabelle,,10,10,Netflix weekly rank (views),,,,0.1
US,netflix,US Netflix,TV,2026-07-20,The Hawk,The Hawk: Season 1,1,10,Netflix weekly rank (views),,,,1.0
US,netflix,US Netflix,TV,2026-07-20,Ransom Canyon,Ransom Canyon: Season 2,2,10,Netflix weekly rank (views),,,,0.9
US,netflix,US Netflix,TV,2026-07-20,I Will Find You,I Will Find You: Limited Series,3,10,Netflix weekly rank (views),,,,0.8
US,netflix,US Netflix,TV,2026-07-20,The Ultimatum: Marry or Move On,The Ultimatum: Marry or Move On: Season 4,4,10,Netflix weekly rank (views),,,,0.7
US,netflix,US Netflix,TV,2026-07-20,Raw,"Raw: July 20, 2026",5,10,Netflix weekly rank (views),,,,0.6
US,netflix,US Netflix,TV,2026-07-20,Little House on the Prairie,Little House on the Prairie: Season 1,6,10,Netflix weekly rank (views),,,,0.5
US,netflix,US Netflix,TV,2026-07-20,Elite Force,Elite Force: Season 1,7,10,Netflix weekly rank (views),,,,0.4
US,netflix,US Netflix,TV,2026-07-20,Worst Neighbor Ever,Worst Neighbor Ever: Season 1,8,10,Netflix weekly rank (views),,,,0.3
US,netflix,US Netflix,TV,2026-07-20,My Daughter's Father,My Daughter's Father: Season 1,9,10,Netflix weekly rank (views),,,,0.2
US,netflix,US Netflix,TV,2026-07-20,Ms. Rachel,Ms. Rachel: Season 1,10,10,Netflix weekly rank (views),,,,0.1
US,netflix,US Netflix,Films,2026-07-13,Shipwrecked: Nightmare at Sea,,1,10,Netflix weekly rank (views),,,,1.0
US,netflix,US Netflix,Films,2026-07-13,The Boss Baby,,2,10,Netflix weekly rank (views),,,,0.9
US,netflix,US Netflix,Films,2026-07-13,Desire,,3,10,Netflix weekly rank (views),,,,0.8
US,netflix,US Netflix,Films,2026-07-13,The Body in the Locker,,4,10,Netflix weekly rank (views),,,,0.7
US,netflix,US Netflix,Films,2026-07-13,Voicemails for Isabelle,,5,10,Netflix weekly rank (views),,,,0.6
US,netflix,US Netflix,Films,2026-07-13,Nothing to Lose,,6,10,Netflix weekly rank (views),,,,0.5
US,netflix,US Netflix,Films,2026-07-13,White Chicks,,7,10,Netflix weekly rank (views),,,,0.4
US,netflix,US Netflix,Films,2026-07-13,The Hunger Games: The Ballad of Songbirds and Snakes,,8,10,Netflix weekly rank (views),,,,0.3
US,netflix,US Netflix,Films,2026-07-13,Old Henry,,9,10,Netflix weekly rank (views),,,,0.2
US,netflix,US Netflix,Films,2026-07-13,The Hunger Games,,10,10,Netflix weekly rank (views),,,,0.1
US,netflix,US Netflix,TV,2026-07-13,The Hawk,The Hawk: Season 1,1,10,Netflix weekly rank (views),,,,1.0
US,netflix,US Netflix,TV,2026-07-13,Little House on the Prairie,Little House on the Prairie: Season 1,2,10,Netflix weekly rank (views),,,,0.9
US,netflix,US Netflix,TV,2026-07-13,I Will Find You,I Will Find You: Limited Series,3,10,Netflix weekly rank (views),,,,0.8
US,netflix,US Netflix,TV,2026-07-13,Worst Neighbor Ever,Worst Neighbor Ever: Season 1,4,10,Netflix weekly rank (views),,,,0.7
US,netflix,US Netflix,TV,2026-07-13,Hot Ones: Extra Heat,Hot Ones: Extra Heat: Season 1,5,10,Netflix weekly rank (views),,,,0.6
US,netflix,US Netflix,TV,2026-07-13,Raw,"Raw: July 13, 2026",6,10,Netflix weekly rank (views),,,,0.5
US,netflix,US Netflix,TV,2026-07-13,The Ultimatum: Marry or Move On,The Ultimatum: Marry or Move On: Season 4,7,10,Netflix weekly rank (views),,,,0.4
US,netflix,US Netflix,TV,2026-07-13,I'm Not Afraid,I'm Not Afraid: Limited Series,8,10,Netflix weekly rank (views),,,,0.3
US,netflix,US Netflix,TV,2026-07-13,José Totoy 3,,9,10,Netflix weekly rank (views),,,,0.2
US,netflix,US Netflix,TV,2026-07-13,Ms. Rachel,Ms. Rachel: Season 1,10,10,Netflix weekly rank (views),,,,0.1
US,netflix,US Netflix,Films,2026-07-06,Shipwrecked: Nightmare at Sea,,1,10,Netflix weekly rank (views),,,,1.0
US,netflix,US Netflix,Films,2026-07-06,Old Henry,,2,10,Netflix weekly rank (views),,,,0.9
US,netflix,US Netflix,Films,2026-07-06,White Chicks,,3,10,Netflix weekly rank (views),,,,0.8
US,netflix,US Netflix,Films,2026-07-06,Enola Holmes 3,,4,10,Netflix weekly rank (views),,,,0.7
US,netflix,US Netflix,Films,2026-07-06,Voicemails for Isabelle,,5,10,Netflix weekly rank (views),,,,0.6
US,netflix,US Netflix,Films,2026-07-06,The Boss Baby,,6,10,Netflix weekly rank (views),,,,0.5
US,netflix,US Netflix,Films,2026-07-06,Spider-Man: Homecoming,,7,10,Netflix weekly rank (views),,,,0.4
US,netflix,US Netflix,Films,2026-07-06,Gone Girl,,8,10,Netflix weekly rank (views),,,,0.3
US,netflix,US Netflix,Films,2026-07-06,Little Brother,,9,10,Netflix weekly rank (views),,,,0.2
US,netflix,US Netflix,Films,2026-07-06,Charlie and the Chocolate Factory,,10,10,Netflix weekly rank (views),,,,0.1
US,netflix,US Netflix,TV,2026-07-06,Worst Neighbor Ever,Worst Neighbor Ever: Season 1,1,10,Netflix weekly rank (views),,,,1.0
US,netflix,US Netflix,TV,2026-07-06,I Will Find You,I Will Find You: Limited Series,2,10,Netflix weekly rank (views),,,,0.9
US,netflix,US Netflix,TV,2026-07-06,Little House on the Prairie,Little House on the Prairie: Season 1,3,10,Netflix weekly rank (views),,,,0.8
US,netflix,US Netflix,TV,2026-07-06,Raw,"Raw: July 6, 2026",4,10,Netflix weekly rank (views),,,,0.7
US,netflix,US Netflix,TV,2026-07-06,Sullivan's Crossing,Sullivan's Crossing: Season 4,5,10,Netflix weekly rank (views),,,,0.6
US,netflix,US Netflix,TV,2026-07-06,Jeff Arcuri: Nice to Meet You,,6,10,Netflix weekly rank (views),,,,0.5
US,netflix,US Netflix,TV,2026-07-06,Avatar: The Last Airbender,Avatar: The Last Airbender: Season 2,7,10,Netflix weekly rank (views),,,,0.4
US,netflix,US Netflix,TV,2026-07-06,Salish & Jordan Matter,Salish & Jordan Matter: Season 2,8,10,Netflix weekly rank (views),,,,0.3
US,netflix,US Netflix,TV,2026-07-06,Dark Winds,Dark Winds: Season 4,9,10,Netflix weekly rank (views),,,,0.2
US,netflix,US Netflix,TV,2026-07-06,Survival of the Thickest,Survival of the Thickest: Season 3,10,10,Netflix weekly rank (views),,,,0.1
US,netflix,US Netflix,Films,2026-06-29,Little Brother,,1,10,Netflix weekly rank (views),,,,1.0
US,netflix,US Netflix,Films,2026-06-29,Enola Holmes 3,,2,10,Netflix weekly rank (views),,,,0.9
US,netflix,US Netflix,Films,2026-06-29,Voicemails for Isabelle,,3,10,Netflix weekly rank (views),,,,0.8
US,netflix,US Netflix,Films,2026-06-29,Spider-Man: Homecoming,,4,10,Netflix weekly rank (views),,,,0.7
US,netflix,US Netflix,Films,2026-06-29,Maternal Instinct,,5,10,Netflix weekly rank (views),,,,0.6
US,netflix,US Netflix,Films,2026-06-29,Minions: The Rise of Gru,,6,10,Netflix weekly rank (views),,,,0.5
US,netflix,US Netflix,Films,2026-06-29,Hunting Housewives,,7,10,Netflix weekly rank (views),,,,0.4
US,netflix,US Netflix,Films,2026-06-29,Gone Girl,,8,10,Netflix weekly rank (views),,,,0.3
US,netflix,US Netflix,Films,2026-06-29,The Boss Baby,,9,10,Netflix weekly rank (views),,,,0.2
US,netflix,US Netflix,Films,2026-06-29,KPop Demon Hunters,,10,10,Netflix weekly rank (views),,,,0.1
US,netflix,US Netflix,TV,2026-06-29,Worst Neighbor Ever,Worst Neighbor Ever: Season 1,1,10,Netflix weekly rank (views),,,,1.0
US,netflix,US Netflix,TV,2026-06-29,I Will Find You,I Will Find You: Limited Series,2,10,Netflix weekly rank (views),,,,0.9
US,netflix,US Netflix,TV,2026-06-29,Avatar: The Last Airbender,Avatar: The Last Airbender: Season 2,3,10,Netflix weekly rank (views),,,,0.8
US,netflix,US Netflix,TV,2026-06-29,Sullivan's Crossing,Sullivan's Crossing: Season 4,4,10,Netflix weekly rank (views),,,,0.7
US,netflix,US Netflix,TV,2026-06-29,Salish & Jordan Matter,Salish & Jordan Matter: Season 2,5,10,Netflix weekly rank (views),,,,0.6
US,netflix,US Netflix,TV,2026-06-29,Raw,"Raw: June 29, 2026",6,10,Netflix weekly rank (views),,,,0.5
US,netflix,US Netflix,TV,2026-06-29,The Polygamist,The Polygamist: Season 1,7,10,Netflix weekly rank (views),,,,0.4
US,netflix,US Netflix,TV,2026-06-29,Louis C.K.: Ridiculous,,8,10,Netflix weekly rank (views),,,,0.3
US,netflix,US Netflix,TV,2026-06-29,The Last Ship,The Last Ship: Season 1,9,10,Netflix weekly rank (views),,,,0.2
US,netflix,US Netflix,TV,2026-06-29,Ms. Rachel,Ms. Rachel: Season 1,10,10,Netflix weekly rank (views),,,,0.1
US,netflix,US Netflix,Films,2026-06-22,Voicemails for Isabelle,,1,10,Netflix weekly rank (views),,,,1.0
US,netflix,US Netflix,Films,2026-06-22,Little Brother,,2,10,Netflix weekly rank (views),,,,0.9
US,netflix,US Netflix,Films,2026-06-22,Maternal Instinct,,3,10,Netflix weekly rank (views),,,,0.8
US,netflix,US Netflix,Films,2026-06-22,5lbs of Pressure,,4,10,Netflix weekly rank (views),,,,0.7
US,netflix,US Netflix,Films,2026-06-22,Goat,,5,10,Netflix weekly rank (views),,,,0.6
US,netflix,US Netflix,Films,2026-06-22,Minions: The Rise of Gru,,6,10,Netflix weekly rank (views),,,,0.5
US,netflix,US Netflix,Films,2026-06-22,KPop Demon Hunters,,7,10,Netflix weekly rank (views),,,,0.4
US,netflix,US Netflix,Films,2026-06-22,Office Romance,,8,10,Netflix weekly rank (views),,,,0.3
US,netflix,US Netflix,Films,2026-06-22,Home,,9,10,Netflix weekly rank (views),,,,0.2
US,netflix,US Netflix,Films,2026-06-22,Despicable Me 3,,10,10,Netflix weekly rank (views),,,,0.1
US,netflix,US Netflix,TV,2026-06-22,I Will Find You,I Will Find You: Limited Series,1,10,Netflix weekly rank (views),,,,1.0
US,netflix,US Netflix,TV,2026-06-22,Avatar: The Last Airbender,Avatar: The Last Airbender: Season 2,2,10,Netflix weekly rank (views),,,,0.9
US,netflix,US Netflix,TV,2026-06-22,The Last Ship,The Last Ship: Season 1,3,10,Netflix weekly rank (views),,,,0.8
US,netflix,US Netflix,TV,2026-06-22,The Polygamist,The Polygamist: Season 1,4,10,Netflix weekly rank (views),,,,0.7
US,netflix,US Netflix,TV,2026-06-22,Raw,"Raw: June 22, 2026",5,10,Netflix weekly rank (views),,,,0.6
US,netflix,US Netflix,TV,2026-06-22,AMERICA'S SWEETHEARTS: Dallas Cowboys Cheerleaders,AMERICA'S SWEETHEARTS: Dallas Cowboys Cheerleaders: Season 3,6,10,Netflix weekly rank (views),,,,0.5
US,netflix,US Netflix,TV,2026-06-22,Oasis,Oasis: Season 1,7,10,Netflix weekly rank (views),,,,0.4
US,netflix,US Netflix,TV,2026-06-22,Sweet Magnolias,Sweet Magnolias: Season 5,8,10,Netflix weekly rank (views),,,,0.3
US,netflix,US Netflix,TV,2026-06-22,Ms. Rachel,Ms. Rachel: Season 1,9,10,Netflix weekly rank (views),,,,0.2
US,netflix,US Netflix,TV,2026-06-22,Danny Go!,Danny Go!: Season 1,10,10,Netflix weekly rank (views),,,,0.1
US,netflix,US Netflix,Films,2026-06-15,Maternal Instinct,,1,10,Netflix weekly rank (views),,,,1.0
US,netflix,US Netflix,Films,2026-06-15,Voicemails for Isabelle,,2,10,Netflix weekly rank (views),,,,0.9
US,netflix,US Netflix,Films,2026-06-15,Flowers in the Attic,,3,10,Netflix weekly rank (views),,,,0.8
US,netflix,US Netflix,Films,2026-06-15,Percy Jackson & the Olympians: The Lightning Thief,,4,10,Netflix weekly rank (views),,,,0.7
US,netflix,US Netflix,Films,2026-06-15,Percy Jackson: Sea of Monsters,,5,10,Netflix weekly rank (views),,,,0.6
US,netflix,US Netflix,Films,2026-06-15,Office Romance,,6,10,Netflix weekly rank (views),,,,0.5
US,netflix,US Netflix,Films,2026-06-15,Goat,,7,10,Netflix weekly rank (views),,,,0.4
US,netflix,US Netflix,Films,2026-06-15,Song Sung Blue,,8,10,Netflix weekly rank (views),,,,0.3
US,netflix,US Netflix,Films,2026-06-15,Ticket to Paradise,,9,10,Netflix weekly rank (views),,,,0.2
US,netflix,US Netflix,Films,2026-06-15,The Smurfs,,10,10,Netflix weekly rank (views),,,,0.1
US,netflix,US Netflix,TV,2026-06-15,I Will Find You,I Will Find You: Limited Series,1,10,Netflix weekly rank (views),,,,1.0
US,netflix,US Netflix,TV,2026-06-15,The Polygamist,The Polygamist: Season 1,2,10,Netflix weekly rank (views),,,,0.9
US,netflix,US Netflix,TV,2026-06-15,Outlast: The Jungle,Outlast: The Jungle: Season 1,3,10,Netflix weekly rank (views),,,,0.8
US,netflix,US Netflix,TV,2026-06-15,AMERICA'S SWEETHEARTS: Dallas Cowboys Cheerleaders,AMERICA'S SWEETHEARTS: Dallas Cowboys Cheerleaders: Season 3,4,10,Netflix weekly rank (views),,,,0.7
US,netflix,US Netflix,TV,2026-06-15,Sweet Magnolias,Sweet Magnolias: Season 5,5,10,Netflix weekly rank (views),,,,0.6
US,netflix,US Netflix,TV,2026-06-15,Raw,"Raw: June 15, 2026",6,10,Netflix weekly rank (views),,,,0.5
US,netflix,US Netflix,TV,2026-06-15,Michael Jackson: The Verdict,Michael Jackson: The Verdict: Season 1,7,10,Netflix weekly rank (views),,,,0.4
US,netflix,US Netflix,TV,2026-06-15,Ms. Rachel,Ms. Rachel: Season 1,8,10,Netflix weekly rank (views),,,,0.3
US,netflix,US Netflix,TV,2026-06-15,The Four Seasons,The Four Seasons: Season 2,9,10,Netflix weekly rank (views),,,,0.2
US,netflix,US Netflix,TV,2026-06-15,Danny Go!,Danny Go!: Season 1,10,10,Netflix weekly rank (views),,,,0.1
US,netflix,US Netflix,Films,2026-06-08,Maternal Instinct,,1,10,Netflix weekly rank (views),,,,1.0
US,netflix,US Netflix,Films,2026-06-08,Office Romance,,2,10,Netflix weekly rank (views),,,,0.9
US,netflix,US Netflix,Films,2026-06-08,Fast Charlie,,3,10,Netflix weekly rank (views),,,,0.8
US,netflix,US Netflix,Films,2026-06-08,Ticket to Paradise,,4,10,Netflix weekly rank (views),,,,0.7
US,netflix,US Netflix,Films,2026-06-08,Bee Movie,,5,10,Netflix weekly rank (views),,,,0.6
US,netflix,US Netflix,Films,2026-06-08,Goat,,6,10,Netflix weekly rank (views),,,,0.5
US,netflix,US Netflix,Films,2026-06-08,Colors Of Evil: Black,,7,10,Netflix weekly rank (views),,,,0.4
US,netflix,US Netflix,Films,2026-06-08,The Marked Woman,,8,10,Netflix weekly rank (views),,,,0.3
US,netflix,US Netflix,Films,2026-06-08,The Murder of Rachel Nickell,,9,10,Netflix weekly rank (views),,,,0.2
US,netflix,US Netflix,Films,2026-06-08,Welcome Home Roscoe Jenkins,,10,10,Netflix weekly rank (views),,,,0.1
US,netflix,US Netflix,TV,2026-06-08,Michael Jackson: The Verdict,Michael Jackson: The Verdict: Season 1,1,10,Netflix weekly rank (views),,,,1.0
US,netflix,US Netflix,TV,2026-06-08,The Witness,The Witness: Limited Series,2,10,Netflix weekly rank (views),,,,0.9
US,netflix,US Netflix,TV,2026-06-08,Outlast: The Jungle,Outlast: The Jungle: Season 1,3,10,Netflix weekly rank (views),,,,0.8
US,netflix,US Netflix,TV,2026-06-08,Shrill,Shrill: Season 1,4,10,Netflix weekly rank (views),,,,0.7
US,netflix,US Netflix,TV,2026-06-08,Sweet Magnolias,Sweet Magnolias: Season 5,5,10,Netflix weekly rank (views),,,,0.6
US,netflix,US Netflix,TV,2026-06-08,Raw,"Raw: June 8, 2026",6,10,Netflix weekly rank (views),,,,0.5
US,netflix,US Netflix,TV,2026-06-08,The Four Seasons,The Four Seasons: Season 2,7,10,Netflix weekly rank (views),,,,0.4
US,netflix,US Netflix,TV,2026-06-08,Tony Hinchcliffe: Man of the People,,8,10,Netflix weekly rank (views),,,,0.3
US,netflix,US Netflix,TV,2026-06-08,Teach You a Lesson,Teach You a Lesson: Limited Series,9,10,Netflix weekly rank (views),,,,0.2
US,netflix,US Netflix,TV,2026-06-08,Camp CrunchLabs,Camp CrunchLabs: Season 1,10,10,Netflix weekly rank (views),,,,0.1
US,netflix,US Netflix,Films,2026-06-01,Office Romance,,1,10,Netflix weekly rank (views),,,,1.0
US,netflix,US Netflix,Films,2026-06-01,Goat,,2,10,Netflix weekly rank (views),,,,0.9
US,netflix,US Netflix,Films,2026-06-01,David,,3,10,Netflix weekly rank (views),,,,0.8
US,netflix,US Netflix,Films,2026-06-01,The Crash,,4,10,Netflix weekly rank (views),,,,0.7
US,netflix,US Netflix,Films,2026-06-01,Bee Movie,,5,10,Netflix weekly rank (views),,,,0.6
US,netflix,US Netflix,Films,2026-06-01,Passengers,,6,10,Netflix weekly rank (views),,,,0.5
US,netflix,US Netflix,Films,2026-06-01,The Murder of Rachel Nickell,,7,10,Netflix weekly rank (views),,,,0.4
US,netflix,US Netflix,Films,2026-06-01,Creed III,,8,10,Netflix weekly rank (views),,,,0.3
US,netflix,US Netflix,Films,2026-06-01,Creed,,9,10,Netflix weekly rank (views),,,,0.2
US,netflix,US Netflix,Films,2026-06-01,Fast Charlie,,10,10,Netflix weekly rank (views),,,,0.1
US,netflix,US Netflix,TV,2026-06-01,Michael Jackson: The Verdict,Michael Jackson: The Verdict: Season 1,1,10,Netflix weekly rank (views),,,,1.0
US,netflix,US Netflix,TV,2026-06-01,The Witness,The Witness: Limited Series,2,10,Netflix weekly rank (views),,,,0.9
US,netflix,US Netflix,TV,2026-06-01,The Four Seasons,The Four Seasons: Season 2,3,10,Netflix weekly rank (views),,,,0.8
US,netflix,US Netflix,TV,2026-06-01,"Instadocs: Alex Murdaugh, Unconvicted",,4,10,Netflix weekly rank (views),,,,0.7
US,netflix,US Netflix,TV,2026-06-01,The Boroughs,The Boroughs: Season 1,5,10,Netflix weekly rank (views),,,,0.6
US,netflix,US Netflix,TV,2026-06-01,AFI Life Achievement Award: A Tribute to Eddie Murphy,,6,10,Netflix weekly rank (views),,,,0.5
US,netflix,US Netflix,TV,2026-06-01,Nemesis,Nemesis: Season 1,7,10,Netflix weekly rank (views),,,,0.4
US,netflix,US Netflix,TV,2026-06-01,Raw,"Raw: June 1, 2026",8,10,Netflix weekly rank (views),,,,0.3
US,netflix,US Netflix,TV,2026-06-01,Lawmen: Bass Reeves,Lawmen: Bass Reeves: Season 1,9,10,Netflix weekly rank (views),,,,0.2
US,netflix,US Netflix,TV,2026-06-01,The Four Seasons,The Four Seasons: Season 1,10,10,Netflix weekly rank (views),,,,0.1
US,netflix,US Netflix,Films,2026-05-25,The Crash,,1,10,Netflix weekly rank (views),,,,1.0
US,netflix,US Netflix,Films,2026-05-25,Cleaner,,2,10,Netflix weekly rank (views),,,,0.9
US,netflix,US Netflix,Films,2026-05-25,Goat,,3,10,Netflix weekly rank (views),,,,0.8
US,netflix,US Netflix,Films,2026-05-25,Ladies First,,4,10,Netflix weekly rank (views),,,,0.7
US,netflix,US Netflix,Films,2026-05-25,Sonic the Hedgehog 2,,5,10,Netflix weekly rank (views),,,,0.6
US,netflix,US Netflix,Films,2026-05-25,Swapped,,6,10,Netflix weekly rank (views),,,,0.5
US,netflix,US Netflix,Films,2026-05-25,Stolen Baby: The Murder of Heidi Broussard,,7,10,Netflix weekly rank (views),,,,0.4
US,netflix,US Netflix,Films,2026-05-25,Remarkably Bright Creatures,,8,10,Netflix weekly rank (views),,,,0.3
US,netflix,US Netflix,Films,2026-05-25,Gabby's Dollhouse: The Movie,,9,10,Netflix weekly rank (views),,,,0.2
US,netflix,US Netflix,Films,2026-05-25,Apex,,10,10,Netflix weekly rank (views),,,,0.1
US,netflix,US Netflix,TV,2026-05-25,The Boroughs,The Boroughs: Season 1,1,10,Netflix weekly rank (views),,,,1.0
US,netflix,US Netflix,TV,2026-05-25,Nemesis,Nemesis: Season 1,2,10,Netflix weekly rank (views),,,,0.9
US,netflix,US Netflix,TV,2026-05-25,The Four Seasons,The Four Seasons: Season 2,3,10,Netflix weekly rank (views),,,,0.8
US,netflix,US Netflix,TV,2026-05-25,"Instadocs: Alex Murdaugh, Unconvicted",,4,10,Netflix weekly rank (views),,,,0.7
US,netflix,US Netflix,TV,2026-05-25,Raw,"Raw: May 25, 2026",5,10,Netflix weekly rank (views),,,,0.6
US,netflix,US Netflix,TV,2026-05-25,Worst Ex Ever,Worst Ex Ever: Season 2,6,10,Netflix weekly rank (views),,,,0.5
US,netflix,US Netflix,TV,2026-05-25,Bad Thoughts,Bad Thoughts: Season 2,7,10,Netflix weekly rank (views),,,,0.4
US,netflix,US Netflix,TV,2026-05-25,The Roast of Kevin Hart,,8,10,Netflix weekly rank (views),,,,0.3
US,netflix,US Netflix,TV,2026-05-25,Danny Go!,Danny Go!: Season 1,9,10,Netflix weekly rank (views),,,,0.2
US,netflix,US Netflix,TV,2026-05-25,Man on Fire,Man on Fire: Season 1,10,10,Netflix weekly rank (views),,,,0.1
US,netflix,US Netflix,Films,2026-05-18,The Crash,,1,10,Netflix weekly rank (views),,,,1.0
US,netflix,US Netflix,Films,2026-05-18,Goat,,2,10,Netflix weekly rank (views),,,,0.9
US,netflix,US Netflix,Films,2026-05-18,Stolen Baby: The Murder of Heidi Broussard,,3,10,Netflix weekly rank (views),,,,0.8
US,netflix,US Netflix,Films,2026-05-18,Swapped,,4,10,Netflix weekly rank (views),,,,0.7
US,netflix,US Netflix,Films,2026-05-18,Remarkably Bright Creatures,,5,10,Netflix weekly rank (views),,,,0.6
US,netflix,US Netflix,Films,2026-05-18,Ladies First,,6,10,Netflix weekly rank (views),,,,0.5
US,netflix,US Netflix,Films,2026-05-18,Hoax: The Kidnapping of Sherri Papini,,7,10,Netflix weekly rank (views),,,,0.4
US,netflix,US Netflix,Films,2026-05-18,Nope,,8,10,Netflix weekly rank (views),,,,0.3
US,netflix,US Netflix,Films,2026-05-18,Cleaner,,9,10,Netflix weekly rank (views),,,,0.2
US,netflix,US Netflix,Films,2026-05-18,Apex,,10,10,Netflix weekly rank (views),,,,0.1
US,netflix,US Netflix,TV,2026-05-18,Nemesis,Nemesis: Season 1,1,10,Netflix weekly rank (views),,,,1.0
US,netflix,US Netflix,TV,2026-05-18,The Boroughs,The Boroughs: Season 1,2,10,Netflix weekly rank (views),,,,0.9
US,netflix,US Netflix,TV,2026-05-18,The Roast of Kevin Hart,,3,10,Netflix weekly rank (views),,,,0.8
US,netflix,US Netflix,TV,2026-05-18,Worst Ex Ever,Worst Ex Ever: Season 2,4,10,Netflix weekly rank (views),,,,0.7
US,netflix,US Netflix,TV,2026-05-18,Raw,"Raw: May 18, 2026",5,10,Netflix weekly rank (views),,,,0.6
US,netflix,US Netflix,TV,2026-05-18,Wanda Sykes: Legacy,,6,10,Netflix weekly rank (views),,,,0.5
US,netflix,US Netflix,TV,2026-05-18,Perfect Match,Perfect Match: Season 4,7,10,Netflix weekly rank (views),,,,0.4
US,netflix,US Netflix,TV,2026-05-18,Danny Go!,Danny Go!: Season 1,8,10,Netflix weekly rank (views),,,,0.3
US,netflix,US Netflix,TV,2026-05-18,Man on Fire,Man on Fire: Season 1,9,10,Netflix weekly rank (views),,,,0.2
US,netflix,US Netflix,TV,2026-05-18,Ms. Rachel,Ms. Rachel: Season 1,10,10,Netflix weekly rank (views),,,,0.1
US,netflix,US Netflix,Films,2026-05-11,Goat,,1,10,Netflix weekly rank (views),,,,1.0
US,netflix,US Netflix,Films,2026-05-11,Remarkably Bright Creatures,,2,10,Netflix weekly rank (views),,,,0.9
US,netflix,US Netflix,Films,2026-05-11,The Crash,,3,10,Netflix weekly rank (views),,,,0.8
US,netflix,US Netflix,Films,2026-05-11,Swapped,,4,10,Netflix weekly rank (views),,,,0.7
US,netflix,US Netflix,Films,2026-05-11,Mother's Day,,5,10,Netflix weekly rank (views),,,,0.6
US,netflix,US Netflix,Films,2026-05-11,Stolen Baby: The Murder of Heidi Broussard,,6,10,Netflix weekly rank (views),,,,0.5
US,netflix,US Netflix,Films,2026-05-11,And So It Goes,,7,10,Netflix weekly rank (views),,,,0.4
US,netflix,US Netflix,Films,2026-05-11,Home,,8,10,Netflix weekly rank (views),,,,0.3
US,netflix,US Netflix,Films,2026-05-11,Apex,,9,10,Netflix weekly rank (views),,,,0.2
US,netflix,US Netflix,Films,2026-05-11,Safe Haven,,10,10,Netflix weekly rank (views),,,,0.1
US,netflix,US Netflix,TV,2026-05-11,The Roast of Kevin Hart,,1,10,Netflix weekly rank (views),,,,1.0
US,netflix,US Netflix,TV,2026-05-11,Worst Ex Ever,Worst Ex Ever: Season 2,2,10,Netflix weekly rank (views),,,,0.9
US,netflix,US Netflix,TV,2026-05-11,Nemesis,Nemesis: Season 1,3,10,Netflix weekly rank (views),,,,0.8
US,netflix,US Netflix,TV,2026-05-11,Raw,"Raw: May 11, 2026",4,10,Netflix weekly rank (views),,,,0.7
US,netflix,US Netflix,TV,2026-05-11,Man on Fire,Man on Fire: Season 1,5,10,Netflix weekly rank (views),,,,0.6
US,netflix,US Netflix,TV,2026-05-11,La Brea,La Brea: Season 1,6,10,Netflix weekly rank (views),,,,0.5
US,netflix,US Netflix,TV,2026-05-11,Devil May Cry,Devil May Cry: Season 2,7,10,Netflix weekly rank (views),,,,0.4
US,netflix,US Netflix,TV,2026-05-11,Danny Go!,Danny Go!: Season 1,8,10,Netflix weekly rank (views),,,,0.3
US,netflix,US Netflix,TV,2026-05-11,Perfect Match,Perfect Match: Season 4,9,10,Netflix weekly rank (views),,,,0.2
US,netflix,US Netflix,TV,2026-05-11,Legends,Legends: Season 1,10,10,Netflix weekly rank (views),,,,0.1
US,netflix,US Netflix,Films,2026-05-04,Swapped,,1,10,Netflix weekly rank (views),,,,1.0
US,netflix,US Netflix,Films,2026-05-04,Remarkably Bright Creatures,,2,10,Netflix weekly rank (views),,,,0.9
US,netflix,US Netflix,Films,2026-05-04,Apex,,3,10,Netflix weekly rank (views),,,,0.8
US,netflix,US Netflix,Films,2026-05-04,The Proposal,,4,10,Netflix weekly rank (views),,,,0.7
US,netflix,US Netflix,Films,2026-05-04,Mother's Day,,5,10,Netflix weekly rank (views),,,,0.6
US,netflix,US Netflix,Films,2026-05-04,Home,,6,10,Netflix weekly rank (views),,,,0.5
US,netflix,US Netflix,Films,2026-05-04,Pretty Woman,,7,10,Netflix weekly rank (views),,,,0.4
US,netflix,US Netflix,Films,2026-05-04,Striking Distance,,8,10,Netflix weekly rank (views),,,,0.3
US,netflix,US Netflix,Films,2026-05-04,Green Book,,9,10,Netflix weekly rank (views),,,,0.2
US,netflix,US Netflix,Films,2026-05-04,Zombieland: Double Tap,,10,10,Netflix weekly rank (views),,,,0.1
US,netflix,US Netflix,TV,2026-05-04,Worst Ex Ever,Worst Ex Ever: Season 2,1,10,Netflix weekly rank (views),,,,1.0
US,netflix,US Netflix,TV,2026-05-04,Man on Fire,Man on Fire: Season 1,2,10,Netflix weekly rank (views),,,,0.9
US,netflix,US Netflix,TV,2026-05-04,Lord of the Flies,Lord of the Flies: Limited Series,3,10,Netflix weekly rank (views),,,,0.8
US,netflix,US Netflix,TV,2026-05-04,Should I Marry A Murderer?,Should I Marry A Murderer?: Limited Series,4,10,Netflix weekly rank (views),,,,0.7
US,netflix,US Netflix,TV,2026-05-04,La Brea,La Brea: Season 1,5,10,Netflix weekly rank (views),,,,0.6
US,netflix,US Netflix,TV,2026-05-04,Funny AF with Kevin Hart,Funny AF with Kevin Hart: The Live Semifinals,6,10,Netflix weekly rank (views),,,,0.5
US,netflix,US Netflix,TV,2026-05-04,The Roast of Kevin Hart,,7,10,Netflix weekly rank (views),,,,0.4
US,netflix,US Netflix,TV,2026-05-04,Raw,"Raw: May 4, 2026",8,10,Netflix weekly rank (views),,,,0.3
US,netflix,US Netflix,TV,2026-05-04,Funny AF with Kevin Hart,Funny AF with Kevin Hart: Homecoming: The Live Finale,9,10,Netflix weekly rank (views),,,,0.2
US,netflix,US Netflix,TV,2026-05-04,Running Point,Running Point: Season 2,10,10,Netflix weekly rank (views),,,,0.1
US,netflix,US Netflix,Films,2026-04-27,Apex,,1,10,Netflix weekly rank (views),,,,1.0
US,netflix,US Netflix,Films,2026-04-27,Swapped,,2,10,Netflix weekly rank (views),,,,0.9
US,netflix,US Netflix,Films,2026-04-27,Roommates,,3,10,Netflix weekly rank (views),,,,0.8
US,netflix,US Netflix,Films,2026-04-27,Green Book,,4,10,Netflix weekly rank (views),,,,0.7
US,netflix,US Netflix,Films,2026-04-27,KPop Demon Hunters,,5,10,Netflix weekly rank (views),,,,0.6
US,netflix,US Netflix,Films,2026-04-27,The Boss,,6,10,Netflix weekly rank (views),,,,0.5
US,netflix,US Netflix,Films,2026-04-27,Bugonia,,7,10,Netflix weekly rank (views),,,,0.4
US,netflix,US Netflix,Films,2026-04-27,Minions: The Rise of Gru,,8,10,Netflix weekly rank (views),,,,0.3
US,netflix,US Netflix,Films,2026-04-27,Zombieland: Double Tap,,9,10,Netflix weekly rank (views),,,,0.2
US,netflix,US Netflix,Films,2026-04-27,Jennifer's Body,,10,10,Netflix weekly rank (views),,,,0.1
US,netflix,US Netflix,TV,2026-04-27,Should I Marry A Murderer?,Should I Marry A Murderer?: Limited Series,1,10,Netflix weekly rank (views),,,,1.0
US,netflix,US Netflix,TV,2026-04-27,Man on Fire,Man on Fire: Season 1,2,10,Netflix weekly rank (views),,,,0.9
US,netflix,US Netflix,TV,2026-04-27,Running Point,Running Point: Season 2,3,10,Netflix weekly rank (views),,,,0.8
US,netflix,US Netflix,TV,2026-04-27,Unchosen,Unchosen: Season 1,4,10,Netflix weekly rank (views),,,,0.7
US,netflix,US Netflix,TV,2026-04-27,Hulk Hogan: Real American,Hulk Hogan: Real American: Limited Series,5,10,Netflix weekly rank (views),,,,0.6
US,netflix,US Netflix,TV,2026-04-27,Raw,"Raw: April 27, 2026",6,10,Netflix weekly rank (views),,,,0.5
US,netflix,US Netflix,TV,2026-04-27,La Brea,La Brea: Season 1,7,10,Netflix weekly rank (views),,,,0.4
US,netflix,US Netflix,TV,2026-04-27,Danny Go!,Danny Go!: Season 1,8,10,Netflix weekly rank (views),,,,0.3
US,netflix,US Netflix,TV,2026-04-27,Homicide Squad: New Orleans,Homicide Squad: New Orleans: Season 1,9,10,Netflix weekly rank (views),,,,0.2
US,netflix,US Netflix,TV,2026-04-27,Running Point,Running Point: Season 1,10,10,Netflix weekly rank (views),,,,0.1
US,netflix,US Netflix,Films,2026-04-20,Apex,,1,10,Netflix weekly rank (views),,,,1.0
US,netflix,US Netflix,Films,2026-04-20,Roommates,,2,10,Netflix weekly rank (views),,,,0.9
US,netflix,US Netflix,Films,2026-04-20,Untold: The Shooting at Hawthorne Hill,,3,10,Netflix weekly rank (views),,,,0.8
US,netflix,US Netflix,Films,2026-04-20,180,,4,10,Netflix weekly rank (views),,,,0.7
US,netflix,US Netflix,Films,2026-04-20,The Requin,,5,10,Netflix weekly rank (views),,,,0.6
US,netflix,US Netflix,Films,2026-04-20,Thrash,,6,10,Netflix weekly rank (views),,,,0.5
US,netflix,US Netflix,Films,2026-04-20,Him,,7,10,Netflix weekly rank (views),,,,0.4
US,netflix,US Netflix,Films,2026-04-20,"Husband, Father, Killer: The Alyssa Pladl Story",,8,10,Netflix weekly rank (views),,,,0.3
US,netflix,US Netflix,Films,2026-04-20,KPop Demon Hunters,,9,10,Netflix weekly rank (views),,,,0.2
US,netflix,US Netflix,Films,2026-04-20,Minions: The Rise of Gru,,10,10,Netflix weekly rank (views),,,,0.1
US,netflix,US Netflix,TV,2026-04-20,Unchosen,Unchosen: Season 1,1,10,Netflix weekly rank (views),,,,1.0
US,netflix,US Netflix,TV,2026-04-20,Running Point,Running Point: Season 2,2,10,Netflix weekly rank (views),,,,0.9
US,netflix,US Netflix,TV,2026-04-20,BEEF,BEEF: Season 2,3,10,Netflix weekly rank (views),,,,0.8
US,netflix,US Netflix,TV,2026-04-20,Raw,"Raw: April 20, 2026",4,10,Netflix weekly rank (views),,,,0.7
US,netflix,US Netflix,TV,2026-04-20,Hulk Hogan: Real American,Hulk Hogan: Real American: Limited Series,5,10,Netflix weekly rank (views),,,,0.6
US,netflix,US Netflix,TV,2026-04-20,Funny AF with Kevin Hart,Funny AF with Kevin Hart: Season 1,6,10,Netflix weekly rank (views),,,,0.5
US,netflix,US Netflix,TV,2026-04-20,Trust Me: The False Prophet,Trust Me: The False Prophet: Season 1,7,10,Netflix weekly rank (views),,,,0.4
US,netflix,US Netflix,TV,2026-04-20,Million Dollar Secret,Million Dollar Secret: Season 2,8,10,Netflix weekly rank (views),,,,0.3
US,netflix,US Netflix,TV,2026-04-20,Danny Go!,Danny Go!: Season 1,9,10,Netflix weekly rank (views),,,,0.2
US,netflix,US Netflix,TV,2026-04-20,Salish & Jordan Matter,Salish & Jordan Matter: Season 1,10,10,Netflix weekly rank (views),,,,0.1
US,netflix,US Netflix,Films,2026-04-13,Thrash,,1,10,Netflix weekly rank (views),,,,1.0
US,netflix,US Netflix,Films,2026-04-13,Roommates,,2,10,Netflix weekly rank (views),,,,0.9
US,netflix,US Netflix,Films,2026-04-13,"Husband, Father, Killer: The Alyssa Pladl Story",,3,10,Netflix weekly rank (views),,,,0.8
US,netflix,US Netflix,Films,2026-04-13,The Requin,,4,10,Netflix weekly rank (views),,,,0.7
US,netflix,US Netflix,Films,2026-04-13,Nobody Dumps My Daughter,,5,10,Netflix weekly rank (views),,,,0.6
US,netflix,US Netflix,Films,2026-04-13,Jumanji: Welcome to the Jungle,,6,10,Netflix weekly rank (views),,,,0.5
US,netflix,US Netflix,Films,2026-04-13,KPop Demon Hunters,,7,10,Netflix weekly rank (views),,,,0.4
US,netflix,US Netflix,Films,2026-04-13,180,,8,10,Netflix weekly rank (views),,,,0.3
US,netflix,US Netflix,Films,2026-04-13,Untold: Jail Blazers,,9,10,Netflix weekly rank (views),,,,0.2
US,netflix,US Netflix,Films,2026-04-13,Halloween Ends,,10,10,Netflix weekly rank (views),,,,0.1
US,netflix,US Netflix,TV,2026-04-13,Trust Me: The False Prophet,Trust Me: The False Prophet: Season 1,1,10,Netflix weekly rank (views),,,,1.0
US,netflix,US Netflix,TV,2026-04-13,Big Mistakes,Big Mistakes: Season 1,2,10,Netflix weekly rank (views),,,,0.9
US,netflix,US Netflix,TV,2026-04-13,Salish & Jordan Matter,Salish & Jordan Matter: Season 1,3,10,Netflix weekly rank (views),,,,0.8
US,netflix,US Netflix,TV,2026-04-13,Temptation Island,Temptation Island: Season 2,4,10,Netflix weekly rank (views),,,,0.7
US,netflix,US Netflix,TV,2026-04-13,Raw,"Raw: April 13, 2026",5,10,Netflix weekly rank (views),,,,0.6
US,netflix,US Netflix,TV,2026-04-13,American Godfathers: The Five Families,American Godfathers: The Five Families: Season 1,6,10,Netflix weekly rank (views),,,,0.5
US,netflix,US Netflix,TV,2026-04-13,BEEF,BEEF: Season 2,7,10,Netflix weekly rank (views),,,,0.4
US,netflix,US Netflix,TV,2026-04-13,Trevor Noah: Joy in The Trenches,,8,10,Netflix weekly rank (views),,,,0.3
US,netflix,US Netflix,TV,2026-04-13,Danny Go!,Danny Go!: Season 1,9,10,Netflix weekly rank (views),,,,0.2
US,netflix,US Netflix,TV,2026-04-13,Million Dollar Secret,Million Dollar Secret: Season 2,10,10,Netflix weekly rank (views),,,,0.1
US,netflix,US Netflix,Films,2026-04-06,Thrash,,1,10,Netflix weekly rank (views),,,,1.0
US,netflix,US Netflix,Films,2026-04-06,Jumanji: Welcome to the Jungle,,2,10,Netflix weekly rank (views),,,,0.9
US,netflix,US Netflix,Films,2026-04-06,The Truth and Tragedy of Moriah Wilson,,3,10,Netflix weekly rank (views),,,,0.8
US,netflix,US Netflix,Films,2026-04-06,Beast (English),,4,10,Netflix weekly rank (views),,,,0.7
US,netflix,US Netflix,Films,2026-04-06,Anaconda,,5,10,Netflix weekly rank (views),,,,0.6
US,netflix,US Netflix,Films,2026-04-06,Black and Blue,,6,10,Netflix weekly rank (views),,,,0.5
US,netflix,US Netflix,Films,2026-04-06,Madagascar,,7,10,Netflix weekly rank (views),,,,0.4
US,netflix,US Netflix,Films,2026-04-06,KPop Demon Hunters,,8,10,Netflix weekly rank (views),,,,0.3
US,netflix,US Netflix,Films,2026-04-06,The Fifth Element,,9,10,Netflix weekly rank (views),,,,0.2
US,netflix,US Netflix,Films,2026-04-06,Untold: The Death & Life of Lamar Odom,,10,10,Netflix weekly rank (views),,,,0.1
US,netflix,US Netflix,TV,2026-04-06,Trust Me: The False Prophet,Trust Me: The False Prophet: Season 1,1,10,Netflix weekly rank (views),,,,1.0
US,netflix,US Netflix,TV,2026-04-06,Danny Go!,Danny Go!: Season 1,2,10,Netflix weekly rank (views),,,,0.9
US,netflix,US Netflix,TV,2026-04-06,Love on the Spectrum,Love on the Spectrum: Season 4,3,10,Netflix weekly rank (views),,,,0.8
US,netflix,US Netflix,TV,2026-04-06,Raw,"Raw: April 6, 2026",4,10,Netflix weekly rank (views),,,,0.7
US,netflix,US Netflix,TV,2026-04-06,Big Mistakes,Big Mistakes: Season 1,5,10,Netflix weekly rank (views),,,,0.6
US,netflix,US Netflix,TV,2026-04-06,"XO, Kitty","XO, Kitty: Season 3",6,10,Netflix weekly rank (views),,,,0.5
US,netflix,US Netflix,TV,2026-04-06,Something Very Bad Is Going to Happen,Something Very Bad Is Going to Happen: Season 1,7,10,Netflix weekly rank (views),,,,0.4
US,netflix,US Netflix,TV,2026-04-06,Ms. Rachel,Ms. Rachel: Season 1,8,10,Netflix weekly rank (views),,,,0.3
US,netflix,US Netflix,TV,2026-04-06,Salish & Jordan Matter,Salish & Jordan Matter: Season 1,9,10,Netflix weekly rank (views),,,,0.2
US,netflix,US Netflix,TV,2026-04-06,The Predator of Seville,The Predator of Seville: Limited Series,10,10,Netflix weekly rank (views),,,,0.1
US,netflix,US Netflix,Films,2026-03-30,Anaconda,,1,10,Netflix weekly rank (views),,,,1.0
US,netflix,US Netflix,Films,2026-03-30,Untold: The Death & Life of Lamar Odom,,2,10,Netflix weekly rank (views),,,,0.9
US,netflix,US Netflix,Films,2026-03-30,Madagascar,,3,10,Netflix weekly rank (views),,,,0.8
US,netflix,US Netflix,Films,2026-03-30,The Truth and Tragedy of Moriah Wilson,,4,10,Netflix weekly rank (views),,,,0.7
US,netflix,US Netflix,Films,2026-03-30,Minions: The Rise of Gru,,5,10,Netflix weekly rank (views),,,,0.6
US,netflix,US Netflix,Films,2026-03-30,28 Years Later: The Bone Temple,,6,10,Netflix weekly rank (views),,,,0.5
US,netflix,US Netflix,Films,2026-03-30,Black and Blue,,7,10,Netflix weekly rank (views),,,,0.4
US,netflix,US Netflix,Films,2026-03-30,Clika,,8,10,Netflix weekly rank (views),,,,0.3
US,netflix,US Netflix,Films,2026-03-30,KPop Demon Hunters,,9,10,Netflix weekly rank (views),,,,0.2
US,netflix,US Netflix,Films,2026-03-30,The Bad Guys 2,,10,10,Netflix weekly rank (views),,,,0.1
US,netflix,US Netflix,TV,2026-03-30,"XO, Kitty","XO, Kitty: Season 3",1,10,Netflix weekly rank (views),,,,1.0
US,netflix,US Netflix,TV,2026-03-30,Something Very Bad Is Going to Happen,Something Very Bad Is Going to Happen: Season 1,2,10,Netflix weekly rank (views),,,,0.9
US,netflix,US Netflix,TV,2026-03-30,Love on the Spectrum,Love on the Spectrum: Season 4,3,10,Netflix weekly rank (views),,,,0.8
US,netflix,US Netflix,TV,2026-03-30,The Predator of Seville,The Predator of Seville: Limited Series,4,10,Netflix weekly rank (views),,,,0.7
US,netflix,US Netflix,TV,2026-03-30,Raw,"Raw: March 30, 2026",5,10,Netflix weekly rank (views),,,,0.6
US,netflix,US Netflix,TV,2026-03-30,Homicide,Homicide: New York: Season 2,6,10,Netflix weekly rank (views),,,,0.5
US,netflix,US Netflix,TV,2026-03-30,Detective Hole,Detective Hole: Season 1,7,10,Netflix weekly rank (views),,,,0.4
US,netflix,US Netflix,TV,2026-03-30,Ms. Rachel,Ms. Rachel: Season 1,8,10,Netflix weekly rank (views),,,,0.3
US,netflix,US Netflix,TV,2026-03-30,Virgin River,Virgin River: Season 7,9,10,Netflix weekly rank (views),,,,0.2
US,netflix,US Netflix,TV,2026-03-30,Beauty in Black,Beauty in Black: Season 2,10,10,Netflix weekly rank (views),,,,0.1
US,netflix,US Netflix,Films,2026-03-23,Anaconda,,1,10,Netflix weekly rank (views),,,,1.0
US,netflix,US Netflix,Films,2026-03-23,The Bad Guys 2,,2,10,Netflix weekly rank (views),,,,0.9
US,netflix,US Netflix,Films,2026-03-23,Minions: The Rise of Gru,,3,10,Netflix weekly rank (views),,,,0.8
US,netflix,US Netflix,Films,2026-03-23,Peaky Blinders: The Immortal Man,,4,10,Netflix weekly rank (views),,,,0.7
US,netflix,US Netflix,Films,2026-03-23,War Machine,,5,10,Netflix weekly rank (views),,,,0.6
US,netflix,US Netflix,Films,2026-03-23,Sisu: Road to Revenge,,6,10,Netflix weekly rank (views),,,,0.5
US,netflix,US Netflix,Films,2026-03-23,Gaslit By My Husband: The Morgan Metzer Story,,7,10,Netflix weekly rank (views),,,,0.4
US,netflix,US Netflix,Films,2026-03-23,KPop Demon Hunters,,8,10,Netflix weekly rank (views),,,,0.3
US,netflix,US Netflix,Films,2026-03-23,The Creator,,9,10,Netflix weekly rank (views),,,,0.2
US,netflix,US Netflix,Films,2026-03-23,The Bad Guardian,,10,10,Netflix weekly rank (views),,,,0.1
US,netflix,US Netflix,TV,2026-03-23,Beauty in Black,Beauty in Black: Season 2,1,10,Netflix weekly rank (views),,,,1.0
US,netflix,US Netflix,TV,2026-03-23,Homicide,Homicide: New York: Season 2,2,10,Netflix weekly rank (views),,,,0.9
US,netflix,US Netflix,TV,2026-03-23,Raw,"Raw: March 23, 2026",3,10,Netflix weekly rank (views),,,,0.8
US,netflix,US Netflix,TV,2026-03-23,Virgin River,Virgin River: Season 7,4,10,Netflix weekly rank (views),,,,0.7
US,netflix,US Netflix,TV,2026-03-23,Something Very Bad Is Going to Happen,Something Very Bad Is Going to Happen: Season 1,5,10,Netflix weekly rank (views),,,,0.6
US,netflix,US Netflix,TV,2026-03-23,Age of Attraction,Age of Attraction: Season 1,6,10,Netflix weekly rank (views),,,,0.5
US,netflix,US Netflix,TV,2026-03-23,The Predator of Seville,The Predator of Seville: Limited Series,7,10,Netflix weekly rank (views),,,,0.4
US,netflix,US Netflix,TV,2026-03-23,Ms. Rachel,Ms. Rachel: Season 1,8,10,Netflix weekly rank (views),,,,0.3
US,netflix,US Netflix,TV,2026-03-23,ONE PIECE,ONE PIECE: Season 2,9,10,Netflix weekly rank (views),,,,0.2
US,netflix,US Netflix,TV,2026-03-23,Ms. Rachel,Ms. Rachel: Season 2,10,10,Netflix weekly rank (views),,,,0.1
US,netflix,US Netflix,Films,2026-03-16,Gaslit By My Husband: The Morgan Metzer Story,,1,10,Netflix weekly rank (views),,,,1.0
US,netflix,US Netflix,Films,2026-03-16,Peaky Blinders: The Immortal Man,,2,10,Netflix weekly rank (views),,,,0.9
US,netflix,US Netflix,Films,2026-03-16,Nobody 2,,3,10,Netflix weekly rank (views),,,,0.8
US,netflix,US Netflix,Films,2026-03-16,War Machine,,4,10,Netflix weekly rank (views),,,,0.7
US,netflix,US Netflix,Films,2026-03-16,The Bad Guardian,,5,10,Netflix weekly rank (views),,,,0.6
US,netflix,US Netflix,Films,2026-03-16,KPop Demon Hunters,,6,10,Netflix weekly rank (views),,,,0.5
US,netflix,US Netflix,Films,2026-03-16,The Bad Guys 2,,7,10,Netflix weekly rank (views),,,,0.4
US,netflix,US Netflix,Films,2026-03-16,Sisu: Road to Revenge,,8,10,Netflix weekly rank (views),,,,0.3
US,netflix,US Netflix,Films,2026-03-16,Jurassic World Rebirth,,9,10,Netflix weekly rank (views),,,,0.2
US,netflix,US Netflix,Films,2026-03-16,Trolls,,10,10,Netflix weekly rank (views),,,,0.1
US,netflix,US Netflix,TV,2026-03-16,Virgin River,Virgin River: Season 7,1,10,Netflix weekly rank (views),,,,1.0
US,netflix,US Netflix,TV,2026-03-16,Beauty in Black,Beauty in Black: Season 2,2,10,Netflix weekly rank (views),,,,0.9
US,netflix,US Netflix,TV,2026-03-16,Raw,"Raw: March 16, 2026",3,10,Netflix weekly rank (views),,,,0.8
US,netflix,US Netflix,TV,2026-03-16,ONE PIECE,ONE PIECE: Season 2,4,10,Netflix weekly rank (views),,,,0.7
US,netflix,US Netflix,TV,2026-03-16,Age of Attraction,Age of Attraction: Season 1,5,10,Netflix weekly rank (views),,,,0.6
US,netflix,US Netflix,TV,2026-03-16,Dynasty: The Murdochs,Dynasty: The Murdochs: Season 1,6,10,Netflix weekly rank (views),,,,0.5
US,netflix,US Netflix,TV,2026-03-16,BTS THE COMEBACK LIVE | ARIRANG,,7,10,Netflix weekly rank (views),,,,0.4
US,netflix,US Netflix,TV,2026-03-16,Mark Rober's CrunchLabs,Mark Rober's CrunchLabs: Season 3,8,10,Netflix weekly rank (views),,,,0.3
US,netflix,US Netflix,TV,2026-03-16,The Dinosaurs,The Dinosaurs: Season 1,9,10,Netflix weekly rank (views),,,,0.2
US,netflix,US Netflix,TV,2026-03-16,STEEL BALL RUN JoJo’s Bizarre Adventure,STEEL BALL RUN JoJo’s Bizarre Adventure: 1st STAGE,10,10,Netflix weekly rank (views),,,,0.1
US,netflix,US Netflix,Films,2026-03-09,War Machine,,1,10,Netflix weekly rank (views),,,,1.0
US,netflix,US Netflix,Films,2026-03-09,Nuremberg,,2,10,Netflix weekly rank (views),,,,0.9
US,netflix,US Netflix,Films,2026-03-09,Nobody 2,,3,10,Netflix weekly rank (views),,,,0.8
US,netflix,US Netflix,Films,2026-03-09,Jurassic World Rebirth,,4,10,Netflix weekly rank (views),,,,0.7
US,netflix,US Netflix,Films,2026-03-09,Trap House,,5,10,Netflix weekly rank (views),,,,0.6
US,netflix,US Netflix,Films,2026-03-09,KPop Demon Hunters,,6,10,Netflix weekly rank (views),,,,0.5
US,netflix,US Netflix,Films,2026-03-09,Trolls,,7,10,Netflix weekly rank (views),,,,0.4
US,netflix,US Netflix,Films,2026-03-09,Jurassic World: Dominion,,8,10,Netflix weekly rank (views),,,,0.3
US,netflix,US Netflix,Films,2026-03-09,The Captive,,9,10,Netflix weekly rank (views),,,,0.2
US,netflix,US Netflix,Films,2026-03-09,Gaslit By My Husband: The Morgan Metzer Story,,10,10,Netflix weekly rank (views),,,,0.1
US,netflix,US Netflix,TV,2026-03-09,The Reunion,,1,10,Netflix weekly rank (views),,,,1.0
US,netflix,US Netflix,TV,2026-03-09,The Dinosaurs,The Dinosaurs: Season 1,2,10,Netflix weekly rank (views),,,,0.9
US,netflix,US Netflix,TV,2026-03-09,Virgin River,Virgin River: Season 7,3,10,Netflix weekly rank (views),,,,0.8
US,netflix,US Netflix,TV,2026-03-09,ONE PIECE,ONE PIECE: Season 2,4,10,Netflix weekly rank (views),,,,0.7
US,netflix,US Netflix,TV,2026-03-09,Age of Attraction,Age of Attraction: Season 1,5,10,Netflix weekly rank (views),,,,0.6
US,netflix,US Netflix,TV,2026-03-09,Raw,"Raw: March 9, 2026",6,10,Netflix weekly rank (views),,,,0.5
US,netflix,US Netflix,TV,2026-03-09,Bridgerton,Bridgerton: Season 4,7,10,Netflix weekly rank (views),,,,0.4
US,netflix,US Netflix,TV,2026-03-09,The TikTok Killer,The TikTok Killer: Limited Series,8,10,Netflix weekly rank (views),,,,0.3
US,netflix,US Netflix,TV,2026-03-09,"A Friend, a Murderer","A Friend, a Murderer: Limited Series",9,10,Netflix weekly rank (views),,,,0.2
US,netflix,US Netflix,TV,2026-03-09,Derrick Stroup: Nostalgic,,10,10,Netflix weekly rank (views),,,,0.1
US,netflix,US Netflix,Films,2026-03-02,War Machine,,1,10,Netflix weekly rank (views),,,,1.0
US,netflix,US Netflix,Films,2026-03-02,Jurassic World Rebirth,,2,10,Netflix weekly rank (views),,,,0.9
US,netflix,US Netflix,Films,2026-03-02,Trap House,,3,10,Netflix weekly rank (views),,,,0.8
US,netflix,US Netflix,Films,2026-03-02,Jurassic World: Dominion,,4,10,Netflix weekly rank (views),,,,0.7
US,netflix,US Netflix,Films,2026-03-02,Jurassic World,,5,10,Netflix weekly rank (views),,,,0.6
US,netflix,US Netflix,Films,2026-03-02,Jurassic World: Fallen Kingdom,,6,10,Netflix weekly rank (views),,,,0.5
US,netflix,US Netflix,Films,2026-03-02,Deepwater Horizon,,7,10,Netflix weekly rank (views),,,,0.4
US,netflix,US Netflix,Films,2026-03-02,Trolls,,8,10,Netflix weekly rank (views),,,,0.3
US,netflix,US Netflix,Films,2026-03-02,KPop Demon Hunters,,9,10,Netflix weekly rank (views),,,,0.2
US,netflix,US Netflix,Films,2026-03-02,Joe’s College Road Trip,,10,10,Netflix weekly rank (views),,,,0.1
US,netflix,US Netflix,TV,2026-03-02,Bridgerton,Bridgerton: Season 4,1,10,Netflix weekly rank (views),,,,1.0
US,netflix,US Netflix,TV,2026-03-02,The Dinosaurs,The Dinosaurs: Season 1,2,10,Netflix weekly rank (views),,,,0.9
US,netflix,US Netflix,TV,2026-03-02,Raw,"Raw: March 2, 2026",3,10,Netflix weekly rank (views),,,,0.8
US,netflix,US Netflix,TV,2026-03-02,The Night Agent,The Night Agent: Season 3,4,10,Netflix weekly rank (views),,,,0.7
US,netflix,US Netflix,TV,2026-03-02,Bruce Bruce: I Ain’t Playin’,,5,10,Netflix weekly rank (views),,,,0.6
US,netflix,US Netflix,TV,2026-03-02,The TikTok Killer,The TikTok Killer: Limited Series,6,10,Netflix weekly rank (views),,,,0.5
US,netflix,US Netflix,TV,2026-03-02,Vladimir,Vladimir: Limited Series,7,10,Netflix weekly rank (views),,,,0.4
US,netflix,US Netflix,TV,2026-03-02,Love Is Blind,Love Is Blind: S10: Ohio,8,10,Netflix weekly rank (views),,,,0.3
US,netflix,US Netflix,TV,2026-03-02,Ms. Rachel,Ms. Rachel: Season 1,9,10,Netflix weekly rank (views),,,,0.2
US,netflix,US Netflix,TV,2026-03-02,"A Friend, a Murderer","A Friend, a Murderer: Limited Series",10,10,Netflix weekly rank (views),,,,0.1
US,netflix,US Netflix,Films,2026-02-23,Jurassic World Rebirth,,1,10,Netflix weekly rank (views),,,,1.0
US,netflix,US Netflix,Films,2026-02-23,Trap House,,2,10,Netflix weekly rank (views),,,,0.9
US,netflix,US Netflix,Films,2026-02-23,Firebreak,,3,10,Netflix weekly rank (views),,,,0.8
US,netflix,US Netflix,Films,2026-02-23,The Expendables 4,,4,10,Netflix weekly rank (views),,,,0.7
US,netflix,US Netflix,Films,2026-02-23,The Addams Family,,5,10,Netflix weekly rank (views),,,,0.6
US,netflix,US Netflix,Films,2026-02-23,Joe’s College Road Trip,,6,10,Netflix weekly rank (views),,,,0.5
US,netflix,US Netflix,Films,2026-02-23,Mission: Impossible - Dead Reckoning,,7,10,Netflix weekly rank (views),,,,0.4
US,netflix,US Netflix,Films,2026-02-23,Fall,,8,10,Netflix weekly rank (views),,,,0.3
US,netflix,US Netflix,Films,2026-02-23,KPop Demon Hunters,,9,10,Netflix weekly rank (views),,,,0.2
US,netflix,US Netflix,Films,2026-02-23,The Orphans,,10,10,Netflix weekly rank (views),,,,0.1
US,netflix,US Netflix,TV,2026-02-23,Bridgerton,Bridgerton: Season 4,1,10,Netflix weekly rank (views),,,,1.0
US,netflix,US Netflix,TV,2026-02-23,The Night Agent,The Night Agent: Season 3,2,10,Netflix weekly rank (views),,,,0.9
US,netflix,US Netflix,TV,2026-02-23,Reality Check: Inside America's Next Top Model,Reality Check: Inside America's Next Top Model: Season 1,3,10,Netflix weekly rank (views),,,,0.8
US,netflix,US Netflix,TV,2026-02-23,Love Is Blind,Love Is Blind: S10: Ohio,4,10,Netflix weekly rank (views),,,,0.7
US,netflix,US Netflix,TV,2026-02-23,Raw,"Raw: February 23, 2026",5,10,Netflix weekly rank (views),,,,0.6
US,netflix,US Netflix,TV,2026-02-23,Taylor Tomlinson: Prodigal Daughter,,6,10,Netflix weekly rank (views),,,,0.5
US,netflix,US Netflix,TV,2026-02-23,The Hunting Party,The Hunting Party: Season 1,7,10,Netflix weekly rank (views),,,,0.4
US,netflix,US Netflix,TV,2026-02-23,The Lincoln Lawyer,The Lincoln Lawyer: Season 4,8,10,Netflix weekly rank (views),,,,0.3
US,netflix,US Netflix,TV,2026-02-23,Ms. Rachel,Ms. Rachel: Season 1,9,10,Netflix weekly rank (views),,,,0.2
US,netflix,US Netflix,TV,2026-02-23,Famous Last Words: Eric Dane,,10,10,Netflix weekly rank (views),,,,0.1
US,netflix,US Netflix,Films,2026-02-16,Joe’s College Road Trip,,1,10,Netflix weekly rank (views),,,,1.0
US,netflix,US Netflix,Films,2026-02-16,Fall,,2,10,Netflix weekly rank (views),,,,0.9
US,netflix,US Netflix,Films,2026-02-16,The Expendables 4,,3,10,Netflix weekly rank (views),,,,0.8
US,netflix,US Netflix,Films,2026-02-16,How to Train Your Dragon,,4,10,Netflix weekly rank (views),,,,0.7
US,netflix,US Netflix,Films,2026-02-16,The Addams Family,,5,10,Netflix weekly rank (views),,,,0.6
US,netflix,US Netflix,Films,2026-02-16,KPop Demon Hunters,,6,10,Netflix weekly rank (views),,,,0.5
US,netflix,US Netflix,Films,2026-02-16,A Father's Miracle,,7,10,Netflix weekly rank (views),,,,0.4
US,netflix,US Netflix,Films,2026-02-16,The Addams Family 2,,8,10,Netflix weekly rank (views),,,,0.3
US,netflix,US Netflix,Films,2026-02-16,Homefront,,9,10,Netflix weekly rank (views),,,,0.2
US,netflix,US Netflix,Films,2026-02-16,The Orphans,,10,10,Netflix weekly rank (views),,,,0.1
US,netflix,US Netflix,TV,2026-02-16,Reality Check: Inside America's Next Top Model,Reality Check: Inside America's Next Top Model: Season 1,1,10,Netflix weekly rank (views),,,,1.0
US,netflix,US Netflix,TV,2026-02-16,The Hunting Party,The Hunting Party: Season 1,2,10,Netflix weekly rank (views),,,,0.9
US,netflix,US Netflix,TV,2026-02-16,Love Is Blind,Love Is Blind: S10: Ohio,3,10,Netflix weekly rank (views),,,,0.8
US,netflix,US Netflix,TV,2026-02-16,The Night Agent,The Night Agent: Season 3,4,10,Netflix weekly rank (views),,,,0.7
US,netflix,US Netflix,TV,2026-02-16,The Lincoln Lawyer,The Lincoln Lawyer: Season 4,5,10,Netflix weekly rank (views),,,,0.6
US,netflix,US Netflix,TV,2026-02-16,Famous Last Words: Eric Dane,,6,10,Netflix weekly rank (views),,,,0.5
US,netflix,US Netflix,TV,2026-02-16,Raw,"Raw: February 16, 2026",7,10,Netflix weekly rank (views),,,,0.4
US,netflix,US Netflix,TV,2026-02-16,Bridgerton,Bridgerton: Season 4,8,10,Netflix weekly rank (views),,,,0.3
US,netflix,US Netflix,TV,2026-02-16,Katt Williams: The Last Report,,9,10,Netflix weekly rank (views),,,,0.2
US,netflix,US Netflix,TV,2026-02-16,Sommore: Chandelier Fly,,10,10,Netflix weekly rank (views),,,,0.1
US,netflix,US Netflix,Films,2026-02-09,Joe’s College Road Trip,,1,10,Netflix weekly rank (views),,,,1.0
US,netflix,US Netflix,Films,2026-02-09,How to Train Your Dragon,,2,10,Netflix weekly rank (views),,,,0.9
US,netflix,US Netflix,Films,2026-02-09,The Investigation of Lucy Letby,,3,10,Netflix weekly rank (views),,,,0.8
US,netflix,US Netflix,Films,2026-02-09,Homefront,,4,10,Netflix weekly rank (views),,,,0.7
US,netflix,US Netflix,Films,2026-02-09,Overboard (2018),,5,10,Netflix weekly rank (views),,,,0.6
US,netflix,US Netflix,Films,2026-02-09,Flipped,,6,10,Netflix weekly rank (views),,,,0.5
US,netflix,US Netflix,Films,2026-02-09,KPop Demon Hunters,,7,10,Netflix weekly rank (views),,,,0.4
US,netflix,US Netflix,Films,2026-02-09,A Father's Miracle,,8,10,Netflix weekly rank (views),,,,0.3
US,netflix,US Netflix,Films,2026-02-09,The Black Phone,,9,10,Netflix weekly rank (views),,,,0.2
US,netflix,US Netflix,Films,2026-02-09,Night at the Museum,,10,10,Netflix weekly rank (views),,,,0.1
US,netflix,US Netflix,TV,2026-02-09,Katt Williams: The Last Report,,1,10,Netflix weekly rank (views),,,,1.0
US,netflix,US Netflix,TV,2026-02-09,The Lincoln Lawyer,The Lincoln Lawyer: Season 4,2,10,Netflix weekly rank (views),,,,0.9
US,netflix,US Netflix,TV,2026-02-09,Love Is Blind,Love Is Blind: S10: Ohio,3,10,Netflix weekly rank (views),,,,0.8
US,netflix,US Netflix,TV,2026-02-09,Bridgerton,Bridgerton: Season 4,4,10,Netflix weekly rank (views),,,,0.7
US,netflix,US Netflix,TV,2026-02-09,Unfamiliar,Unfamiliar: Season 1,5,10,Netflix weekly rank (views),,,,0.6
US,netflix,US Netflix,TV,2026-02-09,Jeffrey Epstein: Filthy Rich,Jeffrey Epstein: Filthy Rich: Limited Series,6,10,Netflix weekly rank (views),,,,0.5
US,netflix,US Netflix,TV,2026-02-09,Raw,"Raw: February 9, 2026",7,10,Netflix weekly rank (views),,,,0.4
US,netflix,US Netflix,TV,2026-02-09,HIS & HERS,HIS & HERS: Limited Series,8,10,Netflix weekly rank (views),,,,0.3
US,netflix,US Netflix,TV,2026-02-09,Ms. Rachel,Ms. Rachel: Season 1,9,10,Netflix weekly rank (views),,,,0.2
US,netflix,US Netflix,TV,2026-02-09,Is It Cake? Valentines,Is It Cake? Valentines: Season 1,10,10,Netflix weekly rank (views),,,,0.1
US,netflix,US Netflix,Films,2026-02-02,The Investigation of Lucy Letby,,1,10,Netflix weekly rank (views),,,,1.0
US,netflix,US Netflix,Films,2026-02-02,Mike and Dave Need Wedding Dates,,2,10,Netflix weekly rank (views),,,,0.9
US,netflix,US Netflix,Films,2026-02-02,Copshop,,3,10,Netflix weekly rank (views),,,,0.8
US,netflix,US Netflix,Films,2026-02-02,Faith in the Flames: The Nichole Jolly Story,,4,10,Netflix weekly rank (views),,,,0.7
US,netflix,US Netflix,Films,2026-02-02,Night at the Museum,,5,10,Netflix weekly rank (views),,,,0.6
US,netflix,US Netflix,Films,2026-02-02,Terry McMillan Presents: Forever,,6,10,Netflix weekly rank (views),,,,0.5
US,netflix,US Netflix,Films,2026-02-02,Independence Day,,7,10,Netflix weekly rank (views),,,,0.4
US,netflix,US Netflix,Films,2026-02-02,Homefront,,8,10,Netflix weekly rank (views),,,,0.3
US,netflix,US Netflix,Films,2026-02-02,The Rip,,9,10,Netflix weekly rank (views),,,,0.2
US,netflix,US Netflix,Films,2026-02-02,KPop Demon Hunters,,10,10,Netflix weekly rank (views),,,,0.1
US,netflix,US Netflix,TV,2026-02-02,Bridgerton,Bridgerton: Season 4,1,10,Netflix weekly rank (views),,,,1.0
US,netflix,US Netflix,TV,2026-02-02,The Lincoln Lawyer,The Lincoln Lawyer: Season 4,2,10,Netflix weekly rank (views),,,,0.9
US,netflix,US Netflix,TV,2026-02-02,HIS & HERS,HIS & HERS: Limited Series,3,10,Netflix weekly rank (views),,,,0.8
US,netflix,US Netflix,TV,2026-02-02,Is It Cake? Valentines,Is It Cake? Valentines: Season 1,4,10,Netflix weekly rank (views),,,,0.7
US,netflix,US Netflix,TV,2026-02-02,Raw,"Raw: February 2, 2026",5,10,Netflix weekly rank (views),,,,0.6
US,netflix,US Netflix,TV,2026-02-02,Ms. Rachel,Ms. Rachel: Season 1,6,10,Netflix weekly rank (views),,,,0.5
US,netflix,US Netflix,TV,2026-02-02,Ms. Rachel,Ms. Rachel: Season 2,7,10,Netflix weekly rank (views),,,,0.4
US,netflix,US Netflix,TV,2026-02-02,Mike Epps: Delusional,,8,10,Netflix weekly rank (views),,,,0.3
US,netflix,US Netflix,TV,2026-02-02,Alone,Alone: Season 11,9,10,Netflix weekly rank (views),,,,0.2
US,netflix,US Netflix,TV,2026-02-02,Unfamiliar,Unfamiliar: Season 1,10,10,Netflix weekly rank (views),,,,0.1
US,netflix,US Netflix,Films,2026-01-26,The Rip,,1,10,Netflix weekly rank (views),,,,1.0
US,netflix,US Netflix,Films,2026-01-26,M3GAN 2.0,,2,10,Netflix weekly rank (views),,,,0.9
US,netflix,US Netflix,Films,2026-01-26,Kidnapped: Elizabeth Smart,,3,10,Netflix weekly rank (views),,,,0.8
US,netflix,US Netflix,Films,2026-01-26,Secret Mall Apartment,,4,10,Netflix weekly rank (views),,,,0.7
US,netflix,US Netflix,Films,2026-01-26,KPop Demon Hunters,,5,10,Netflix weekly rank (views),,,,0.6
US,netflix,US Netflix,Films,2026-01-26,No Time to Die,,6,10,Netflix weekly rank (views),,,,0.5
US,netflix,US Netflix,Films,2026-01-26,People We Meet on Vacation,,7,10,Netflix weekly rank (views),,,,0.4
US,netflix,US Netflix,Films,2026-01-26,Eleanor the Great,,8,10,Netflix weekly rank (views),,,,0.3
US,netflix,US Netflix,Films,2026-01-26,Paw Patrol: The Movie,,9,10,Netflix weekly rank (views),,,,0.2
US,netflix,US Netflix,Films,2026-01-26,Spider-Man: Into the Spider-Verse,,10,10,Netflix weekly rank (views),,,,0.1
US,netflix,US Netflix,TV,2026-01-26,Bridgerton,Bridgerton: Season 4,1,10,Netflix weekly rank (views),,,,1.0
US,netflix,US Netflix,TV,2026-01-26,HIS & HERS,HIS & HERS: Limited Series,2,10,Netflix weekly rank (views),,,,0.9
US,netflix,US Netflix,TV,2026-01-26,Mike Epps: Delusional,,3,10,Netflix weekly rank (views),,,,0.8
US,netflix,US Netflix,TV,2026-01-26,Free Bert,Free Bert: Season 1,4,10,Netflix weekly rank (views),,,,0.7
US,netflix,US Netflix,TV,2026-01-26,Skyscraper Live,,5,10,Netflix weekly rank (views),,,,0.6
US,netflix,US Netflix,TV,2026-01-26,Raw,"Raw: January 26, 2026",6,10,Netflix weekly rank (views),,,,0.5
US,netflix,US Netflix,TV,2026-01-26,Finding Her Edge,Finding Her Edge: Season 1,7,10,Netflix weekly rank (views),,,,0.4
US,netflix,US Netflix,TV,2026-01-26,Ms. Rachel,Ms. Rachel: Season 1,8,10,Netflix weekly rank (views),,,,0.3
US,netflix,US Netflix,TV,2026-01-26,Ms. Rachel,Ms. Rachel: Season 2,9,10,Netflix weekly rank (views),,,,0.2
US,netflix,US Netflix,TV,2026-01-26,11.22.63,11.22.63: Season 1,10,10,Netflix weekly rank (views),,,,0.1
US,netflix,US Netflix,Films,2026-01-19,The Rip,,1,10,Netflix weekly rank (views),,,,1.0
US,netflix,US Netflix,Films,2026-01-19,Kidnapped: Elizabeth Smart,,2,10,Netflix weekly rank (views),,,,0.9
US,netflix,US Netflix,Films,2026-01-19,No Time to Die,,3,10,Netflix weekly rank (views),,,,0.8
US,netflix,US Netflix,Films,2026-01-19,Suitcase Killer: The Melanie McGuire Story,,4,10,Netflix weekly rank (views),,,,0.7
US,netflix,US Netflix,Films,2026-01-19,People We Meet on Vacation,,5,10,Netflix weekly rank (views),,,,0.6
US,netflix,US Netflix,Films,2026-01-19,KPop Demon Hunters,,6,10,Netflix weekly rank (views),,,,0.5
US,netflix,US Netflix,Films,2026-01-19,Amish Stud: The Eli Weaver Story,,7,10,Netflix weekly rank (views),,,,0.4
US,netflix,US Netflix,Films,2026-01-19,Spectre,,8,10,Netflix weekly rank (views),,,,0.3
US,netflix,US Netflix,Films,2026-01-19,The Royal We,,9,10,Netflix weekly rank (views),,,,0.2
US,netflix,US Netflix,Films,2026-01-19,Spider-Man: Into the Spider-Verse,,10,10,Netflix weekly rank (views),,,,0.1
US,netflix,US Netflix,TV,2026-01-19,HIS & HERS,HIS & HERS: Limited Series,1,10,Netflix weekly rank (views),,,,1.0
US,netflix,US Netflix,TV,2026-01-19,Skyscraper Live,,2,10,Netflix weekly rank (views),,,,0.9
US,netflix,US Netflix,TV,2026-01-19,Free Bert,Free Bert: Season 1,3,10,Netflix weekly rank (views),,,,0.8
US,netflix,US Netflix,TV,2026-01-19,Agatha Christie's Seven Dials,Agatha Christie's Seven Dials: Season 1,4,10,Netflix weekly rank (views),,,,0.7
US,netflix,US Netflix,TV,2026-01-19,Star Search,Star Search: The Search Begins,5,10,Netflix weekly rank (views),,,,0.6
US,netflix,US Netflix,TV,2026-01-19,Raw,"Raw: January 19, 2026",6,10,Netflix weekly rank (views),,,,0.5
US,netflix,US Netflix,TV,2026-01-19,Marcello Hernández: American Boy,,7,10,Netflix weekly rank (views),,,,0.4
US,netflix,US Netflix,TV,2026-01-19,Southland,Southland: Season 1,8,10,Netflix weekly rank (views),,,,0.3
US,netflix,US Netflix,TV,2026-01-19,11.22.63,11.22.63: Season 1,9,10,Netflix weekly rank (views),,,,0.2
US,netflix,US Netflix,TV,2026-01-19,Ms. Rachel,Ms. Rachel: Season 1,10,10,Netflix weekly rank (views),,,,0.1
US,netflix,US Netflix,Films,2026-01-12,The Rip,,1,10,Netflix weekly rank (views),,,,1.0
US,netflix,US Netflix,Films,2026-01-12,People We Meet on Vacation,,2,10,Netflix weekly rank (views),,,,0.9
US,netflix,US Netflix,Films,2026-01-12,Suitcase Killer: The Melanie McGuire Story,,3,10,Netflix weekly rank (views),,,,0.8
US,netflix,US Netflix,Films,2026-01-12,KPop Demon Hunters,,4,10,Netflix weekly rank (views),,,,0.7
US,netflix,US Netflix,Films,2026-01-12,One Last Adventure: The Making of Stranger Things 5,,5,10,Netflix weekly rank (views),,,,0.6
US,netflix,US Netflix,Films,2026-01-12,Soul on Fire,,6,10,Netflix weekly rank (views),,,,0.5
US,netflix,US Netflix,Films,2026-01-12,An Unexpected Valentine,,7,10,Netflix weekly rank (views),,,,0.4
US,netflix,US Netflix,Films,2026-01-12,The Bad Guys,,8,10,Netflix weekly rank (views),,,,0.3
US,netflix,US Netflix,Films,2026-01-12,Paw Patrol: The Movie,,9,10,Netflix weekly rank (views),,,,0.2
US,netflix,US Netflix,Films,2026-01-12,Spider-Man: Into the Spider-Verse,,10,10,Netflix weekly rank (views),,,,0.1
US,netflix,US Netflix,TV,2026-01-12,HIS & HERS,HIS & HERS: Limited Series,1,10,Netflix weekly rank (views),,,,1.0
US,netflix,US Netflix,TV,2026-01-12,11.22.63,11.22.63: Season 1,2,10,Netflix weekly rank (views),,,,0.9
US,netflix,US Netflix,TV,2026-01-12,Marcello Hernández: American Boy,,3,10,Netflix weekly rank (views),,,,0.8
US,netflix,US Netflix,TV,2026-01-12,Agatha Christie's Seven Dials,Agatha Christie's Seven Dials: Season 1,4,10,Netflix weekly rank (views),,,,0.7
US,netflix,US Netflix,TV,2026-01-12,Kill Tony: Once Upon a Time in Texas,,5,10,Netflix weekly rank (views),,,,0.6
US,netflix,US Netflix,TV,2026-01-12,Raw,"Raw: January 12, 2026",6,10,Netflix weekly rank (views),,,,0.5
US,netflix,US Netflix,TV,2026-01-12,Stranger Things,Stranger Things 5,7,10,Netflix weekly rank (views),,,,0.4
US,netflix,US Netflix,TV,2026-01-12,Run Away,Run Away: Limited Series,8,10,Netflix weekly rank (views),,,,0.3
US,netflix,US Netflix,TV,2026-01-12,Ms. Rachel,Ms. Rachel: Season 1,9,10,Netflix weekly rank (views),,,,0.2
US,netflix,US Netflix,TV,2026-01-12,Ms. Rachel,Ms. Rachel: Season 2,10,10,Netflix weekly rank (views),,,,0.1
US,netflix,US Netflix,Films,2026-01-05,People We Meet on Vacation,,1,10,Netflix weekly rank (views),,,,1.0
US,netflix,US Netflix,Films,2026-01-05,Evil Influencer: The Jodi Hildebrandt Story,,2,10,Netflix weekly rank (views),,,,0.9
US,netflix,US Netflix,Films,2026-01-05,KPop Demon Hunters,,3,10,Netflix weekly rank (views),,,,0.8
US,netflix,US Netflix,Films,2026-01-05,The Bad Guys,,4,10,Netflix weekly rank (views),,,,0.7
US,netflix,US Netflix,Films,2026-01-05,Priscilla,,5,10,Netflix weekly rank (views),,,,0.6
US,netflix,US Netflix,Films,2026-01-05,Just Go With It,,6,10,Netflix weekly rank (views),,,,0.5
US,netflix,US Netflix,Films,2026-01-05,Pitch Perfect,,7,10,Netflix weekly rank (views),,,,0.4
US,netflix,US Netflix,Films,2026-01-05,Spider-Man: Into the Spider-Verse,,8,10,Netflix weekly rank (views),,,,0.3
US,netflix,US Netflix,Films,2026-01-05,Paw Patrol: The Movie,,9,10,Netflix weekly rank (views),,,,0.2
US,netflix,US Netflix,Films,2026-01-05,Man on Fire,,10,10,Netflix weekly rank (views),,,,0.1
US,netflix,US Netflix,TV,2026-01-05,HIS & HERS,HIS & HERS: Limited Series,1,10,Netflix weekly rank (views),,,,1.0
US,netflix,US Netflix,TV,2026-01-05,Run Away,Run Away: Limited Series,2,10,Netflix weekly rank (views),,,,0.9
US,netflix,US Netflix,TV,2026-01-05,Stranger Things,Stranger Things 5,3,10,Netflix weekly rank (views),,,,0.8
US,netflix,US Netflix,TV,2026-01-05,11.22.63,11.22.63: Season 1,4,10,Netflix weekly rank (views),,,,0.7
US,netflix,US Netflix,TV,2026-01-05,Marcello Hernández: American Boy,,5,10,Netflix weekly rank (views),,,,0.6
US,netflix,US Netflix,TV,2026-01-05,Raw,"Raw: January 5, 2026",6,10,Netflix weekly rank (views),,,,0.5
US,netflix,US Netflix,TV,2026-01-05,Stranger Things,,7,10,Netflix weekly rank (views),,,,0.4
US,netflix,US Netflix,TV,2026-01-05,Stranger Things,Stranger Things 3,8,10,Netflix weekly rank (views),,,,0.3
US,netflix,US Netflix,TV,2026-01-05,Ms. Rachel,Ms. Rachel: Season 1,9,10,Netflix weekly rank (views),,,,0.2
US,netflix,US Netflix,TV,2026-01-05,Stranger Things,Stranger Things 2,10,10,Netflix weekly rank (views),,,,0.1
US,netflix,US Netflix,Films,2025-12-29,Evil Influencer: The Jodi Hildebrandt Story,,1,10,Netflix weekly rank (views),,,,1.0
US,netflix,US Netflix,Films,2025-12-29,Spider-Man: Into the Spider-Verse,,2,10,Netflix weekly rank (views),,,,0.9
US,netflix,US Netflix,Films,2025-12-29,Wrath of Man,,3,10,Netflix weekly rank (views),,,,0.8
US,netflix,US Netflix,Films,2025-12-29,KPop Demon Hunters,,4,10,Netflix weekly rank (views),,,,0.7
US,netflix,US Netflix,Films,2025-12-29,Wake Up Dead Man: A Knives Out Mystery,,5,10,Netflix weekly rank (views),,,,0.6
US,netflix,US Netflix,Films,2025-12-29,Man on Fire,,6,10,Netflix weekly rank (views),,,,0.5
US,netflix,US Netflix,Films,2025-12-29,Ford v. Ferrari,,7,10,Netflix weekly rank (views),,,,0.4
US,netflix,US Netflix,Films,2025-12-29,The Girl Who Got Away,,8,10,Netflix weekly rank (views),,,,0.3
US,netflix,US Netflix,Films,2025-12-29,Pitch Perfect 2,,9,10,Netflix weekly rank (views),,,,0.2
US,netflix,US Netflix,Films,2025-12-29,Priscilla,,10,10,Netflix weekly rank (views),,,,0.1
US,netflix,US Netflix,TV,2025-12-29,Stranger Things,Stranger Things 5,1,10,Netflix weekly rank (views),,,,1.0
US,netflix,US Netflix,TV,2025-12-29,Run Away,Run Away: Limited Series,2,10,Netflix weekly rank (views),,,,0.9
US,netflix,US Netflix,TV,2025-12-29,Stranger Things,,3,10,Netflix weekly rank (views),,,,0.8
US,netflix,US Netflix,TV,2025-12-29,Dave Chappelle: The Unstoppable...,,4,10,Netflix weekly rank (views),,,,0.7
US,netflix,US Netflix,TV,2025-12-29,Emily in Paris,Emily in Paris: Season 5,5,10,Netflix weekly rank (views),,,,0.6
US,netflix,US Netflix,TV,2025-12-29,Ricky Gervais: Mortality,,6,10,Netflix weekly rank (views),,,,0.5
US,netflix,US Netflix,TV,2025-12-29,Stranger Things,Stranger Things 2,7,10,Netflix weekly rank (views),,,,0.4
US,netflix,US Netflix,TV,2025-12-29,Raw,"Raw: December 29, 2025",8,10,Netflix weekly rank (views),,,,0.3
US,netflix,US Netflix,TV,2025-12-29,Stranger Things,Stranger Things 3,9,10,Netflix weekly rank (views),,,,0.2
US,netflix,US Netflix,TV,2025-12-29,Stranger Things,Stranger Things 4,10,10,Netflix weekly rank (views),,,,0.1
US,netflix,US Netflix,Films,2025-12-22,The Great Flood,,1,10,Netflix weekly rank (views),,,,1.0
US,netflix,US Netflix,Films,2025-12-22,Wrath of Man,,2,10,Netflix weekly rank (views),,,,0.9
US,netflix,US Netflix,Films,2025-12-22,Wake Up Dead Man: A Knives Out Mystery,,3,10,Netflix weekly rank (views),,,,0.8
US,netflix,US Netflix,Films,2025-12-22,KPop Demon Hunters,,4,10,Netflix weekly rank (views),,,,0.7
US,netflix,US Netflix,Films,2025-12-22,Four Brothers,,5,10,Netflix weekly rank (views),,,,0.6
US,netflix,US Netflix,Films,2025-12-22,The Christmas Chronicles,,6,10,Netflix weekly rank (views),,,,0.5
US,netflix,US Netflix,Films,2025-12-22,PAW Patrol: The Mighty Movie,,7,10,Netflix weekly rank (views),,,,0.4
US,netflix,US Netflix,Films,2025-12-22,A Cowboy Christmas Romance,,8,10,Netflix weekly rank (views),,,,0.3
US,netflix,US Netflix,Films,2025-12-22,Eden,,9,10,Netflix weekly rank (views),,,,0.2
US,netflix,US Netflix,Films,2025-12-22,My Secret Santa,,10,10,Netflix weekly rank (views),,,,0.1
US,netflix,US Netflix,TV,2025-12-22,Stranger Things,Stranger Things 5,1,10,Netflix weekly rank (views),,,,1.0
US,netflix,US Netflix,TV,2025-12-22,Dave Chappelle: The Unstoppable...,,2,10,Netflix weekly rank (views),,,,0.9
US,netflix,US Netflix,TV,2025-12-22,Emily in Paris,Emily in Paris: Season 5,3,10,Netflix weekly rank (views),,,,0.8
US,netflix,US Netflix,TV,2025-12-22,Tom Segura: Teacher,,4,10,Netflix weekly rank (views),,,,0.7
US,netflix,US Netflix,TV,2025-12-22,Sean Combs: The Reckoning,Sean Combs: The Reckoning: Season 1,5,10,Netflix weekly rank (views),,,,0.6
US,netflix,US Netflix,TV,2025-12-22,Stranger Things,,6,10,Netflix weekly rank (views),,,,0.5
US,netflix,US Netflix,TV,2025-12-22,Stranger Things,Stranger Things 4,7,10,Netflix weekly rank (views),,,,0.4
US,netflix,US Netflix,TV,2025-12-22,The Closer,The Closer: Season 1,8,10,Netflix weekly rank (views),,,,0.3
US,netflix,US Netflix,TV,2025-12-22,Man Vs Baby,Man Vs Baby: Season 1,9,10,Netflix weekly rank (views),,,,0.2
US,netflix,US Netflix,TV,2025-12-22,Stranger Things,Stranger Things 2,10,10,Netflix weekly rank (views),,,,0.1
US,netflix,US Netflix,Films,2025-12-15,Wake Up Dead Man: A Knives Out Mystery,,1,10,Netflix weekly rank (views),,,,1.0
US,netflix,US Netflix,Films,2025-12-15,A Cowboy Christmas Romance,,2,10,Netflix weekly rank (views),,,,0.9
US,netflix,US Netflix,Films,2025-12-15,The Great Flood,,3,10,Netflix weekly rank (views),,,,0.8
US,netflix,US Netflix,Films,2025-12-15,PAW Patrol: The Mighty Movie,,4,10,Netflix weekly rank (views),,,,0.7
US,netflix,US Netflix,Films,2025-12-15,KPop Demon Hunters,,5,10,Netflix weekly rank (views),,,,0.6
US,netflix,US Netflix,Films,2025-12-15,A Line of Fire,,6,10,Netflix weekly rank (views),,,,0.5
US,netflix,US Netflix,Films,2025-12-15,Murder in Monaco,,7,10,Netflix weekly rank (views),,,,0.4
US,netflix,US Netflix,Films,2025-12-15,My Secret Santa,,8,10,Netflix weekly rank (views),,,,0.3
US,netflix,US Netflix,Films,2025-12-15,Christmas at the Chalet,,9,10,Netflix weekly rank (views),,,,0.2
US,netflix,US Netflix,Films,2025-12-15,Mean Girls,,10,10,Netflix weekly rank (views),,,,0.1
US,netflix,US Netflix,TV,2025-12-15,Jake Paul vs. Anthony Joshua,,1,10,Netflix weekly rank (views),,,,1.0
US,netflix,US Netflix,TV,2025-12-15,Emily in Paris,Emily in Paris: Season 5,2,10,Netflix weekly rank (views),,,,0.9
US,netflix,US Netflix,TV,2025-12-15,Sean Combs: The Reckoning,Sean Combs: The Reckoning: Season 1,3,10,Netflix weekly rank (views),,,,0.8
US,netflix,US Netflix,TV,2025-12-15,Dave Chappelle: The Unstoppable...,,4,10,Netflix weekly rank (views),,,,0.7
US,netflix,US Netflix,TV,2025-12-15,Stranger Things,Stranger Things 5,5,10,Netflix weekly rank (views),,,,0.6
US,netflix,US Netflix,TV,2025-12-15,Man Vs Baby,Man Vs Baby: Season 1,6,10,Netflix weekly rank (views),,,,0.5
US,netflix,US Netflix,TV,2025-12-15,Raw,"Raw: December 15, 2025",7,10,Netflix weekly rank (views),,,,0.4
US,netflix,US Netflix,TV,2025-12-15,Ms. Rachel,Ms. Rachel: Season 1,8,10,Netflix weekly rank (views),,,,0.3
US,netflix,US Netflix,TV,2025-12-15,Stranger Things,Stranger Things 4,9,10,Netflix weekly rank (views),,,,0.2
US,netflix,US Netflix,TV,2025-12-15,The Beast in Me,The Beast in Me: Season 1,10,10,Netflix weekly rank (views),,,,0.1
US,netflix,US Netflix,Films,2025-12-08,Wake Up Dead Man: A Knives Out Mystery,,1,10,Netflix weekly rank (views),,,,1.0
US,netflix,US Netflix,Films,2025-12-08,My Secret Santa,,2,10,Netflix weekly rank (views),,,,0.9
US,netflix,US Netflix,Films,2025-12-08,Jay Kelly,,3,10,Netflix weekly rank (views),,,,0.8
US,netflix,US Netflix,Films,2025-12-08,The Covenant,,4,10,Netflix weekly rank (views),,,,0.7
US,netflix,US Netflix,Films,2025-12-08,KPop Demon Hunters,,5,10,Netflix weekly rank (views),,,,0.6
US,netflix,US Netflix,Films,2025-12-08,The Hustle,,6,10,Netflix weekly rank (views),,,,0.5
US,netflix,US Netflix,Films,2025-12-08,Honest Thief,,7,10,Netflix weekly rank (views),,,,0.4
US,netflix,US Netflix,Films,2025-12-08,Mean Girls,,8,10,Netflix weekly rank (views),,,,0.3
US,netflix,US Netflix,Films,2025-12-08,Dr. Seuss' The Cat in the Hat,,9,10,Netflix weekly rank (views),,,,0.2
US,netflix,US Netflix,Films,2025-12-08,A Merry Little Ex-Mas,,10,10,Netflix weekly rank (views),,,,0.1
US,netflix,US Netflix,TV,2025-12-08,Sean Combs: The Reckoning,Sean Combs: The Reckoning: Season 1,1,10,Netflix weekly rank (views),,,,1.0
US,netflix,US Netflix,TV,2025-12-08,Stranger Things,Stranger Things 5,2,10,Netflix weekly rank (views),,,,0.9
US,netflix,US Netflix,TV,2025-12-08,Man Vs Baby,Man Vs Baby: Season 1,3,10,Netflix weekly rank (views),,,,0.8
US,netflix,US Netflix,TV,2025-12-08,The Abandons,The Abandons: Season 1,4,10,Netflix weekly rank (views),,,,0.7
US,netflix,US Netflix,TV,2025-12-08,Raw,"Raw: December 8, 2025",5,10,Netflix weekly rank (views),,,,0.6
US,netflix,US Netflix,TV,2025-12-08,Love & Death,Love & Death: Season 1,6,10,Netflix weekly rank (views),,,,0.5
US,netflix,US Netflix,TV,2025-12-08,The Beast in Me,The Beast in Me: Season 1,7,10,Netflix weekly rank (views),,,,0.4
US,netflix,US Netflix,TV,2025-12-08,Ripple,Ripple: Season 1,8,10,Netflix weekly rank (views),,,,0.3
US,netflix,US Netflix,TV,2025-12-08,Matt Rife: Unwrapped - A Christmas Crowd Work Special,,9,10,Netflix weekly rank (views),,,,0.2
US,netflix,US Netflix,TV,2025-12-08,Stranger Things,Stranger Things 4,10,10,Netflix weekly rank (views),,,,0.1
US,netflix,US Netflix,Films,2025-12-01,Troll 2,,1,10,Netflix weekly rank (views),,,,1.0
US,netflix,US Netflix,Films,2025-12-01,My Secret Santa,,2,10,Netflix weekly rank (views),,,,0.9
US,netflix,US Netflix,Films,2025-12-01,Rio,,3,10,Netflix weekly rank (views),,,,0.8
US,netflix,US Netflix,Films,2025-12-01,Rio 2,,4,10,Netflix weekly rank (views),,,,0.7
US,netflix,US Netflix,Films,2025-12-01,KPop Demon Hunters,,5,10,Netflix weekly rank (views),,,,0.6
US,netflix,US Netflix,Films,2025-12-01,Jingle Bell Heist,,6,10,Netflix weekly rank (views),,,,0.5
US,netflix,US Netflix,Films,2025-12-01,Caught Stealing,,7,10,Netflix weekly rank (views),,,,0.4
US,netflix,US Netflix,Films,2025-12-01,Jay Kelly,,8,10,Netflix weekly rank (views),,,,0.3
US,netflix,US Netflix,Films,2025-12-01,In Your Dreams,,9,10,Netflix weekly rank (views),,,,0.2
US,netflix,US Netflix,Films,2025-12-01,Cheaper by the Dozen,,10,10,Netflix weekly rank (views),,,,0.1
US,netflix,US Netflix,TV,2025-12-01,Sean Combs: The Reckoning,Sean Combs: The Reckoning: Season 1,1,10,Netflix weekly rank (views),,,,1.0
US,netflix,US Netflix,TV,2025-12-01,Stranger Things,Stranger Things 5,2,10,Netflix weekly rank (views),,,,0.9
US,netflix,US Netflix,TV,2025-12-01,Matt Rife: Unwrapped - A Christmas Crowd Work Special,,3,10,Netflix weekly rank (views),,,,0.8
US,netflix,US Netflix,TV,2025-12-01,The Abandons,The Abandons: Season 1,4,10,Netflix weekly rank (views),,,,0.7
US,netflix,US Netflix,TV,2025-12-01,Stranger Things,,5,10,Netflix weekly rank (views),,,,0.6
US,netflix,US Netflix,TV,2025-12-01,Stranger Things,Stranger Things 2,6,10,Netflix weekly rank (views),,,,0.5
US,netflix,US Netflix,TV,2025-12-01,The Beast in Me,The Beast in Me: Season 1,7,10,Netflix weekly rank (views),,,,0.4
US,netflix,US Netflix,TV,2025-12-01,Love & Death,Love & Death: Season 1,8,10,Netflix weekly rank (views),,,,0.3
US,netflix,US Netflix,TV,2025-12-01,Raw,"Raw: December 1, 2025",9,10,Netflix weekly rank (views),,,,0.2
US,netflix,US Netflix,TV,2025-12-01,Stranger Things,Stranger Things 3,10,10,Netflix weekly rank (views),,,,0.1
US,netflix,US Netflix,Films,2025-11-24,Jingle Bell Heist,,1,10,Netflix weekly rank (views),,,,1.0
US,netflix,US Netflix,Films,2025-11-24,KPop Demon Hunters,,2,10,Netflix weekly rank (views),,,,0.9
US,netflix,US Netflix,Films,2025-11-24,Champagne Problems,,3,10,Netflix weekly rank (views),,,,0.8
US,netflix,US Netflix,Films,2025-11-24,Aquaman and the Lost Kingdom,,4,10,Netflix weekly rank (views),,,,0.7
US,netflix,US Netflix,Films,2025-11-24,In Your Dreams,,5,10,Netflix weekly rank (views),,,,0.6
US,netflix,US Netflix,Films,2025-11-24,Ambulance,,6,10,Netflix weekly rank (views),,,,0.5
US,netflix,US Netflix,Films,2025-11-24,Dog,,7,10,Netflix weekly rank (views),,,,0.4
US,netflix,US Netflix,Films,2025-11-24,The Carman Family Deaths,,8,10,Netflix weekly rank (views),,,,0.3
US,netflix,US Netflix,Films,2025-11-24,The Island,,9,10,Netflix weekly rank (views),,,,0.2
US,netflix,US Netflix,Films,2025-11-24,Frankenstein,,10,10,Netflix weekly rank (views),,,,0.1
US,netflix,US Netflix,TV,2025-11-24,Stranger Things,Stranger Things 5,1,10,Netflix weekly rank (views),,,,1.0
US,netflix,US Netflix,TV,2025-11-24,Kevin Hart: Acting My Age,,2,10,Netflix weekly rank (views),,,,0.9
US,netflix,US Netflix,TV,2025-11-24,The Beast in Me,The Beast in Me: Season 1,3,10,Netflix weekly rank (views),,,,0.8
US,netflix,US Netflix,TV,2025-11-24,Stranger Things,,4,10,Netflix weekly rank (views),,,,0.7
US,netflix,US Netflix,TV,2025-11-24,Missing: Dead or Alive?,Missing: Dead or Alive?: Season 2,5,10,Netflix weekly rank (views),,,,0.6
US,netflix,US Netflix,TV,2025-11-24,Stranger Things,Stranger Things 4,6,10,Netflix weekly rank (views),,,,0.5
US,netflix,US Netflix,TV,2025-11-24,Is It Cake? Holiday,Is It Cake? Holiday: Season 2,7,10,Netflix weekly rank (views),,,,0.4
US,netflix,US Netflix,TV,2025-11-24,Stranger Things,Stranger Things 2,8,10,Netflix weekly rank (views),,,,0.3
US,netflix,US Netflix,TV,2025-11-24,Raw,"Raw: November 24, 2025",9,10,Netflix weekly rank (views),,,,0.2
US,netflix,US Netflix,TV,2025-11-24,Mark Rober's CrunchLabs,Mark Rober's CrunchLabs: Season 1,10,10,Netflix weekly rank (views),,,,0.1
US,netflix,US Netflix,Films,2025-11-17,The Carman Family Deaths,,1,10,Netflix weekly rank (views),,,,1.0
US,netflix,US Netflix,Films,2025-11-17,In Your Dreams,,2,10,Netflix weekly rank (views),,,,0.9
US,netflix,US Netflix,Films,2025-11-17,Champagne Problems,,3,10,Netflix weekly rank (views),,,,0.8
US,netflix,US Netflix,Films,2025-11-17,The Marksman,,4,10,Netflix weekly rank (views),,,,0.7
US,netflix,US Netflix,Films,2025-11-17,KPop Demon Hunters,,5,10,Netflix weekly rank (views),,,,0.6
US,netflix,US Netflix,Films,2025-11-17,Selena y Los Dinos: A Family’s Legacy,,6,10,Netflix weekly rank (views),,,,0.5
US,netflix,US Netflix,Films,2025-11-17,The Sandlot,,7,10,Netflix weekly rank (views),,,,0.4
US,netflix,US Netflix,Films,2025-11-17,A Merry Little Ex-Mas,,8,10,Netflix weekly rank (views),,,,0.3
US,netflix,US Netflix,Films,2025-11-17,Frankenstein,,9,10,Netflix weekly rank (views),,,,0.2
US,netflix,US Netflix,Films,2025-11-17,Blue Beetle,,10,10,Netflix weekly rank (views),,,,0.1
US,netflix,US Netflix,TV,2025-11-17,The Beast in Me,The Beast in Me: Season 1,1,10,Netflix weekly rank (views),,,,1.0
US,netflix,US Netflix,TV,2025-11-17,Absentia,Absentia: Season 1,2,10,Netflix weekly rank (views),,,,0.9
US,netflix,US Netflix,TV,2025-11-17,Raw,"Raw: November 17, 2025",3,10,Netflix weekly rank (views),,,,0.8
US,netflix,US Netflix,TV,2025-11-17,Stranger Things,,4,10,Netflix weekly rank (views),,,,0.7
US,netflix,US Netflix,TV,2025-11-17,Ms. Rachel,Ms. Rachel: Season 1,5,10,Netflix weekly rank (views),,,,0.6
US,netflix,US Netflix,TV,2025-11-17,Last Samurai Standing,Last Samurai Standing: Season 1,6,10,Netflix weekly rank (views),,,,0.5
US,netflix,US Netflix,TV,2025-11-17,Stranger Things,Stranger Things 4,7,10,Netflix weekly rank (views),,,,0.4
US,netflix,US Netflix,TV,2025-11-17,A Man on the Inside,A Man on the Inside: Season 2,8,10,Netflix weekly rank (views),,,,0.3
US,netflix,US Netflix,TV,2025-11-17,Ms. Rachel,Ms. Rachel: Season 2,9,10,Netflix weekly rank (views),,,,0.2
US,netflix,US Netflix,TV,2025-11-17,Stranger Things,Stranger Things 3,10,10,Netflix weekly rank (views),,,,0.1
US,netflix,US Netflix,Films,2025-11-10,Frankenstein,,1,10,Netflix weekly rank (views),,,,1.0
US,netflix,US Netflix,Films,2025-11-10,A Merry Little Ex-Mas,,2,10,Netflix weekly rank (views),,,,0.9
US,netflix,US Netflix,Films,2025-11-10,KPop Demon Hunters,,3,10,Netflix weekly rank (views),,,,0.8
US,netflix,US Netflix,Films,2025-11-10,Being Eddie,,4,10,Netflix weekly rank (views),,,,0.7
US,netflix,US Netflix,Films,2025-11-10,The Marksman,,5,10,Netflix weekly rank (views),,,,0.6
US,netflix,US Netflix,Films,2025-11-10,No Sleep 'Til Christmas,,6,10,Netflix weekly rank (views),,,,0.5
US,netflix,US Netflix,Films,2025-11-10,In Your Dreams,,7,10,Netflix weekly rank (views),,,,0.4
US,netflix,US Netflix,Films,2025-11-10,Wanted Man,,8,10,Netflix weekly rank (views),,,,0.3
US,netflix,US Netflix,Films,2025-11-10,The Hangover,,9,10,Netflix weekly rank (views),,,,0.2
US,netflix,US Netflix,Films,2025-11-10,Tyler Perry's A Madea Christmas,,10,10,Netflix weekly rank (views),,,,0.1
US,netflix,US Netflix,TV,2025-11-10,The Beast in Me,The Beast in Me: Season 1,1,10,Netflix weekly rank (views),,,,1.0
US,netflix,US Netflix,TV,2025-11-10,Death by Lightning,Death by Lightning: Limited Series,2,10,Netflix weekly rank (views),,,,0.9
US,netflix,US Netflix,TV,2025-11-10,Raw,"Raw: November 10, 2025",3,10,Netflix weekly rank (views),,,,0.8
US,netflix,US Netflix,TV,2025-11-10,Squid Game: The Challenge,Squid Game: The Challenge: Season 2,4,10,Netflix weekly rank (views),,,,0.7
US,netflix,US Netflix,TV,2025-11-10,MARINES,MARINES: Season 1,5,10,Netflix weekly rank (views),,,,0.6
US,netflix,US Netflix,TV,2025-11-10,Sesame Street,Sesame Street: Volume 1,6,10,Netflix weekly rank (views),,,,0.5
US,netflix,US Netflix,TV,2025-11-10,Nobody Wants This,Nobody Wants This: Season 2,7,10,Netflix weekly rank (views),,,,0.4
US,netflix,US Netflix,TV,2025-11-10,Ms. Rachel,Ms. Rachel: Season 1,8,10,Netflix weekly rank (views),,,,0.3
US,netflix,US Netflix,TV,2025-11-10,Stranger Things,,9,10,Netflix weekly rank (views),,,,0.2
US,netflix,US Netflix,TV,2025-11-10,Ms. Rachel,Ms. Rachel: Season 2,10,10,Netflix weekly rank (views),,,,0.1
US,netflix,US Netflix,Films,2025-11-03,Frankenstein,,1,10,Netflix weekly rank (views),,,,1.0
US,netflix,US Netflix,Films,2025-11-03,KPop Demon Hunters,,2,10,Netflix weekly rank (views),,,,0.9
US,netflix,US Netflix,Films,2025-11-03,A HOUSE OF DYNAMITE,,3,10,Netflix weekly rank (views),,,,0.8
US,netflix,US Netflix,Films,2025-11-03,The Hangover,,4,10,Netflix weekly rank (views),,,,0.7
US,netflix,US Netflix,Films,2025-11-03,Life of the Party,,5,10,Netflix weekly rank (views),,,,0.6
US,netflix,US Netflix,Films,2025-11-03,Aileen: Queen of the Serial Killers,,6,10,Netflix weekly rank (views),,,,0.5
US,netflix,US Netflix,Films,2025-11-03,Turbo,,7,10,Netflix weekly rank (views),,,,0.4
US,netflix,US Netflix,Films,2025-11-03,Tyler Perry's A Madea Christmas,,8,10,Netflix weekly rank (views),,,,0.3
US,netflix,US Netflix,Films,2025-11-03,The Hangover: Part II,,9,10,Netflix weekly rank (views),,,,0.2
US,netflix,US Netflix,Films,2025-11-03,Game Night,,10,10,Netflix weekly rank (views),,,,0.1
US,netflix,US Netflix,TV,2025-11-03,Leanne Morgan: Unspeakable Things,,1,10,Netflix weekly rank (views),,,,1.0
US,netflix,US Netflix,TV,2025-11-03,Nobody Wants This,Nobody Wants This: Season 2,2,10,Netflix weekly rank (views),,,,0.9
US,netflix,US Netflix,TV,2025-11-03,Death by Lightning,Death by Lightning: Limited Series,3,10,Netflix weekly rank (views),,,,0.8
US,netflix,US Netflix,TV,2025-11-03,The Witcher,The Witcher: Season 4,4,10,Netflix weekly rank (views),,,,0.7
US,netflix,US Netflix,TV,2025-11-03,Selling Sunset,Selling Sunset: Season 9,5,10,Netflix weekly rank (views),,,,0.6
US,netflix,US Netflix,TV,2025-11-03,Raw,"Raw: November 3, 2025",6,10,Netflix weekly rank (views),,,,0.5
US,netflix,US Netflix,TV,2025-11-03,Squid Game: The Challenge,Squid Game: The Challenge: Season 2,7,10,Netflix weekly rank (views),,,,0.4
US,netflix,US Netflix,TV,2025-11-03,Ms. Rachel,Ms. Rachel: Season 1,8,10,Netflix weekly rank (views),,,,0.3
US,netflix,US Netflix,TV,2025-11-03,Ms. Rachel,Ms. Rachel: Season 2,9,10,Netflix weekly rank (views),,,,0.2
US,netflix,US Netflix,TV,2025-11-03,The Asset,The Asset: Season 1,10,10,Netflix weekly rank (views),,,,0.1
US,netflix,US Netflix,Films,2025-10-27,A HOUSE OF DYNAMITE,,1,10,Netflix weekly rank (views),,,,1.0
US,netflix,US Netflix,Films,2025-10-27,KPop Demon Hunters,,2,10,Netflix weekly rank (views),,,,0.9
US,netflix,US Netflix,Films,2025-10-27,Aileen: Queen of the Serial Killers,,3,10,Netflix weekly rank (views),,,,0.8
US,netflix,US Netflix,Films,2025-10-27,The Perfect Neighbor,,4,10,Netflix weekly rank (views),,,,0.7
US,netflix,US Netflix,Films,2025-10-27,Goosebumps 2: Haunted Halloween,,5,10,Netflix weekly rank (views),,,,0.6
US,netflix,US Netflix,Films,2025-10-27,Hotel Transylvania 3: Summer Vacation,,6,10,Netflix weekly rank (views),,,,0.5
US,netflix,US Netflix,Films,2025-10-27,Despicable Me 3,,7,10,Netflix weekly rank (views),,,,0.4
US,netflix,US Netflix,Films,2025-10-27,Premonition,,8,10,Netflix weekly rank (views),,,,0.3
US,netflix,US Netflix,Films,2025-10-27,Law Abiding Citizen,,9,10,Netflix weekly rank (views),,,,0.2
US,netflix,US Netflix,Films,2025-10-27,Life of the Party,,10,10,Netflix weekly rank (views),,,,0.1
US,netflix,US Netflix,TV,2025-10-27,Nobody Wants This,Nobody Wants This: Season 2,1,10,Netflix weekly rank (views),,,,1.0
US,netflix,US Netflix,TV,2025-10-27,Selling Sunset,Selling Sunset: Season 9,2,10,Netflix weekly rank (views),,,,0.9
US,netflix,US Netflix,TV,2025-10-27,The Asset,The Asset: Season 1,3,10,Netflix weekly rank (views),,,,0.8
US,netflix,US Netflix,TV,2025-10-27,Raw,"Raw: October 27, 2025",4,10,Netflix weekly rank (views),,,,0.7
US,netflix,US Netflix,TV,2025-10-27,The Witcher,The Witcher: Season 4,5,10,Netflix weekly rank (views),,,,0.6
US,netflix,US Netflix,TV,2025-10-27,The Diplomat,The Diplomat: Season 3,6,10,Netflix weekly rank (views),,,,0.5
US,netflix,US Netflix,TV,2025-10-27,Ms. Rachel,Ms. Rachel: Season 1,7,10,Netflix weekly rank (views),,,,0.4
US,netflix,US Netflix,TV,2025-10-27,Dark Winds,Dark Winds: Season 3,8,10,Netflix weekly rank (views),,,,0.3
US,netflix,US Netflix,TV,2025-10-27,Boots,Boots: Season 1,9,10,Netflix weekly rank (views),,,,0.2
US,netflix,US Netflix,TV,2025-10-27,Ms. Rachel,Ms. Rachel: Season 2,10,10,Netflix weekly rank (views),,,,0.1
US,netflix,US Netflix,Films,2025-10-20,The Perfect Neighbor,,1,10,Netflix weekly rank (views),,,,1.0
US,netflix,US Netflix,Films,2025-10-20,A HOUSE OF DYNAMITE,,2,10,Netflix weekly rank (views),,,,0.9
US,netflix,US Netflix,Films,2025-10-20,KPop Demon Hunters,,3,10,Netflix weekly rank (views),,,,0.8
US,netflix,US Netflix,Films,2025-10-20,Taken in Plain Sight,,4,10,Netflix weekly rank (views),,,,0.7
US,netflix,US Netflix,Films,2025-10-20,I Know What You Did Last Summer,,5,10,Netflix weekly rank (views),,,,0.6
US,netflix,US Netflix,Films,2025-10-20,The Twits,,6,10,Netflix weekly rank (views),,,,0.5
US,netflix,US Netflix,Films,2025-10-20,Don't Say a Word,,7,10,Netflix weekly rank (views),,,,0.4
US,netflix,US Netflix,Films,2025-10-20,The Woman in Cabin 10,,8,10,Netflix weekly rank (views),,,,0.3
US,netflix,US Netflix,Films,2025-10-20,Despicable Me 3,,9,10,Netflix weekly rank (views),,,,0.2
US,netflix,US Netflix,Films,2025-10-20,The A-Team,,10,10,Netflix weekly rank (views),,,,0.1
US,netflix,US Netflix,TV,2025-10-20,Nobody Wants This,Nobody Wants This: Season 2,1,10,Netflix weekly rank (views),,,,1.0
US,netflix,US Netflix,TV,2025-10-20,Mob War: Philadelphia vs. The Mafia,Mob War: Philadelphia vs. The Mafia: Season 1,2,10,Netflix weekly rank (views),,,,0.9
US,netflix,US Netflix,TV,2025-10-20,The Diplomat,The Diplomat: Season 3,3,10,Netflix weekly rank (views),,,,0.8
US,netflix,US Netflix,TV,2025-10-20,Raw,"Raw: October 20, 2025",4,10,Netflix weekly rank (views),,,,0.7
US,netflix,US Netflix,TV,2025-10-20,Monster: The Ed Gein Story,Monster: The Ed Gein Story: Season 1,5,10,Netflix weekly rank (views),,,,0.6
US,netflix,US Netflix,TV,2025-10-20,Boots,Boots: Season 1,6,10,Netflix weekly rank (views),,,,0.5
US,netflix,US Netflix,TV,2025-10-20,The Monster of Florence,The Monster of Florence: Limited Series,7,10,Netflix weekly rank (views),,,,0.4
US,netflix,US Netflix,TV,2025-10-20,Ms. Rachel,Ms. Rachel: Season 1,8,10,Netflix weekly rank (views),,,,0.3
US,netflix,US Netflix,TV,2025-10-20,Love Is Blind,Love Is Blind: S9: Denver,9,10,Netflix weekly rank (views),,,,0.2
US,netflix,US Netflix,TV,2025-10-20,Ms. Rachel,Ms. Rachel: Season 2,10,10,Netflix weekly rank (views),,,,0.1
US,netflix,US Netflix,Films,2025-10-13,The Perfect Neighbor,,1,10,Netflix weekly rank (views),,,,1.0
US,netflix,US Netflix,Films,2025-10-13,The Woman in Cabin 10,,2,10,Netflix weekly rank (views),,,,0.9
US,netflix,US Netflix,Films,2025-10-13,KPop Demon Hunters,,3,10,Netflix weekly rank (views),,,,0.8
US,netflix,US Netflix,Films,2025-10-13,Vacation,,4,10,Netflix weekly rank (views),,,,0.7
US,netflix,US Netflix,Films,2025-10-13,Taken in Plain Sight,,5,10,Netflix weekly rank (views),,,,0.6
US,netflix,US Netflix,Films,2025-10-13,"My Father, the BTK Killer",,6,10,Netflix weekly rank (views),,,,0.5
US,netflix,US Netflix,Films,2025-10-13,The Maze Runner,,7,10,Netflix weekly rank (views),,,,0.4
US,netflix,US Netflix,Films,2025-10-13,Maze Runner: The Scorch Trials,,8,10,Netflix weekly rank (views),,,,0.3
US,netflix,US Netflix,Films,2025-10-13,Despicable Me 3,,9,10,Netflix weekly rank (views),,,,0.2
US,netflix,US Netflix,Films,2025-10-13,I Know What You Did Last Summer,,10,10,Netflix weekly rank (views),,,,0.1
US,netflix,US Netflix,TV,2025-10-13,Monster: The Ed Gein Story,Monster: The Ed Gein Story: Season 1,1,10,Netflix weekly rank (views),,,,1.0
US,netflix,US Netflix,TV,2025-10-13,Boots,Boots: Season 1,2,10,Netflix weekly rank (views),,,,0.9
US,netflix,US Netflix,TV,2025-10-13,The Diplomat,The Diplomat: Season 3,3,10,Netflix weekly rank (views),,,,0.8
US,netflix,US Netflix,TV,2025-10-13,Love Is Blind,Love Is Blind: S9: Denver,4,10,Netflix weekly rank (views),,,,0.7
US,netflix,US Netflix,TV,2025-10-13,Is It Cake? Halloween,Is It Cake? Halloween: Season 1,5,10,Netflix weekly rank (views),,,,0.6
US,netflix,US Netflix,TV,2025-10-13,Raw,"Raw: October 13, 2025",6,10,Netflix weekly rank (views),,,,0.5
US,netflix,US Netflix,TV,2025-10-13,No One Saw Us Leave,No One Saw Us Leave: Season 1,7,10,Netflix weekly rank (views),,,,0.4
US,netflix,US Netflix,TV,2025-10-13,Wayward,Wayward: Limited Series,8,10,Netflix weekly rank (views),,,,0.3
US,netflix,US Netflix,TV,2025-10-13,Ms. Rachel,Ms. Rachel: Season 1,9,10,Netflix weekly rank (views),,,,0.2
US,netflix,US Netflix,TV,2025-10-13,Ms. Rachel,Ms. Rachel: Season 2,10,10,Netflix weekly rank (views),,,,0.1
US,netflix,US Netflix,Films,2025-10-06,KPop Demon Hunters,,1,10,Netflix weekly rank (views),,,,1.0
US,netflix,US Netflix,Films,2025-10-06,The Woman in Cabin 10,,2,10,Netflix weekly rank (views),,,,0.9
US,netflix,US Netflix,Films,2025-10-06,The Maze Runner,,3,10,Netflix weekly rank (views),,,,0.8
US,netflix,US Netflix,Films,2025-10-06,Despicable Me 3,,4,10,Netflix weekly rank (views),,,,0.7
US,netflix,US Netflix,Films,2025-10-06,About My Father,,5,10,Netflix weekly rank (views),,,,0.6
US,netflix,US Netflix,Films,2025-10-06,Maze Runner: The Scorch Trials,,6,10,Netflix weekly rank (views),,,,0.5
US,netflix,US Netflix,Films,2025-10-06,"My Father, the BTK Killer",,7,10,Netflix weekly rank (views),,,,0.4
US,netflix,US Netflix,Films,2025-10-06,Caramelo,,8,10,Netflix weekly rank (views),,,,0.3
US,netflix,US Netflix,Films,2025-10-06,Casper,,9,10,Netflix weekly rank (views),,,,0.2
US,netflix,US Netflix,Films,2025-10-06,Maze Runner: Death Cure,,10,10,Netflix weekly rank (views),,,,0.1
US,netflix,US Netflix,TV,2025-10-06,Monster: The Ed Gein Story,Monster: The Ed Gein Story: Season 1,1,10,Netflix weekly rank (views),,,,1.0
US,netflix,US Netflix,TV,2025-10-06,Is It Cake? Halloween,Is It Cake? Halloween: Season 1,2,10,Netflix weekly rank (views),,,,0.9
US,netflix,US Netflix,TV,2025-10-06,Love Is Blind,Love Is Blind: S9: Denver,3,10,Netflix weekly rank (views),,,,0.8
US,netflix,US Netflix,TV,2025-10-06,True Haunting,True Haunting: Season 1,4,10,Netflix weekly rank (views),,,,0.7
US,netflix,US Netflix,TV,2025-10-06,Wayward,Wayward: Limited Series,5,10,Netflix weekly rank (views),,,,0.6
US,netflix,US Netflix,TV,2025-10-06,Raw,"Raw: October 6, 2025",6,10,Netflix weekly rank (views),,,,0.5
US,netflix,US Netflix,TV,2025-10-06,Boots,Boots: Season 1,7,10,Netflix weekly rank (views),,,,0.4
US,netflix,US Netflix,TV,2025-10-06,Ms. Rachel,Ms. Rachel: Season 1,8,10,Netflix weekly rank (views),,,,0.3
US,netflix,US Netflix,TV,2025-10-06,Ms. Rachel,Ms. Rachel: Season 2,9,10,Netflix weekly rank (views),,,,0.2
US,netflix,US Netflix,TV,2025-10-06,Black Rabbit,Black Rabbit: Limited Series,10,10,Netflix weekly rank (views),,,,0.1
US,netflix,US Netflix,Films,2025-09-29,KPop Demon Hunters,,1,10,Netflix weekly rank (views),,,,1.0
US,netflix,US Netflix,Films,2025-09-29,Ruth & Boaz,,2,10,Netflix weekly rank (views),,,,0.9
US,netflix,US Netflix,Films,2025-09-29,Karate Kid: Legends,,3,10,Netflix weekly rank (views),,,,0.8
US,netflix,US Netflix,Films,2025-09-29,Dog Man,,4,10,Netflix weekly rank (views),,,,0.7
US,netflix,US Netflix,Films,2025-09-29,About My Father,,5,10,Netflix weekly rank (views),,,,0.6
US,netflix,US Netflix,Films,2025-09-29,10 Things I Hate About You,,6,10,Netflix weekly rank (views),,,,0.5
US,netflix,US Netflix,Films,2025-09-29,Alice,,7,10,Netflix weekly rank (views),,,,0.4
US,netflix,US Netflix,Films,2025-09-29,Sweet Home Alabama,,8,10,Netflix weekly rank (views),,,,0.3
US,netflix,US Netflix,Films,2025-09-29,Idiocracy,,9,10,Netflix weekly rank (views),,,,0.2
US,netflix,US Netflix,Films,2025-09-29,Ghost Rider: Spirit of Vengeance,,10,10,Netflix weekly rank (views),,,,0.1
US,netflix,US Netflix,TV,2025-09-29,Wayward,Wayward: Limited Series,1,10,Netflix weekly rank (views),,,,1.0
US,netflix,US Netflix,TV,2025-09-29,Monster: The Ed Gein Story,Monster: The Ed Gein Story: Season 1,2,10,Netflix weekly rank (views),,,,0.9
US,netflix,US Netflix,TV,2025-09-29,Love Is Blind,Love Is Blind: S9: Denver,3,10,Netflix weekly rank (views),,,,0.8
US,netflix,US Netflix,TV,2025-09-29,Doc,Doc: Season 1,4,10,Netflix weekly rank (views),,,,0.7
US,netflix,US Netflix,TV,2025-09-29,Black Rabbit,Black Rabbit: Limited Series,5,10,Netflix weekly rank (views),,,,0.6
US,netflix,US Netflix,TV,2025-09-29,Ángela,Ángela: Limited Series,6,10,Netflix weekly rank (views),,,,0.5
US,netflix,US Netflix,TV,2025-09-29,Raw,"Raw: September 29, 2025",7,10,Netflix weekly rank (views),,,,0.4
US,netflix,US Netflix,TV,2025-09-29,House of Guinness,House of Guinness: Season 1,8,10,Netflix weekly rank (views),,,,0.3
US,netflix,US Netflix,TV,2025-09-29,Halo,Halo: Season 1,9,10,Netflix weekly rank (views),,,,0.2
US,netflix,US Netflix,TV,2025-09-29,Ms. Rachel,Ms. Rachel: Season 1,10,10,Netflix weekly rank (views),,,,0.1
US,nielsen,US streaming (Nielsen),Overall,2026-09-14,Neagley,,1,10,minutes viewed (millions),1776.0,,,1.0
US,nielsen,US streaming (Nielsen),Overall,2026-09-14,Monster: The Lizzie Borden Story,,2,10,minutes viewed (millions),1481.0,,,0.9
US,nielsen,US streaming (Nielsen),Overall,2026-09-14,Reacher,,3,10,minutes viewed (millions),1420.0,,,0.8
US,nielsen,US streaming (Nielsen),Overall,2026-09-14,The Big Bang Theory,,4,10,minutes viewed (millions),950.0,,,0.7
US,nielsen,US streaming (Nielsen),Overall,2026-09-14,Lioness,,5,10,minutes viewed (millions),897.0,,,0.6
US,nielsen,US streaming (Nielsen),Overall,2026-09-14,Ted Lasso,,6,10,minutes viewed (millions),767.0,,,0.5
US,nielsen,US streaming (Nielsen),Overall,2026-09-14,Major Crimes,,7,10,minutes viewed (millions),743.0,,,0.4
US,nielsen,US streaming (Nielsen),Overall,2026-09-14,Bluey,,8,10,minutes viewed (millions),739.0,,,0.3
US,nielsen,US streaming (Nielsen),Overall,2026-09-14,Spongebob Squarepants,,9,10,minutes viewed (millions),692692.0,,,0.2
US,nielsen,US streaming (Nielsen),Overall,2026-09-14,Grey's Anatomy,,10,10,minutes viewed (millions),636636.0,,,0.1
US,nielsen,US streaming (Nielsen),Original,2026-09-14,Neagley,,1,10,minutes viewed (millions),1776.0,,,1.0
US,nielsen,US streaming (Nielsen),Original,2026-09-14,Monster: The Lizzie Borden Story,,2,10,minutes viewed (millions),1481.0,,,0.9
US,nielsen,US streaming (Nielsen),Original,2026-09-14,Reacher,,3,10,minutes viewed (millions),1420.0,,,0.8
US,nielsen,US streaming (Nielsen),Original,2026-09-14,Lioness,,4,10,minutes viewed (millions),897.0,,,0.7
US,nielsen,US streaming (Nielsen),Original,2026-09-14,Ted Lasso,,5,10,minutes viewed (millions),767.0,,,0.6
US,nielsen,US streaming (Nielsen),Original,2026-09-14,Crew Girl,,6,10,minutes viewed (millions),635635.0,,,0.5
US,nielsen,US streaming (Nielsen),Original,2026-09-14,The Gentlemen,,7,10,minutes viewed (millions),544544.0,,,0.4
US,nielsen,US streaming (Nielsen),Original,2026-09-14,SEAL Team,,8,10,minutes viewed (millions),541541.0,,,0.3
US,nielsen,US streaming (Nielsen),Original,2026-09-14,The Perfect Lie,,9,10,minutes viewed (millions),412412.0,,,0.2
US,nielsen,US streaming (Nielsen),Original,2026-09-14,The Secret Lives of Mormon Wives,,10,10,minutes viewed (millions),360360.0,,,0.1
US,nielsen,US streaming (Nielsen),Acquired,2026-09-14,The Big Bang Theory,,1,10,minutes viewed (millions),950.0,,,1.0
US,nielsen,US streaming (Nielsen),Acquired,2026-09-14,Major Crimes,,2,10,minutes viewed (millions),743.0,,,0.9
US,nielsen,US streaming (Nielsen),Acquired,2026-09-14,Bluey,,3,10,minutes viewed (millions),739.0,,,0.8
US,nielsen,US streaming (Nielsen),Acquired,2026-09-14,Spongebob Squarepants,,4,10,minutes viewed (millions),692.0,,,0.7
US,nielsen,US streaming (Nielsen),Acquired,2026-09-14,Grey's Anatomy,,5,10,minutes viewed (millions),636.0,,,0.6
US,nielsen,US streaming (Nielsen),Acquired,2026-09-14,Bob's Burgers,,6,10,minutes viewed (millions),569.0,,,0.5
US,nielsen,US streaming (Nielsen),Acquired,2026-09-14,Lanterns,,7,10,minutes viewed (millions),534.0,,,0.4
US,nielsen,US streaming (Nielsen),Acquired,2026-09-14,Modern Family,,8,10,minutes viewed (millions),502.0,,,0.3
US,nielsen,US streaming (Nielsen),Acquired,2026-09-14,Family Guy,,9,10,minutes viewed (millions),466.0,,,0.2
US,nielsen,US streaming (Nielsen),Acquired,2026-09-14,Young Sheldon,,10,10,minutes viewed (millions),444.0,,,0.1
US,nielsen,US streaming (Nielsen),Movies,2026-09-14,Why Did I Get Married Again?,,1,10,minutes viewed (millions),332.0,,,1.0
US,nielsen,US streaming (Nielsen),Movies,2026-09-14,The Seemingly Perfect Family,,2,10,minutes viewed (millions),308.0,,,0.9
US,nielsen,US streaming (Nielsen),Movies,2026-09-14,Puss in Boots: The Last Wish,,3,10,minutes viewed (millions),250.0,,,0.8
US,nielsen,US streaming (Nielsen),Movies,2026-09-14,Supergirl,,4,10,minutes viewed (millions),218.0,,,0.7
US,nielsen,US streaming (Nielsen),Movies,2026-09-14,Star Wars: The Mandalorian and Grogu,,5,10,minutes viewed (millions),159.0,,,0.6
US,nielsen,US streaming (Nielsen),Movies,2026-09-14,The Whisper Man,,6,10,minutes viewed (millions),149.0,,,0.5
US,nielsen,US streaming (Nielsen),Movies,2026-09-14,Practical Magic,,7,10,minutes viewed (millions),139.0,,,0.4
US,nielsen,US streaming (Nielsen),Movies,2026-09-14,The Super Mario Galaxy Movie,,8,10,minutes viewed (millions),138.0,,,0.3
US,nielsen,US streaming (Nielsen),Movies,2026-09-14,Mayday,,9,10,minutes viewed (millions),131131.0,,,0.2
US,nielsen,US streaming (Nielsen),Movies,2026-09-14,Those Who Wish Me Dead,,10,10,minutes viewed (millions),126126.0,,,0.1
US,nielsen,US streaming (Nielsen),Overall,2025-11-03,Frankenstein (2025),,1,10,minutes viewed (millions),1258.0,,,1.0
US,nielsen,US streaming (Nielsen),Overall,2025-11-03,The Witcher,,2,10,minutes viewed (millions),945.0,,,0.9
US,nielsen,US streaming (Nielsen),Overall,2025-11-03,Stranger Things,,3,10,minutes viewed (millions),921.0,,,0.8
US,nielsen,US streaming (Nielsen),Overall,2025-11-03,Grey's Anatomy,,4,10,minutes viewed (millions),866.0,,,0.7
US,nielsen,US streaming (Nielsen),Overall,2025-11-03,NCIS,,5,10,minutes viewed (millions),770.0,,,0.6
US,nielsen,US streaming (Nielsen),Overall,2025-11-03,Bluey,,6,10,minutes viewed (millions),768.0,,,0.5
US,nielsen,US streaming (Nielsen),Overall,2025-11-03,Bob's Burgers,,7,10,minutes viewed (millions),709.0,,,0.4
US,nielsen,US streaming (Nielsen),Overall,2025-11-03,Law & Order,,8,10,minutes viewed (millions),689.0,,,0.3
US,nielsen,US streaming (Nielsen),Overall,2025-11-03,KPop Demon Hunters,,9,10,minutes viewed (millions),588.0,,,0.2
US,nielsen,US streaming (Nielsen),Overall,2025-11-03,The Fantastic Four: First Steps,,10,10,minutes viewed (millions),556.0,,,0.1
US,nielsen,US streaming (Nielsen),Overall,2025-11-10,Stranger Things,,1,10,minutes viewed (millions),1345.0,,,1.0
US,nielsen,US streaming (Nielsen),Overall,2025-11-10,Frankenstein (2025),,2,10,minutes viewed (millions),1107.0,,,0.9
US,nielsen,US streaming (Nielsen),Overall,2025-11-10,The Beast in Me,,3,10,minutes viewed (millions),952.0,,,0.8
US,nielsen,US streaming (Nielsen),Overall,2025-11-10,All Her Fault,,4,10,minutes viewed (millions),867.0,,,0.7
US,nielsen,US streaming (Nielsen),Overall,2025-11-10,Grey's Anatomy,,5,10,minutes viewed (millions),853.0,,,0.6
US,nielsen,US streaming (Nielsen),Overall,2025-11-10,NCIS,,6,10,minutes viewed (millions),762.0,,,0.5
US,nielsen,US streaming (Nielsen),Overall,2025-11-10,Bluey,,7,10,minutes viewed (millions),759.0,,,0.4
US,nielsen,US streaming (Nielsen),Overall,2025-11-10,Gunsmoke,,8,10,minutes viewed (millions),757.0,,,0.3
US,nielsen,US streaming (Nielsen),Overall,2025-11-10,Bob's Burgers,,9,10,minutes viewed (millions),713.0,,,0.2
US,nielsen,US streaming (Nielsen),Overall,2025-11-10,The Secret Lives of Mormon Wives,,10,10,minutes viewed (millions),651.0,,,0.1
US,nielsen,US streaming (Nielsen),Movies,2025-11-10,Frankenstein (2025),,1,10,minutes viewed (millions),1107.0,,,1.0
US,nielsen,US streaming (Nielsen),Movies,2025-11-10,KPop Demon Hunters,,2,10,minutes viewed (millions),571.0,,,0.9
US,nielsen,US streaming (Nielsen),Movies,2025-11-10,Playdate,,3,10,minutes viewed (millions),559.0,,,0.8
US,nielsen,US streaming (Nielsen),Movies,2025-11-10,The Marksman,,4,10,minutes viewed (millions),402.0,,,0.7
US,nielsen,US streaming (Nielsen),Movies,2025-11-10,Freakier Friday,,5,10,minutes viewed (millions),374.0,,,0.6
US,nielsen,US streaming (Nielsen),Movies,2025-11-10,Being Eddie,,6,10,minutes viewed (millions),367.0,,,0.5
US,nielsen,US streaming (Nielsen),Movies,2025-11-10,The Fantastic Four: First Steps,,7,10,minutes viewed (millions),344.0,,,0.4
US,nielsen,US streaming (Nielsen),Movies,2025-11-10,A Merry Little Ex-Mas,,8,10,minutes viewed (millions),339.0,,,0.3
US,nielsen,US streaming (Nielsen),Movies,2025-11-10,How the Grinch Stole Christmas (2000),,9,10,minutes viewed (millions),290.0,,,0.2
US,nielsen,US streaming (Nielsen),Movies,2025-11-10,In Your Dreams,,10,10,minutes viewed (millions),269.0,,,0.1
US,nielsen,US streaming (Nielsen),Overall,2025-12-08,Stranger Things,,1,10,minutes viewed (millions),3020.0,,,1.0
US,nielsen,US streaming (Nielsen),Overall,2025-12-08,Sean Combs: The Reckoning,,2,10,minutes viewed (millions),1595.0,,,0.9
US,nielsen,US streaming (Nielsen),Overall,2025-12-08,Landman,,3,10,minutes viewed (millions),1522.0,,,0.8
US,nielsen,US streaming (Nielsen),Overall,2025-12-08,Wake Up Dead Man: A Knives Out Mystery,,4,10,minutes viewed (millions),1306.0,,,0.7
US,nielsen,US streaming (Nielsen),Overall,2025-12-08,NCIS,,5,10,minutes viewed (millions),802.0,,,0.6
US,nielsen,US streaming (Nielsen),Overall,2025-12-08,Homeland,,6,10,minutes viewed (millions),798.0,,,0.5
US,nielsen,US streaming (Nielsen),Overall,2025-12-08,Bob's Burgers,,7,10,minutes viewed (millions),739.0,,,0.4
US,nielsen,US streaming (Nielsen),Overall,2025-12-08,Law & Order,,8,10,minutes viewed (millions),687.0,,,0.3
US,nielsen,US streaming (Nielsen),Overall,2025-12-08,Bluey,,9,10,minutes viewed (millions),677.0,,,0.2
US,nielsen,US streaming (Nielsen),Overall,2025-12-08,IT: Welcome to Derry,,10,10,minutes viewed (millions),660.0,,,0.1
US,nielsen,US streaming (Nielsen),Overall,2025-12-29,Stranger Things,,1,10,minutes viewed (millions),8650.0,,,1.0
US,nielsen,US streaming (Nielsen),Overall,2025-12-29,Landman,,2,10,minutes viewed (millions),1579.0,,,0.9
US,nielsen,US streaming (Nielsen),Overall,2025-12-29,The Closer,,3,10,minutes viewed (millions),1430.0,,,0.8
US,nielsen,US streaming (Nielsen),Overall,2025-12-29,Homeland,,4,10,minutes viewed (millions),1080.0,,,0.7
US,nielsen,US streaming (Nielsen),Overall,2025-12-29,Bluey,,5,10,minutes viewed (millions),1056.0,,,0.6
US,nielsen,US streaming (Nielsen),Overall,2025-12-29,Fallout,,6,10,minutes viewed (millions),962.0,,,0.5
US,nielsen,US streaming (Nielsen),Overall,2025-12-29,Run Away,,7,10,minutes viewed (millions),862.0,,,0.4
US,nielsen,US streaming (Nielsen),Overall,2025-12-29,NCIS,,8,10,minutes viewed (millions),784.0,,,0.3
US,nielsen,US streaming (Nielsen),Overall,2025-12-29,The Big Bang Theory,,9,10,minutes viewed (millions),748.0,,,0.2
US,nielsen,US streaming (Nielsen),Overall,2025-12-29,Grey's Anatomy,,10,10,minutes viewed (millions),697.0,,,0.1
US,nielsen,US streaming (Nielsen),Overall,2026-03-02,Bridgerton,,1,10,minutes viewed (millions),1986.0,,,1.0
US,nielsen,US streaming (Nielsen),Overall,2026-03-02,The Night Agent,,2,10,minutes viewed (millions),1121.0,,,0.9
US,nielsen,US streaming (Nielsen),Overall,2026-03-02,The Pitt,,3,10,minutes viewed (millions),1112.0,,,0.8
US,nielsen,US streaming (Nielsen),Overall,2026-03-02,War Machine,,4,10,minutes viewed (millions),1100.0,,,0.7
US,nielsen,US streaming (Nielsen),Overall,2026-03-02,Grey's Anatomy,,5,10,minutes viewed (millions),878.0,,,0.6
US,nielsen,US streaming (Nielsen),Overall,2026-03-02,The Big Bang Theory,,6,10,minutes viewed (millions),857.0,,,0.5
US,nielsen,US streaming (Nielsen),Overall,2026-03-02,Bluey,,7,10,minutes viewed (millions),852.0,,,0.4
US,nielsen,US streaming (Nielsen),Overall,2026-03-02,Love Is Blind,,8,10,minutes viewed (millions),774.0,,,0.3
US,nielsen,US streaming (Nielsen),Overall,2026-03-02,Jurassic World Rebirth,,9,10,minutes viewed (millions),741.0,,,0.2
US,nielsen,US streaming (Nielsen),Overall,2026-03-02,Law & Order,,10,10,minutes viewed (millions),698.0,,,0.1
US,nielsen,US streaming (Nielsen),Overall,2026-03-23,Beauty in Black,,1,10,minutes viewed (millions),1362.0,,,1.0
US,nielsen,US streaming (Nielsen),Overall,2026-03-23,The Pitt,,2,10,minutes viewed (millions),1208.0,,,0.9
US,nielsen,US streaming (Nielsen),Overall,2026-03-23,Virgin River,,3,10,minutes viewed (millions),970.0,,,0.8
US,nielsen,US streaming (Nielsen),Overall,2026-03-23,The Madison,,4,10,minutes viewed (millions),921.0,,,0.7
US,nielsen,US streaming (Nielsen),Overall,2026-03-23,Grey's Anatomy,,5,10,minutes viewed (millions),876.0,,,0.6
US,nielsen,US streaming (Nielsen),Overall,2026-03-23,Bluey,,6,10,minutes viewed (millions),788.0,,,0.5
US,nielsen,US streaming (Nielsen),Overall,2026-03-23,Family Guy,,7,10,minutes viewed (millions),748.0,,,0.4
US,nielsen,US streaming (Nielsen),Overall,2026-03-23,Anaconda,,8,10,minutes viewed (millions),730.0,,,0.3
US,nielsen,US streaming (Nielsen),Overall,2026-03-23,The Big Bang Theory,,9,10,minutes viewed (millions),680.0,,,0.2
US,nielsen,US streaming (Nielsen),Overall,2026-03-23,One Piece,,10,10,minutes viewed (millions),671.0,,,0.1
US,nielsen,US streaming (Nielsen),Overall,2026-05-11,The Roast of Kevin Hart,,1,10,minutes viewed (millions),1348.0,,,1.0
US,nielsen,US streaming (Nielsen),Overall,2026-05-11,GOAT,,2,10,minutes viewed (millions),1073.0,,,0.9
US,nielsen,US streaming (Nielsen),Overall,2026-05-11,The Boys,,3,10,minutes viewed (millions),1012.0,,,0.8
US,nielsen,US streaming (Nielsen),Overall,2026-05-11,La Brea,,4,10,minutes viewed (millions),997.0,,,0.7
US,nielsen,US streaming (Nielsen),Overall,2026-05-11,Bluey,,5,10,minutes viewed (millions),896.0,,,0.6
US,nielsen,US streaming (Nielsen),Overall,2026-05-11,Remarkably Bright Creatures,,6,10,minutes viewed (millions),871.0,,,0.5
US,nielsen,US streaming (Nielsen),Overall,2026-05-11,Nemesis,,7,10,minutes viewed (millions),832.0,,,0.4
US,nielsen,US streaming (Nielsen),Overall,2026-05-11,Grey's Anatomy,,8,10,minutes viewed (millions),830.0,,,0.3
US,nielsen,US streaming (Nielsen),Overall,2026-05-11,The Big Bang Theory,,9,10,minutes viewed (millions),780.0,,,0.2
US,nielsen,US streaming (Nielsen),Overall,2026-05-11,Spongebob Squarepants,,10,10,minutes viewed (millions),760.0,,,0.1
US,nielsen,US streaming (Nielsen),Overall,2026-05-18,Nemesis,,1,10,minutes viewed (millions),1310.0,,,1.0
US,nielsen,US streaming (Nielsen),Overall,2026-05-18,The Boroughs,,2,10,minutes viewed (millions),1202.0,,,0.9
US,nielsen,US streaming (Nielsen),Overall,2026-05-18,The Crash,,3,10,minutes viewed (millions),1180.0,,,0.8
US,nielsen,US streaming (Nielsen),Overall,2026-05-18,The Boys,,4,10,minutes viewed (millions),1073.0,,,0.7
US,nielsen,US streaming (Nielsen),Overall,2026-05-18,Bluey,,5,10,minutes viewed (millions),932.0,,,0.6
US,nielsen,US streaming (Nielsen),Overall,2026-05-18,GOAT,,6,10,minutes viewed (millions),839.0,,,0.5
US,nielsen,US streaming (Nielsen),Overall,2026-05-18,Tom Clancy's Jack Ryan: Ghost War,,7,10,minutes viewed (millions),809.0,,,0.4
US,nielsen,US streaming (Nielsen),Overall,2026-05-18,Grey's Anatomy,,8,10,minutes viewed (millions),749.0,,,0.3
US,nielsen,US streaming (Nielsen),Overall,2026-05-18,The Big Bang Theory,,9,10,minutes viewed (millions),744.0,,,0.2
US,nielsen,US streaming (Nielsen),Overall,2026-05-18,Dutton Ranch,,10,10,minutes viewed (millions),736.0,,,0.1
US,nielsen,US streaming (Nielsen),Overall,2026-05-25,The Boroughs,,1,10,minutes viewed (millions),1738.0,,,1.0
US,nielsen,US streaming (Nielsen),Overall,2026-05-25,Bluey,,2,10,minutes viewed (millions),923.0,,,0.9
US,nielsen,US streaming (Nielsen),Overall,2026-05-25,Grey's Anatomy,,3,10,minutes viewed (millions),855.0,,,0.8
US,nielsen,US streaming (Nielsen),Overall,2026-05-25,Spider-Noir,,4,10,minutes viewed (millions),851.0,,,0.7
US,nielsen,US streaming (Nielsen),Overall,2026-05-25,The Big Bang Theory,,5,10,minutes viewed (millions),835.0,,,0.6
US,nielsen,US streaming (Nielsen),Overall,2026-05-25,Dutton Ranch,,6,10,minutes viewed (millions),782.0,,,0.5
US,nielsen,US streaming (Nielsen),Overall,2026-05-25,The Four Seasons,,7,10,minutes viewed (millions),759.0,,,0.4
US,nielsen,US streaming (Nielsen),Overall,2026-05-25,The Boys,,8,10,minutes viewed (millions),735.0,,,0.3
US,nielsen,US streaming (Nielsen),Overall,2026-05-25,Euphoria,,9,10,minutes viewed (millions),730.0,,,0.2
US,nielsen,US streaming (Nielsen),Overall,2026-05-25,Spongebob Squarepants,,10,10,minutes viewed (millions),715.0,,,0.1
US,nielsen,US streaming (Nielsen),Overall,2026-06-08,Love Island USA,,1,10,minutes viewed (millions),1832.0,,,1.0
US,nielsen,US streaming (Nielsen),Overall,2026-06-08,Bluey,,2,10,minutes viewed (millions),958.0,,,0.9
US,nielsen,US streaming (Nielsen),Overall,2026-06-08,Grey's Anatomy,,3,10,minutes viewed (millions),882.0,,,0.8
US,nielsen,US streaming (Nielsen),Overall,2026-06-08,The Big Bang Theory,,4,10,minutes viewed (millions),867.0,,,0.7
US,nielsen,US streaming (Nielsen),Overall,2026-06-08,Sweet Magnolias,,5,10,minutes viewed (millions),806.0,,,0.6
US,nielsen,US streaming (Nielsen),Overall,2026-06-08,Dutton Ranch,,6,10,minutes viewed (millions),746.0,,,0.5
US,nielsen,US streaming (Nielsen),Overall,2026-06-08,Maternal Instinct,,7,10,minutes viewed (millions),665.0,,,0.4
US,nielsen,US streaming (Nielsen),Overall,2026-06-08,Hoppers,,8,10,minutes viewed (millions),663.0,,,0.3
US,nielsen,US streaming (Nielsen),Overall,2026-06-08,Criminal Minds,,9,10,minutes viewed (millions),649.0,,,0.2
US,nielsen,US streaming (Nielsen),Overall,2026-06-08,Teach You a Lesson,,10,10,minutes viewed (millions),611.0,,,0.1
US,nielsen,US streaming (Nielsen),Overall,2026-06-15,I Will Find You,,1,10,minutes viewed (millions),1844.0,,,1.0
US,nielsen,US streaming (Nielsen),Overall,2026-06-15,Love Island USA,,2,10,minutes viewed (millions),1686.0,,,0.9
US,nielsen,US streaming (Nielsen),Overall,2026-06-15,Maternal Instinct,,3,10,minutes viewed (millions),987.0,,,0.8
US,nielsen,US streaming (Nielsen),Overall,2026-06-15,Bluey,,4,10,minutes viewed (millions),927.0,,,0.7
US,nielsen,US streaming (Nielsen),Overall,2026-06-15,The Big Bang Theory,,5,10,minutes viewed (millions),924.0,,,0.6
US,nielsen,US streaming (Nielsen),Overall,2026-06-15,Sweet Magnolias,,6,10,minutes viewed (millions),845.0,,,0.5
US,nielsen,US streaming (Nielsen),Overall,2026-06-15,Grey's Anatomy,,7,10,minutes viewed (millions),721.0,,,0.4
US,nielsen,US streaming (Nielsen),Overall,2026-06-15,Dutton Ranch,,8,10,minutes viewed (millions),660.0,,,0.3
US,nielsen,US streaming (Nielsen),Overall,2026-06-15,House of the Dragon,,9,10,minutes viewed (millions),636.0,,,0.2
US,nielsen,US streaming (Nielsen),Overall,2026-06-15,Spongebob Squarepants,,10,10,minutes viewed (millions),599.0,,,0.1
US,nielsen,US streaming (Nielsen),Overall,2026-08-03,The Big Bang Theory,,1,10,minutes viewed (millions),1061.0,,,1.0
US,nielsen,US streaming (Nielsen),Overall,2026-08-03,House of the Dragon,,2,10,minutes viewed (millions),940.0,,,0.9
US,nielsen,US streaming (Nielsen),Overall,2026-08-03,My Life with the Walter Boys,,3,10,minutes viewed (millions),896.0,,,0.8
US,nielsen,US streaming (Nielsen),Overall,2026-08-03,Ted Lasso,,4,10,minutes viewed (millions),866.0,,,0.7
US,nielsen,US streaming (Nielsen),Overall,2026-08-03,The Last House,,5,10,minutes viewed (millions),838.0,,,0.6
US,nielsen,US streaming (Nielsen),Overall,2026-08-03,Bluey,,6,10,minutes viewed (millions),822.0,,,0.5
US,nielsen,US streaming (Nielsen),Overall,2026-08-03,Grey's Anatomy,,7,10,minutes viewed (millions),816.0,,,0.4
US,nielsen,US streaming (Nielsen),Overall,2026-08-03,Lioness,,8,10,minutes viewed (millions),783.0,,,0.3
US,nielsen,US streaming (Nielsen),Overall,2026-08-03,SpongeBob SquarePants,,9,10,minutes viewed (millions),742.0,,,0.2
US,nielsen,US streaming (Nielsen),Overall,2026-08-03,The Best Medicine,,10,10,minutes viewed (millions),595.0,,,0.1
AU,voz,1 Free-to-air,Total TV,2025-09-29,2025 STATE CUP CHAMPIONSHIP GRAND FINAL,,27,30,Total TV avg audience,500000,Nine,False,0.133
AU,voz,1 Free-to-air,Total TV,2025-09-29,7.30,,16,30,Total TV avg audience,744000,ABC,False,0.5
AU,voz,1 Free-to-air,Total TV,2025-09-29,9NEWS,,4,30,Total TV avg audience,1359000,Nine,False,0.9
AU,voz,1 Free-to-air,Total TV,2025-09-29,9NEWS SATURDAY,,10,30,Total TV avg audience,1022000,Nine,False,0.7
AU,voz,1 Free-to-air,Total TV,2025-09-29,9NEWS SUNDAY,,8,30,Total TV avg audience,1096000,Nine,False,0.767
AU,voz,1 Free-to-air,Total TV,2025-09-29,A CURRENT AFFAIR,,6,30,Total TV avg audience,1140000,Nine,False,0.833
AU,voz,1 Free-to-air,Total TV,2025-09-29,ABC NEWS,,11,30,Total TV avg audience,903000,ABC,False,0.667
AU,voz,1 Free-to-air,Total TV,2025-09-29,ABC NEWS SUNDAY,,17,30,Total TV avg audience,688000,ABC,False,0.467
AU,voz,1 Free-to-air,Total TV,2025-09-29,BACK ROADS,,24,30,Total TV avg audience,573000,ABC,False,0.233
AU,voz,1 Free-to-air,Total TV,2025-09-29,BETTER HOMES AND GARDENS,,19,30,Total TV avg audience,659000,Seven,False,0.4
AU,voz,1 Free-to-air,Total TV,2025-09-29,BEYOND PARADISE,,15,30,Total TV avg audience,759000,ABC,False,0.533
AU,voz,1 Free-to-air,Total TV,2025-09-29,BLEDISLOE CUP 2025,,12,30,Total TV avg audience,898000,Nine,False,0.633
AU,voz,1 Free-to-air,Total TV,2025-09-29,CLARKSON’S FARM,,25,30,Total TV avg audience,559000,Nine,False,0.2
AU,voz,1 Free-to-air,Total TV,2025-09-29,GARDENING AUSTRALIA,,23,30,Total TV avg audience,574000,ABC,False,0.267
AU,voz,1 Free-to-air,Total TV,2025-09-29,GOGGLEBOX,,14,30,Total TV avg audience,794000,10,False,0.567
AU,voz,1 Free-to-air,Total TV,2025-09-29,GRAND DESIGNS NEW ZEALAND,,29,30,Total TV avg audience,482000,ABC,False,0.067
AU,voz,1 Free-to-air,Total TV,2025-09-29,HARD QUIZ,,18,30,Total TV avg audience,666000,ABC,False,0.433
AU,voz,1 Free-to-air,Total TV,2025-09-29,HOME AND AWAY,,9,30,Total TV avg audience,1064000,Seven,False,0.733
AU,voz,1 Free-to-air,Total TV,2025-09-29,MYSTERY ROAD: ORIGIN,,30,30,Total TV avg audience,479000,ABC,False,0.033
AU,voz,1 Free-to-air,Total TV,2025-09-29,NRL GRAND FINAL DAY,,1,30,Total TV avg audience,4553000,Nine,False,1.0
AU,voz,1 Free-to-air,Total TV,2025-09-29,NRL WOMEN’S PREMIERSHIP,,3,30,Total TV avg audience,1381000,Nine,False,0.933
AU,voz,1 Free-to-air,Total TV,2025-09-29,OFF THE GRID WITH COLIN AND MANU,,26,30,Total TV avg audience,509000,Seven,False,0.167
AU,voz,1 Free-to-air,Total TV,2025-09-29,PROFESSOR T,,28,30,Total TV avg audience,492000,ABC,False,0.1
AU,voz,1 Free-to-air,Total TV,2025-09-29,RFDS,,7,30,Total TV avg audience,1108000,Seven,False,0.8
AU,voz,1 Free-to-air,Total TV,2025-09-29,SEVEN NEWS,,5,30,Total TV avg audience,1315000,Seven,False,0.867
AU,voz,1 Free-to-air,Total TV,2025-09-29,THE 1% CLUB,,22,30,Total TV avg audience,596000,Seven,False,0.3
AU,voz,1 Free-to-air,Total TV,2025-09-29,THE AMAZING RACE AUSTRALIA: CELEBRITY,,20,30,Total TV avg audience,654000,10,False,0.367
AU,voz,1 Free-to-air,Total TV,2025-09-29,THE BLOCK,,2,30,Total TV avg audience,1515000,Nine,False,0.967
AU,voz,1 Free-to-air,Total TV,2025-09-29,THE CHASE AUSTRALIA,,21,30,Total TV avg audience,629000,Seven,False,0.333
AU,voz,1 Free-to-air,Total TV,2025-09-29,TIPPING POINT AUSTRALIA,,13,30,Total TV avg audience,800000,Nine,False,0.6
AU,voz,1 Free-to-air,Total TV,2025-10-06,60 MINUTES,,17,30,Total TV avg audience,821000,Nine,False,0.467
AU,voz,1 Free-to-air,Total TV,2025-10-06,7.30,,22,30,Total TV avg audience,775000,ABC,False,0.3
AU,voz,1 Free-to-air,Total TV,2025-10-06,9NEWS,,4,30,Total TV avg audience,1446000,Nine,False,0.9
AU,voz,1 Free-to-air,Total TV,2025-10-06,9NEWS SATURDAY,,11,30,Total TV avg audience,1057000,Nine,False,0.667
AU,voz,1 Free-to-air,Total TV,2025-10-06,9NEWS SUNDAY,,7,30,Total TV avg audience,1313000,Nine,False,0.8
AU,voz,1 Free-to-air,Total TV,2025-10-06,A CURRENT AFFAIR,,6,30,Total TV avg audience,1328000,Nine,False,0.833
AU,voz,1 Free-to-air,Total TV,2025-10-06,ABC NEWS,,12,30,Total TV avg audience,918000,ABC,False,0.633
AU,voz,1 Free-to-air,Total TV,2025-10-06,ABC NEWS SUNDAY,,18,30,Total TV avg audience,810000,ABC,False,0.433
AU,voz,1 Free-to-air,Total TV,2025-10-06,AUSTRALIAN STORY,,14,30,Total TV avg audience,887000,ABC,False,0.567
AU,voz,1 Free-to-air,Total TV,2025-10-06,BETTER HOMES AND GARDENS,,30,30,Total TV avg audience,613000,Seven,False,0.033
AU,voz,1 Free-to-air,Total TV,2025-10-06,BEYOND PARADISE,,23,30,Total TV avg audience,726000,ABC,False,0.267
AU,voz,1 Free-to-air,Total TV,2025-10-06,FOUR CORNERS,,24,30,Total TV avg audience,723000,ABC,False,0.233
AU,voz,1 Free-to-air,Total TV,2025-10-06,GOGGLEBOX,,25,30,Total TV avg audience,719000,10,False,0.2
AU,voz,1 Free-to-air,Total TV,2025-10-06,HARD QUIZ,,29,30,Total TV avg audience,629000,ABC,False,0.067
AU,voz,1 Free-to-air,Total TV,2025-10-06,HAVE YOU BEEN PAYING ATTENTION?,,13,30,Total TV avg audience,910000,10,False,0.6
AU,voz,1 Free-to-air,Total TV,2025-10-06,HOME AND AWAY,,10,30,Total TV avg audience,1060000,Seven,False,0.7
AU,voz,1 Free-to-air,Total TV,2025-10-06,I WAS ACTUALLY THERE,,27,30,Total TV avg audience,665000,ABC,False,0.133
AU,voz,1 Free-to-air,Total TV,2025-10-06,MEDIA WATCH,,26,30,Total TV avg audience,700000,ABC,False,0.167
AU,voz,1 Free-to-air,Total TV,2025-10-06,MY KITCHEN RULES,,5,30,Total TV avg audience,1350000,Seven,False,0.867
AU,voz,1 Free-to-air,Total TV,2025-10-06,RFDS,,8,30,Total TV avg audience,1088000,Seven,False,0.767
AU,voz,1 Free-to-air,Total TV,2025-10-06,SEVEN NEWS,,2,30,Total TV avg audience,1600000,Seven,False,0.967
AU,voz,1 Free-to-air,Total TV,2025-10-06,SUPERCARS CHAMPIONSHIP: BATHURST 1000 D2 TOP 10 SHOOTOUT,,21,30,Total TV avg audience,782000,Seven,False,0.333
AU,voz,1 Free-to-air,Total TV,2025-10-06,SUPERCARS CHAMPSIONSHIP: BATHURST 1000 D3 PODIUM,,15,30,Total TV avg audience,876000,Seven,False,0.533
AU,voz,1 Free-to-air,Total TV,2025-10-06,SUPERCARS CHAMPSIONSHIP: BATHURST 1000 D3 RACE,,3,30,Total TV avg audience,1562000,Seven,False,0.933
AU,voz,1 Free-to-air,Total TV,2025-10-06,THE AMAZING RACE AUSTRALIA: CELEBRITY,,19,30,Total TV avg audience,809000,10,False,0.4
AU,voz,1 Free-to-air,Total TV,2025-10-06,THE BLOCK,,1,30,Total TV avg audience,1968000,Nine,False,1.0
AU,voz,1 Free-to-air,Total TV,2025-10-06,THE CHASE AUSTRALIA,,28,30,Total TV avg audience,637000,Seven,False,0.1
AU,voz,1 Free-to-air,Total TV,2025-10-06,THE ROOKIE,,16,30,Total TV avg audience,862000,Seven,False,0.5
AU,voz,1 Free-to-air,Total TV,2025-10-06,THE VOICE,,9,30,Total TV avg audience,1080000,Seven,False,0.733
AU,voz,1 Free-to-air,Total TV,2025-10-06,TIPPING POINT AUSTRALIA,,20,30,Total TV avg audience,794000,Nine,False,0.367
AU,voz,1 Free-to-air,Total TV,2025-10-13,60 MINUTES,,10,30,Total TV avg audience,973000,Nine,False,0.7
AU,voz,1 Free-to-air,Total TV,2025-10-13,7.30,,18,30,Total TV avg audience,775000,ABC,False,0.433
AU,voz,1 Free-to-air,Total TV,2025-10-13,9NEWS,,3,30,Total TV avg audience,1360000,Nine,False,0.933
AU,voz,1 Free-to-air,Total TV,2025-10-13,9NEWS SATURDAY,,9,30,Total TV avg audience,996000,Nine,False,0.733
AU,voz,1 Free-to-air,Total TV,2025-10-13,9NEWS SUNDAY,,5,30,Total TV avg audience,1217000,Nine,False,0.867
AU,voz,1 Free-to-air,Total TV,2025-10-13,A CURRENT AFFAIR,,6,30,Total TV avg audience,1150000,Nine,False,0.833
AU,voz,1 Free-to-air,Total TV,2025-10-13,ABC NEWS,,11,30,Total TV avg audience,973000,ABC,False,0.667
AU,voz,1 Free-to-air,Total TV,2025-10-13,ABC NEWS SUNDAY,,15,30,Total TV avg audience,870000,ABC,False,0.533
AU,voz,1 Free-to-air,Total TV,2025-10-13,AUSTRALIAN CRIME STORIES: THE INVESTIGATORS,,30,30,Total TV avg audience,600000,Nine,False,0.033
AU,voz,1 Free-to-air,Total TV,2025-10-13,AUSTRALIAN STORY,,16,30,Total TV avg audience,843000,ABC,False,0.5
AU,voz,1 Free-to-air,Total TV,2025-10-13,BETTER HOMES AND GARDENS,,29,30,Total TV avg audience,610000,Seven,False,0.067
AU,voz,1 Free-to-air,Total TV,2025-10-13,BEYOND PARADISE,,19,30,Total TV avg audience,763000,ABC,False,0.4
AU,voz,1 Free-to-air,Total TV,2025-10-13,FOUR CORNERS,,14,30,Total TV avg audience,881000,ABC,False,0.567
AU,voz,1 Free-to-air,Total TV,2025-10-13,GARDENING AUSTRALIA,,26,30,Total TV avg audience,614000,ABC,False,0.167
AU,voz,1 Free-to-air,Total TV,2025-10-13,GOGGLEBOX,,22,30,Total TV avg audience,730000,10,False,0.3
AU,voz,1 Free-to-air,Total TV,2025-10-13,GRAND DESIGNS AUSTRALIA,,23,30,Total TV avg audience,727000,ABC,False,0.267
AU,voz,1 Free-to-air,Total TV,2025-10-13,HARD QUIZ,,27,30,Total TV avg audience,614000,ABC,False,0.133
AU,voz,1 Free-to-air,Total TV,2025-10-13,HOME AND AWAY,,8,30,Total TV avg audience,1064000,Seven,False,0.767
AU,voz,1 Free-to-air,Total TV,2025-10-13,I WAS ACTUALLY THERE,,25,30,Total TV avg audience,642000,ABC,False,0.2
AU,voz,1 Free-to-air,Total TV,2025-10-13,MEDIA WATCH,,21,30,Total TV avg audience,746000,ABC,False,0.333
AU,voz,1 Free-to-air,Total TV,2025-10-13,MY KITCHEN RULES,,4,30,Total TV avg audience,1317000,Seven,False,0.9
AU,voz,1 Free-to-air,Total TV,2025-10-13,RBT,,24,30,Total TV avg audience,644000,Nine,False,0.233
AU,voz,1 Free-to-air,Total TV,2025-10-13,RFDS,,7,30,Total TV avg audience,1079000,Seven,False,0.8
AU,voz,1 Free-to-air,Total TV,2025-10-13,SAM PANG TONIGHT,,28,30,Total TV avg audience,612000,10,False,0.1
AU,voz,1 Free-to-air,Total TV,2025-10-13,SEVEN NEWS,,2,30,Total TV avg audience,1423000,Seven,False,0.967
AU,voz,1 Free-to-air,Total TV,2025-10-13,THE AMAZING RACE AUSTRALIA: CELEBRITY,,17,30,Total TV avg audience,820000,10,False,0.467
AU,voz,1 Free-to-air,Total TV,2025-10-13,THE BLOCK,,1,30,Total TV avg audience,2049000,Nine,False,1.0
AU,voz,1 Free-to-air,Total TV,2025-10-13,THE ROOKIE,,13,30,Total TV avg audience,913000,Seven,False,0.6
AU,voz,1 Free-to-air,Total TV,2025-10-13,THE VOICE,,12,30,Total TV avg audience,972000,Seven,False,0.633
AU,voz,1 Free-to-air,Total TV,2025-10-13,TIPPING POINT AUSTRALIA,,20,30,Total TV avg audience,759000,Nine,False,0.367
AU,voz,1 Free-to-air,Total TV,2025-10-20,60 MINUTES,,12,30,Total TV avg audience,941000,Nine,False,0.633
AU,voz,1 Free-to-air,Total TV,2025-10-20,7.30,,16,30,Total TV avg audience,851000,ABC,False,0.5
AU,voz,1 Free-to-air,Total TV,2025-10-20,9NEWS,,3,30,Total TV avg audience,1374000,Nine,False,0.933
AU,voz,1 Free-to-air,Total TV,2025-10-20,9NEWS SATURDAY,,10,30,Total TV avg audience,986000,Nine,False,0.7
AU,voz,1 Free-to-air,Total TV,2025-10-20,9NEWS SUNDAY,,2,30,Total TV avg audience,1483000,Nine,False,0.967
AU,voz,1 Free-to-air,Total TV,2025-10-20,A CURRENT AFFAIR,,6,30,Total TV avg audience,1182000,Nine,False,0.833
AU,voz,1 Free-to-air,Total TV,2025-10-20,ABC NEWS,,11,30,Total TV avg audience,984000,ABC,False,0.667
AU,voz,1 Free-to-air,Total TV,2025-10-20,ABC NEWS SUNDAY,,18,30,Total TV avg audience,824000,ABC,False,0.433
AU,voz,1 Free-to-air,Total TV,2025-10-20,AUSTRALIAN STORY,,20,30,Total TV avg audience,709000,ABC,False,0.367
AU,voz,1 Free-to-air,Total TV,2025-10-20,BETTER HOMES AND GARDENS,,26,30,Total TV avg audience,627000,Seven,False,0.167
AU,voz,1 Free-to-air,Total TV,2025-10-20,BEYOND PARADISE,,19,30,Total TV avg audience,723000,ABC,False,0.4
AU,voz,1 Free-to-air,Total TV,2025-10-20,BUDGET BATTLERS,,30,30,Total TV avg audience,604000,Nine,False,0.033
AU,voz,1 Free-to-air,Total TV,2025-10-20,GARDENING AUSTRALIA,,27,30,Total TV avg audience,626000,ABC,False,0.133
AU,voz,1 Free-to-air,Total TV,2025-10-20,GOGGLEBOX,,21,30,Total TV avg audience,706000,10,False,0.333
AU,voz,1 Free-to-air,Total TV,2025-10-20,GRAND DESIGNS AUSTRALIA,,29,30,Total TV avg audience,611000,ABC,False,0.067
AU,voz,1 Free-to-air,Total TV,2025-10-20,HARD QUIZ,,22,30,Total TV avg audience,675000,ABC,False,0.3
AU,voz,1 Free-to-air,Total TV,2025-10-20,HOME AND AWAY,,8,30,Total TV avg audience,1058000,Seven,False,0.767
AU,voz,1 Free-to-air,Total TV,2025-10-20,I WAS ACTUALLY THERE,,28,30,Total TV avg audience,623000,ABC,False,0.1
AU,voz,1 Free-to-air,Total TV,2025-10-20,MEDIA WATCH,,23,30,Total TV avg audience,650000,ABC,False,0.267
AU,voz,1 Free-to-air,Total TV,2025-10-20,MY KITCHEN RULES,,4,30,Total TV avg audience,1361000,Seven,False,0.9
AU,voz,1 Free-to-air,Total TV,2025-10-20,RFDS,,7,30,Total TV avg audience,1163000,Seven,False,0.8
AU,voz,1 Free-to-air,Total TV,2025-10-20,SAM PANG TONIGHT,,24,30,Total TV avg audience,643000,10,False,0.233
AU,voz,1 Free-to-air,Total TV,2025-10-20,SEVEN NEWS,,5,30,Total TV avg audience,1354000,Seven,False,0.867
AU,voz,1 Free-to-air,Total TV,2025-10-20,THE AMAZING RACE AUSTRALIA: CELEBRITY GRAND FINALE,,15,30,Total TV avg audience,868000,10,False,0.533
AU,voz,1 Free-to-air,Total TV,2025-10-20,THE BLOCK,,1,30,Total TV avg audience,2650000,Nine,False,1.0
AU,voz,1 Free-to-air,Total TV,2025-10-20,THE CHASE AUSTRALIA,,25,30,Total TV avg audience,631000,Seven,False,0.2
AU,voz,1 Free-to-air,Total TV,2025-10-20,THE GOLDEN BACHELOR,,9,30,Total TV avg audience,1012000,Nine,False,0.733
AU,voz,1 Free-to-air,Total TV,2025-10-20,THE ROOKIE,,13,30,Total TV avg audience,925000,Seven,False,0.6
AU,voz,1 Free-to-air,Total TV,2025-10-20,THE VOICE,,14,30,Total TV avg audience,921000,Seven,False,0.567
AU,voz,1 Free-to-air,Total TV,2025-10-20,TIPPING POINT AUSTRALIA,,17,30,Total TV avg audience,837000,Nine,False,0.467
AU,voz,1 Free-to-air,Total TV,2025-10-27,60 MINUTES,,14,30,Total TV avg audience,889000,Nine,False,0.567
AU,voz,1 Free-to-air,Total TV,2025-10-27,7.30,,13,30,Total TV avg audience,912000,ABC,False,0.6
AU,voz,1 Free-to-air,Total TV,2025-10-27,9NEWS,,2,30,Total TV avg audience,1383000,Nine,False,0.967
AU,voz,1 Free-to-air,Total TV,2025-10-27,9NEWS SATURDAY,,8,30,Total TV avg audience,1011000,Nine,False,0.767
AU,voz,1 Free-to-air,Total TV,2025-10-27,9NEWS SUNDAY,,4,30,Total TV avg audience,1333000,Nine,False,0.9
AU,voz,1 Free-to-air,Total TV,2025-10-27,A CURRENT AFFAIR,,5,30,Total TV avg audience,1209000,Nine,False,0.867
AU,voz,1 Free-to-air,Total TV,2025-10-27,ABC NEWS,,10,30,Total TV avg audience,955000,ABC,False,0.7
AU,voz,1 Free-to-air,Total TV,2025-10-27,AUSTRALIAN STORY,,17,30,Total TV avg audience,799000,ABC,False,0.467
AU,voz,1 Free-to-air,Total TV,2025-10-27,BETTER HOMES AND GARDENS,,29,30,Total TV avg audience,601000,Seven,False,0.067
AU,voz,1 Free-to-air,Total TV,2025-10-27,BEYOND PARADISE,,18,30,Total TV avg audience,734000,ABC,False,0.433
AU,voz,1 Free-to-air,Total TV,2025-10-27,FOUR CORNERS,,22,30,Total TV avg audience,690000,ABC,False,0.3
AU,voz,1 Free-to-air,Total TV,2025-10-27,GOGGLEBOX,,23,30,Total TV avg audience,687000,10,False,0.267
AU,voz,1 Free-to-air,Total TV,2025-10-27,GRAND DESIGNS AUSTRALIA,,26,30,Total TV avg audience,616000,ABC,False,0.167
AU,voz,1 Free-to-air,Total TV,2025-10-27,HARD QUIZ,,25,30,Total TV avg audience,618000,ABC,False,0.2
AU,voz,1 Free-to-air,Total TV,2025-10-27,HOME AND AWAY,,7,30,Total TV avg audience,1077000,Seven,False,0.8
AU,voz,1 Free-to-air,Total TV,2025-10-27,I WAS ACTUALLY THERE,,28,30,Total TV avg audience,603000,ABC,False,0.1
AU,voz,1 Free-to-air,Total TV,2025-10-27,LOVE ISLAND AUSTRALIA,,19,30,Total TV avg audience,712000,Nine,False,0.4
AU,voz,1 Free-to-air,Total TV,2025-10-27,MEDIA WATCH,,21,30,Total TV avg audience,695000,ABC,False,0.333
AU,voz,1 Free-to-air,Total TV,2025-10-27,MY KITCHEN RULES,,1,30,Total TV avg audience,1413000,Seven,False,1.0
AU,voz,1 Free-to-air,Total TV,2025-10-27,OFF THE GRID WITH COLIN AND MANU,,27,30,Total TV avg audience,606000,Seven,False,0.133
AU,voz,1 Free-to-air,Total TV,2025-10-27,PORTRAIT ARTIST OF THE YEAR,,12,30,Total TV avg audience,914000,ABC,False,0.633
AU,voz,1 Free-to-air,Total TV,2025-10-27,RBT,,30,30,Total TV avg audience,596000,Nine,False,0.033
AU,voz,1 Free-to-air,Total TV,2025-10-27,RFDS,,6,30,Total TV avg audience,1137000,Seven,False,0.833
AU,voz,1 Free-to-air,Total TV,2025-10-27,SEVEN NEWS,,3,30,Total TV avg audience,1380000,Seven,False,0.933
AU,voz,1 Free-to-air,Total TV,2025-10-27,SPICKS AND SPECKS,,20,30,Total TV avg audience,711000,ABC,False,0.367
AU,voz,1 Free-to-air,Total TV,2025-10-27,THE CHASE AUSTRALIA,,24,30,Total TV avg audience,637000,Seven,False,0.233
AU,voz,1 Free-to-air,Total TV,2025-10-27,THE GOLDEN BACHELOR,,15,30,Total TV avg audience,873000,Nine,False,0.533
AU,voz,1 Free-to-air,Total TV,2025-10-27,THE ROOKIE,,11,30,Total TV avg audience,942000,Seven,False,0.667
AU,voz,1 Free-to-air,Total TV,2025-10-27,THE VOICE,,9,30,Total TV avg audience,981000,Seven,False,0.733
AU,voz,1 Free-to-air,Total TV,2025-10-27,TIPPING POINT AUSTRALIA,,16,30,Total TV avg audience,804000,Nine,False,0.5
AU,voz,1 Free-to-air,Total TV,2025-11-03,60 MINUTES,,22,30,Total TV avg audience,681000,Nine,False,0.3
AU,voz,1 Free-to-air,Total TV,2025-11-03,7.30,,14,30,Total TV avg audience,900000,ABC,False,0.567
AU,voz,1 Free-to-air,Total TV,2025-11-03,9NEWS,,4,30,Total TV avg audience,1377000,Nine,False,0.9
AU,voz,1 Free-to-air,Total TV,2025-11-03,9NEWS SATURDAY,,11,30,Total TV avg audience,983000,Nine,False,0.667
AU,voz,1 Free-to-air,Total TV,2025-11-03,9NEWS SUNDAY,,5,30,Total TV avg audience,1294000,Nine,False,0.867
AU,voz,1 Free-to-air,Total TV,2025-11-03,A CURRENT AFFAIR,,8,30,Total TV avg audience,1083000,Nine,False,0.767
AU,voz,1 Free-to-air,Total TV,2025-11-03,ABC NEWS,,10,30,Total TV avg audience,993000,ABC,False,0.7
AU,voz,1 Free-to-air,Total TV,2025-11-03,ABC NEWS SUNDAY,,15,30,Total TV avg audience,893000,ABC,False,0.533
AU,voz,1 Free-to-air,Total TV,2025-11-03,AUSTRALIAN STORY,,18,30,Total TV avg audience,739000,ABC,False,0.433
AU,voz,1 Free-to-air,Total TV,2025-11-03,BETTER HOMES AND GARDENS,,24,30,Total TV avg audience,667000,Seven,False,0.233
AU,voz,1 Free-to-air,Total TV,2025-11-03,BEYOND PARADISE,,20,30,Total TV avg audience,685000,ABC,False,0.367
AU,voz,1 Free-to-air,Total TV,2025-11-03,BIG BROTHER AUSTRALIA,,7,30,Total TV avg audience,1123000,10,False,0.8
AU,voz,1 Free-to-air,Total TV,2025-11-03,CRIME NIGHT!,,21,30,Total TV avg audience,682000,ABC,False,0.333
AU,voz,1 Free-to-air,Total TV,2025-11-03,FOUR CORNERS,,29,30,Total TV avg audience,630000,ABC,False,0.067
AU,voz,1 Free-to-air,Total TV,2025-11-03,HARD QUIZ,,23,30,Total TV avg audience,672000,ABC,False,0.267
AU,voz,1 Free-to-air,Total TV,2025-11-03,HOME AND AWAY,,9,30,Total TV avg audience,1063000,Seven,False,0.733
AU,voz,1 Free-to-air,Total TV,2025-11-03,LOVE ISLAND AUSTRALIA,,30,30,Total TV avg audience,630000,Nine,False,0.033
AU,voz,1 Free-to-air,Total TV,2025-11-03,MAIGRET,,16,30,Total TV avg audience,887000,ABC,False,0.5
AU,voz,1 Free-to-air,Total TV,2025-11-03,MEDIA WATCH,,28,30,Total TV avg audience,642000,ABC,False,0.1
AU,voz,1 Free-to-air,Total TV,2025-11-03,MELBOURNE CUP CARNIVAL,,1,30,Total TV avg audience,2085000,Nine,False,1.0
AU,voz,1 Free-to-air,Total TV,2025-11-03,MY KITCHEN RULES,,3,30,Total TV avg audience,1386000,Seven,False,0.933
AU,voz,1 Free-to-air,Total TV,2025-11-03,PACIFIC CHAMPIONSHIPS,,26,30,Total TV avg audience,643000,Nine,False,0.167
AU,voz,1 Free-to-air,Total TV,2025-11-03,PORTRAIT ARTIST OF THE YEAR,,19,30,Total TV avg audience,692000,ABC,False,0.4
AU,voz,1 Free-to-air,Total TV,2025-11-03,RBT,,27,30,Total TV avg audience,643000,Nine,False,0.133
AU,voz,1 Free-to-air,Total TV,2025-11-03,RFDS,,6,30,Total TV avg audience,1181000,Seven,False,0.833
AU,voz,1 Free-to-air,Total TV,2025-11-03,SEVEN NEWS,,2,30,Total TV avg audience,1392000,Seven,False,0.967
AU,voz,1 Free-to-air,Total TV,2025-11-03,THE CHASE AUSTRALIA,,25,30,Total TV avg audience,664000,Seven,False,0.2
AU,voz,1 Free-to-air,Total TV,2025-11-03,THE GOLDEN BACHELOR,,12,30,Total TV avg audience,942000,Nine,False,0.633
AU,voz,1 Free-to-air,Total TV,2025-11-03,THE ROOKIE,,13,30,Total TV avg audience,905000,Seven,False,0.6
AU,voz,1 Free-to-air,Total TV,2025-11-03,TIPPING POINT AUSTRALIA,,17,30,Total TV avg audience,845000,Nine,False,0.467
AU,voz,1 Free-to-air,Total TV,2025-11-10,60 MINUTES,,19,30,Total TV avg audience,744000,Nine,False,0.4
AU,voz,1 Free-to-air,Total TV,2025-11-10,7.30,,13,30,Total TV avg audience,868000,ABC,False,0.6
AU,voz,1 Free-to-air,Total TV,2025-11-10,9NEWS,,3,30,Total TV avg audience,1312000,Nine,False,0.933
AU,voz,1 Free-to-air,Total TV,2025-11-10,9NEWS SATURDAY,,8,30,Total TV avg audience,989000,Nine,False,0.767
AU,voz,1 Free-to-air,Total TV,2025-11-10,9NEWS SUNDAY,,4,30,Total TV avg audience,1189000,Nine,False,0.9
AU,voz,1 Free-to-air,Total TV,2025-11-10,A CURRENT AFFAIR,,6,30,Total TV avg audience,1108000,Nine,False,0.833
AU,voz,1 Free-to-air,Total TV,2025-11-10,ABC NEWS,,9,30,Total TV avg audience,978000,ABC,False,0.733
AU,voz,1 Free-to-air,Total TV,2025-11-10,ABC NEWS SUNDAY,,14,30,Total TV avg audience,868000,ABC,False,0.567
AU,voz,1 Free-to-air,Total TV,2025-11-10,ANNABEL CRABB’S CIVIC DUTY,,16,30,Total TV avg audience,822000,ABC,False,0.5
AU,voz,1 Free-to-air,Total TV,2025-11-10,AUSTRALIAN STORY,,18,30,Total TV avg audience,752000,ABC,False,0.433
AU,voz,1 Free-to-air,Total TV,2025-11-10,BETTER HOMES AND GARDENS,,23,30,Total TV avg audience,655000,Seven,False,0.267
AU,voz,1 Free-to-air,Total TV,2025-11-10,BIG BROTHER AUSTRALIA,,10,30,Total TV avg audience,975000,10,False,0.7
AU,voz,1 Free-to-air,Total TV,2025-11-10,GARDENING AUSTRALIA,,29,30,Total TV avg audience,595000,ABC,False,0.067
AU,voz,1 Free-to-air,Total TV,2025-11-10,GRAND DESIGNS AUSTRALIA,,28,30,Total TV avg audience,613000,ABC,False,0.1
AU,voz,1 Free-to-air,Total TV,2025-11-10,HARD QUIZ,,26,30,Total TV avg audience,646000,ABC,False,0.167
AU,voz,1 Free-to-air,Total TV,2025-11-10,HOME AND AWAY,,7,30,Total TV avg audience,1055000,Seven,False,0.8
AU,voz,1 Free-to-air,Total TV,2025-11-10,LOVE ISLAND AUSTRALIA,,22,30,Total TV avg audience,662000,Nine,False,0.3
AU,voz,1 Free-to-air,Total TV,2025-11-10,MAIGRET,,27,30,Total TV avg audience,614000,ABC,False,0.133
AU,voz,1 Free-to-air,Total TV,2025-11-10,MEDIA WATCH,,21,30,Total TV avg audience,692000,ABC,False,0.333
AU,voz,1 Free-to-air,Total TV,2025-11-10,MY KITCHEN RULES,,1,30,Total TV avg audience,1468000,Seven,False,1.0
AU,voz,1 Free-to-air,Total TV,2025-11-10,PORTRAIT ARTIST OF THE YEAR,,25,30,Total TV avg audience,651000,ABC,False,0.2
AU,voz,1 Free-to-air,Total TV,2025-11-10,RBT,,24,30,Total TV avg audience,652000,Nine,False,0.233
AU,voz,1 Free-to-air,Total TV,2025-11-10,RETURN TO PARADISE,,15,30,Total TV avg audience,838000,ABC,False,0.533
AU,voz,1 Free-to-air,Total TV,2025-11-10,RFDS,,5,30,Total TV avg audience,1114000,Seven,False,0.867
AU,voz,1 Free-to-air,Total TV,2025-11-10,SEVEN NEWS,,2,30,Total TV avg audience,1319000,Seven,False,0.967
AU,voz,1 Free-to-air,Total TV,2025-11-10,THE 1% CLUB,,20,30,Total TV avg audience,706000,Seven,False,0.367
AU,voz,1 Free-to-air,Total TV,2025-11-10,THE CHASE AUSTRALIA,,30,30,Total TV avg audience,578000,Seven,False,0.033
AU,voz,1 Free-to-air,Total TV,2025-11-10,THE GOLDEN BACHELOR,,11,30,Total TV avg audience,962000,Nine,False,0.667
AU,voz,1 Free-to-air,Total TV,2025-11-10,THE ROOKIE,,12,30,Total TV avg audience,892000,Seven,False,0.633
AU,voz,1 Free-to-air,Total TV,2025-11-10,TIPPING POINT AUSTRALIA,,17,30,Total TV avg audience,785000,Nine,False,0.467
AU,voz,1 Free-to-air,Total TV,2025-11-17,60 MINUTES,,8,30,Total TV avg audience,978000,Nine,False,0.767
AU,voz,1 Free-to-air,Total TV,2025-11-17,7.30,,13,30,Total TV avg audience,794000,ABC,False,0.6
AU,voz,1 Free-to-air,Total TV,2025-11-17,9NEWS,,3,30,Total TV avg audience,1300000,Nine,False,0.933
AU,voz,1 Free-to-air,Total TV,2025-11-17,9NEWS SATURDAY,,12,30,Total TV avg audience,855000,Nine,False,0.633
AU,voz,1 Free-to-air,Total TV,2025-11-17,9NEWS SUNDAY,,4,30,Total TV avg audience,1233000,Nine,False,0.9
AU,voz,1 Free-to-air,Total TV,2025-11-17,A CURRENT AFFAIR,,5,30,Total TV avg audience,1094000,Nine,False,0.867
AU,voz,1 Free-to-air,Total TV,2025-11-17,ABC NEWS,,9,30,Total TV avg audience,968000,ABC,False,0.733
AU,voz,1 Free-to-air,Total TV,2025-11-17,ABC NEWS SUNDAY,,11,30,Total TV avg audience,887000,ABC,False,0.667
AU,voz,1 Free-to-air,Total TV,2025-11-17,ANNABEL CRABB’S CIVIC DUTY,,27,30,Total TV avg audience,602000,ABC,False,0.133
AU,voz,1 Free-to-air,Total TV,2025-11-17,AUSTRALIAN STORY,,24,30,Total TV avg audience,609000,ABC,False,0.233
AU,voz,1 Free-to-air,Total TV,2025-11-17,BIG BROTHER AUSTRALIA,,10,30,Total TV avg audience,899000,10,False,0.7
AU,voz,1 Free-to-air,Total TV,2025-11-17,BUDGET BATTLERS,,26,30,Total TV avg audience,604000,Nine,False,0.167
AU,voz,1 Free-to-air,Total TV,2025-11-17,GRAND DESIGNS AUSTRALIA,,30,30,Total TV avg audience,594000,ABC,False,0.033
AU,voz,1 Free-to-air,Total TV,2025-11-17,HARD QUIZ,,21,30,Total TV avg audience,644000,ABC,False,0.333
AU,voz,1 Free-to-air,Total TV,2025-11-17,HOME AND AWAY,,6,30,Total TV avg audience,1073000,Seven,False,0.833
AU,voz,1 Free-to-air,Total TV,2025-11-17,LIVE AID: WHEN ROCK ‘N’ ROLL TOOK ON THE WORLD,,7,30,Total TV avg audience,984000,Nine,False,0.8
AU,voz,1 Free-to-air,Total TV,2025-11-17,LOVE ISLAND AUSTRALIA,,16,30,Total TV avg audience,739000,Nine,False,0.5
AU,voz,1 Free-to-air,Total TV,2025-11-17,MEDIA WATCH,,28,30,Total TV avg audience,600000,ABC,False,0.1
AU,voz,1 Free-to-air,Total TV,2025-11-17,PORTRAIT ARTIST OF THE YEAR,,20,30,Total TV avg audience,646000,ABC,False,0.367
AU,voz,1 Free-to-air,Total TV,2025-11-17,RBT,,29,30,Total TV avg audience,595000,Nine,False,0.067
AU,voz,1 Free-to-air,Total TV,2025-11-17,RETURN TO PARADISE,,19,30,Total TV avg audience,676000,ABC,False,0.4
AU,voz,1 Free-to-air,Total TV,2025-11-17,SEVEN NEWS,,2,30,Total TV avg audience,1359000,Seven,False,0.967
AU,voz,1 Free-to-air,Total TV,2025-11-17,SEVEN’S CRICKET: FIRST TEST,,1,30,Total TV avg audience,1506000,Seven,False,1.0
AU,voz,1 Free-to-air,Total TV,2025-11-17,TARONGA: WHO’S WHO IN THE ZOO,,25,30,Total TV avg audience,606000,Nine,False,0.2
AU,voz,1 Free-to-air,Total TV,2025-11-17,THE 1% CLUB,,18,30,Total TV avg audience,715000,Seven,False,0.433
AU,voz,1 Free-to-air,Total TV,2025-11-17,THE CHASE AUSTRALIA,,23,30,Total TV avg audience,619000,Seven,False,0.267
AU,voz,1 Free-to-air,Total TV,2025-11-17,THE ROOKIE,,17,30,Total TV avg audience,718000,Seven,False,0.467
AU,voz,1 Free-to-air,Total TV,2025-11-17,TIPPING POINT AUSTRALIA,,15,30,Total TV avg audience,750000,Nine,False,0.533
AU,voz,1 Free-to-air,Total TV,2025-11-17,TRAVEL GUIDES,,14,30,Total TV avg audience,768000,Nine,False,0.567
AU,voz,1 Free-to-air,Total TV,2025-11-17,WORKING CLASS MAN,,22,30,Total TV avg audience,634000,Seven,False,0.3
AU,voz,1 Free-to-air,Total TV,2025-11-24,60 MINUTES,,7,30,Total TV avg audience,935000,Nine,False,0.8
AU,voz,1 Free-to-air,Total TV,2025-11-24,7.30,,12,30,Total TV avg audience,775000,ABC,False,0.633
AU,voz,1 Free-to-air,Total TV,2025-11-24,9NEWS,,1,30,Total TV avg audience,1370000,Nine,False,1.0
AU,voz,1 Free-to-air,Total TV,2025-11-24,9NEWS SATURDAY,,6,30,Total TV avg audience,955000,Nine,False,0.833
AU,voz,1 Free-to-air,Total TV,2025-11-24,9NEWS SUNDAY,,3,30,Total TV avg audience,1149000,Nine,False,0.933
AU,voz,1 Free-to-air,Total TV,2025-11-24,A CURRENT AFFAIR,,4,30,Total TV avg audience,1068000,Nine,False,0.9
AU,voz,1 Free-to-air,Total TV,2025-11-24,ABC NEWS,,5,30,Total TV avg audience,967000,ABC,False,0.867
AU,voz,1 Free-to-air,Total TV,2025-11-24,ANNABEL CRABB’S CIVIC DUTY,,26,30,Total TV avg audience,604000,ABC,False,0.167
AU,voz,1 Free-to-air,Total TV,2025-11-24,AUSTRALIAN STORY,,28,30,Total TV avg audience,588000,ABC,False,0.1
AU,voz,1 Free-to-air,Total TV,2025-11-24,BETTER HOMES AND GARDENS,,20,30,Total TV avg audience,632000,Seven,False,0.367
AU,voz,1 Free-to-air,Total TV,2025-11-24,BIG BROTHER AUSTRALIA,,8,30,Total TV avg audience,867000,10,False,0.767
AU,voz,1 Free-to-air,Total TV,2025-11-24,BORDER PATROL,,24,30,Total TV avg audience,614000,Seven,False,0.233
AU,voz,1 Free-to-air,Total TV,2025-11-24,GARDENING AUSTRALIA,,16,30,Total TV avg audience,689000,ABC,False,0.5
AU,voz,1 Free-to-air,Total TV,2025-11-24,HARD QUIZ,,27,30,Total TV avg audience,604000,ABC,False,0.133
AU,voz,1 Free-to-air,Total TV,2025-11-24,JAMIE DURIE’S FUTURE HOUSE,,23,30,Total TV avg audience,625000,Nine,False,0.267
AU,voz,1 Free-to-air,Total TV,2025-11-24,LIVE AID: WHEN ROCK ‘N’ ROLL TOOK ON THE WORLD,,13,30,Total TV avg audience,751000,Nine,False,0.6
AU,voz,1 Free-to-air,Total TV,2025-11-24,LOVE ISLAND AUSTRALIA,,15,30,Total TV avg audience,740000,Nine,False,0.533
AU,voz,1 Free-to-air,Total TV,2025-11-24,MEDIA WATCH,,18,30,Total TV avg audience,648000,ABC,False,0.433
AU,voz,1 Free-to-air,Total TV,2025-11-24,PORTRAIT ARTIST OF THE YEAR,,22,30,Total TV avg audience,627000,ABC,False,0.3
AU,voz,1 Free-to-air,Total TV,2025-11-24,RBT,,30,30,Total TV avg audience,574000,Nine,False,0.033
AU,voz,1 Free-to-air,Total TV,2025-11-24,RETURN TO PARADISE,,17,30,Total TV avg audience,678000,ABC,False,0.467
AU,voz,1 Free-to-air,Total TV,2025-11-24,SEVEN NEWS,,2,30,Total TV avg audience,1280000,Seven,False,0.967
AU,voz,1 Free-to-air,Total TV,2025-11-24,TARONGA: WHO’S WHO IN THE ZOO,,25,30,Total TV avg audience,610000,Nine,False,0.2
AU,voz,1 Free-to-air,Total TV,2025-11-24,THE 1% CLUB UK,,11,30,Total TV avg audience,795000,Seven,False,0.667
AU,voz,1 Free-to-air,Total TV,2025-11-24,THE CHASE AUSTRALIA,,29,30,Total TV avg audience,578000,Seven,False,0.067
AU,voz,1 Free-to-air,Total TV,2025-11-24,THE FRONT BAR,,21,30,Total TV avg audience,629000,Seven,False,0.333
AU,voz,1 Free-to-air,Total TV,2025-11-24,THE ROOKIE,,14,30,Total TV avg audience,743000,Seven,False,0.567
AU,voz,1 Free-to-air,Total TV,2025-11-24,TIPPING POINT AUSTRALIA,,9,30,Total TV avg audience,825000,Nine,False,0.733
AU,voz,1 Free-to-air,Total TV,2025-11-24,TRAVEL GUIDES,,10,30,Total TV avg audience,803000,Nine,False,0.7
AU,voz,1 Free-to-air,Total TV,2025-11-24,WHEN THE WAR IS OVER,,19,30,Total TV avg audience,639000,ABC,False,0.4
AU,voz,1 Free-to-air,Total TV,2025-12-01,2025: THE YEAR THAT WAS,,17,30,Total TV avg audience,623000,Nine,False,0.467
AU,voz,1 Free-to-air,Total TV,2025-12-01,7.30,,8,30,Total TV avg audience,824000,ABC,False,0.767
AU,voz,1 Free-to-air,Total TV,2025-12-01,7NEWS SPOTLIGHT SUMMER,,27,30,Total TV avg audience,555000,Seven,False,0.133
AU,voz,1 Free-to-air,Total TV,2025-12-01,9NEWS,,2,30,Total TV avg audience,1307000,Nine,False,0.967
AU,voz,1 Free-to-air,Total TV,2025-12-01,9NEWS SATURDAY,,10,30,Total TV avg audience,801000,Nine,False,0.7
AU,voz,1 Free-to-air,Total TV,2025-12-01,9NEWS SUNDAY,,5,30,Total TV avg audience,990000,Nine,False,0.867
AU,voz,1 Free-to-air,Total TV,2025-12-01,A CURRENT AFFAIR,,4,30,Total TV avg audience,1095000,Nine,False,0.9
AU,voz,1 Free-to-air,Total TV,2025-12-01,ABC NEWS,,6,30,Total TV avg audience,965000,ABC,False,0.833
AU,voz,1 Free-to-air,Total TV,2025-12-01,ABC NEWS SUNDAY,,12,30,Total TV avg audience,742000,ABC,False,0.633
AU,voz,1 Free-to-air,Total TV,2025-12-01,AUSTRALIAN STORY,,19,30,Total TV avg audience,600000,ABC,False,0.4
AU,voz,1 Free-to-air,Total TV,2025-12-01,BIG BROTHER AUSTRALIA,,9,30,Total TV avg audience,811000,10,False,0.733
AU,voz,1 Free-to-air,Total TV,2025-12-01,BORDER PATROL,,21,30,Total TV avg audience,589000,Seven,False,0.333
AU,voz,1 Free-to-air,Total TV,2025-12-01,EVENTS THAT CHANGED AUSTRALIA,,16,30,Total TV avg audience,670000,Nine,False,0.5
AU,voz,1 Free-to-air,Total TV,2025-12-01,GARDENING AUSTRALIA,,29,30,Total TV avg audience,515000,ABC,False,0.067
AU,voz,1 Free-to-air,Total TV,2025-12-01,HARD QUIZ,,20,30,Total TV avg audience,596000,ABC,False,0.367
AU,voz,1 Free-to-air,Total TV,2025-12-01,HIGHWAY PATROL,,30,30,Total TV avg audience,512000,Seven,False,0.033
AU,voz,1 Free-to-air,Total TV,2025-12-01,LOVE ISLAND AUSTRALIA,,13,30,Total TV avg audience,737000,Nine,False,0.6
AU,voz,1 Free-to-air,Total TV,2025-12-01,PORTRAIT ARTIST OF THE YEAR,,28,30,Total TV avg audience,529000,ABC,False,0.1
AU,voz,1 Free-to-air,Total TV,2025-12-01,RBT,,22,30,Total TV avg audience,581000,Nine,False,0.3
AU,voz,1 Free-to-air,Total TV,2025-12-01,RETURN TO PARADISE,,25,30,Total TV avg audience,570000,ABC,False,0.2
AU,voz,1 Free-to-air,Total TV,2025-12-01,SEVEN NEWS,,3,30,Total TV avg audience,1296000,Seven,False,0.933
AU,voz,1 Free-to-air,Total TV,2025-12-01,SEVEN’S CRICKET: SECOND TEST,,1,30,Total TV avg audience,1562000,Seven,False,1.0
AU,voz,1 Free-to-air,Total TV,2025-12-01,TARONGA: WHO’S WHO IN THE ZOO,,18,30,Total TV avg audience,609000,Nine,False,0.433
AU,voz,1 Free-to-air,Total TV,2025-12-01,THE 1% CLUB,,26,30,Total TV avg audience,560000,Seven,False,0.167
AU,voz,1 Free-to-air,Total TV,2025-12-01,THE 1% CLUB UK,,15,30,Total TV avg audience,712000,Seven,False,0.533
AU,voz,1 Free-to-air,Total TV,2025-12-01,THE CASTLE,,23,30,Total TV avg audience,580000,Nine,False,0.267
AU,voz,1 Free-to-air,Total TV,2025-12-01,THE CHASE AUSTRALIA,,24,30,Total TV avg audience,578000,Seven,False,0.233
AU,voz,1 Free-to-air,Total TV,2025-12-01,THE ROOKIE,,7,30,Total TV avg audience,842000,Seven,False,0.8
AU,voz,1 Free-to-air,Total TV,2025-12-01,TIPPING POINT AUSTRALIA,,11,30,Total TV avg audience,763000,Nine,False,0.667
AU,voz,1 Free-to-air,Total TV,2025-12-01,TRAVEL GUIDES,,14,30,Total TV avg audience,720000,Nine,False,0.567
AU,voz,1 Free-to-air,Total TV,2025-12-08,7.30,,10,30,Total TV avg audience,790000,ABC,False,0.7
AU,voz,1 Free-to-air,Total TV,2025-12-08,9NEWS,,2,30,Total TV avg audience,1222000,Nine,False,0.967
AU,voz,1 Free-to-air,Total TV,2025-12-08,9NEWS SATURDAY,,8,30,Total TV avg audience,882000,Nine,False,0.767
AU,voz,1 Free-to-air,Total TV,2025-12-08,9NEWS SUNDAY,,4,30,Total TV avg audience,1098000,Nine,False,0.9
AU,voz,1 Free-to-air,Total TV,2025-12-08,A CURRENT AFFAIR,,5,30,Total TV avg audience,1065000,Nine,False,0.867
AU,voz,1 Free-to-air,Total TV,2025-12-08,ABC NEWS,,6,30,Total TV avg audience,931000,ABC,False,0.833
AU,voz,1 Free-to-air,Total TV,2025-12-08,BETTER HOMES AND GARDENS SUMMER,,20,30,Total TV avg audience,557000,Seven,False,0.367
AU,voz,1 Free-to-air,Total TV,2025-12-08,BIG BROTHER AUSTRALIA GRAND FINALE,,9,30,Total TV avg audience,802000,10,False,0.733
AU,voz,1 Free-to-air,Total TV,2025-12-08,BONDI BEACH SHOOTING,,27,30,Total TV avg audience,498000,ABC,False,0.133
AU,voz,1 Free-to-air,Total TV,2025-12-08,BORDER PATROL,,16,30,Total TV avg audience,611000,Seven,False,0.5
AU,voz,1 Free-to-air,Total TV,2025-12-08,GRAND DESIGNS AUSTRALIA,,19,30,Total TV avg audience,576000,ABC,False,0.4
AU,voz,1 Free-to-air,Total TV,2025-12-08,GREAT GETAWAYS,,24,30,Total TV avg audience,544000,Nine,False,0.233
AU,voz,1 Free-to-air,Total TV,2025-12-08,HARD QUIZ,,17,30,Total TV avg audience,593000,ABC,False,0.467
AU,voz,1 Free-to-air,Total TV,2025-12-08,HIGHWAY PATROL,,22,30,Total TV avg audience,554000,Seven,False,0.3
AU,voz,1 Free-to-air,Total TV,2025-12-08,JAMIE DURIE’S FUTURE HOUSE,,28,30,Total TV avg audience,486000,Nine,False,0.1
AU,voz,1 Free-to-air,Total TV,2025-12-08,LOVE ISLAND AUSTRALIA,,13,30,Total TV avg audience,689000,Nine,False,0.6
AU,voz,1 Free-to-air,Total TV,2025-12-08,PARAMEDICS,,25,30,Total TV avg audience,524000,Nine,False,0.2
AU,voz,1 Free-to-air,Total TV,2025-12-08,PORTRAIT ARTIST OF THE YEAR,,29,30,Total TV avg audience,484000,ABC,False,0.067
AU,voz,1 Free-to-air,Total TV,2025-12-08,RBT,,18,30,Total TV avg audience,584000,Nine,False,0.433
AU,voz,1 Free-to-air,Total TV,2025-12-08,RETURN TO PARADISE,,15,30,Total TV avg audience,688000,ABC,False,0.533
AU,voz,1 Free-to-air,Total TV,2025-12-08,SEVEN NEWS,,1,30,Total TV avg audience,1278000,Seven,False,1.0
AU,voz,1 Free-to-air,Total TV,2025-12-08,SEVEN NEWS SPECIAL,,3,30,Total TV avg audience,1135000,Seven,False,0.933
AU,voz,1 Free-to-air,Total TV,2025-12-08,SEVEN NEWS SPECIAL-LATE,,7,30,Total TV avg audience,886000,Seven,False,0.8
AU,voz,1 Free-to-air,Total TV,2025-12-08,SUNRISE,,30,30,Total TV avg audience,475000,Seven,False,0.033
AU,voz,1 Free-to-air,Total TV,2025-12-08,TARONGA: WHO’S WHO IN THE ZOO,,21,30,Total TV avg audience,555000,Nine,False,0.333
AU,voz,1 Free-to-air,Total TV,2025-12-08,THE 1% CLUB UK,,11,30,Total TV avg audience,780000,Seven,False,0.667
AU,voz,1 Free-to-air,Total TV,2025-12-08,THE CHASE AUSTRALIA,,23,30,Total TV avg audience,547000,Seven,False,0.267
AU,voz,1 Free-to-air,Total TV,2025-12-08,TIPPING POINT AUSTRALIA,,14,30,Total TV avg audience,689000,Nine,False,0.567
AU,voz,1 Free-to-air,Total TV,2025-12-08,TRAVEL GUIDES,,12,30,Total TV avg audience,716000,Nine,False,0.633
AU,voz,1 Free-to-air,Total TV,2025-12-08,WHEN THE WAR IS OVER,,26,30,Total TV avg audience,519000,ABC,False,0.167
AU,voz,1 Free-to-air,Total TV,2025-12-15,7.30,,11,30,Total TV avg audience,859000,ABC,False,0.667
AU,voz,1 Free-to-air,Total TV,2025-12-15,9NEWS,,2,30,Total TV avg audience,1440000,Nine,False,0.967
AU,voz,1 Free-to-air,Total TV,2025-12-15,9NEWS LATE,,27,30,Total TV avg audience,457000,Nine,False,0.133
AU,voz,1 Free-to-air,Total TV,2025-12-15,9NEWS SATURDAY,,10,30,Total TV avg audience,879000,Nine,False,0.7
AU,voz,1 Free-to-air,Total TV,2025-12-15,9NEWS SUNDAY,,4,30,Total TV avg audience,1077000,Nine,False,0.9
AU,voz,1 Free-to-air,Total TV,2025-12-15,A CURRENT AFFAIR,,6,30,Total TV avg audience,1019000,Nine,False,0.833
AU,voz,1 Free-to-air,Total TV,2025-12-15,ABC NEWS,,5,30,Total TV avg audience,1050000,ABC,False,0.867
AU,voz,1 Free-to-air,Total TV,2025-12-15,ANIMALS ABOARD WITH DR. HARRY,,14,30,Total TV avg audience,689000,Seven,False,0.567
AU,voz,1 Free-to-air,Total TV,2025-12-15,BORDER SECURITY: INTERNATIONAL,,29,30,Total TV avg audience,449000,Seven,False,0.067
AU,voz,1 Free-to-air,Total TV,2025-12-15,CHRISTMAS WITH DELTA,,16,30,Total TV avg audience,653000,Nine,False,0.5
AU,voz,1 Free-to-air,Total TV,2025-12-15,GRAND DESIGNS AUSTRALIA,,24,30,Total TV avg audience,516000,ABC,False,0.233
AU,voz,1 Free-to-air,Total TV,2025-12-15,GREAT GETAWAYS,,26,30,Total TV avg audience,480000,Nine,False,0.167
AU,voz,1 Free-to-air,Total TV,2025-12-15,HARD QUIZ BATTLE OF THE NETWORKS,,8,30,Total TV avg audience,937000,ABC,False,0.767
AU,voz,1 Free-to-air,Total TV,2025-12-15,LOVE ISLAND AUSTRALIA,,22,30,Total TV avg audience,524000,Nine,False,0.3
AU,voz,1 Free-to-air,Total TV,2025-12-15,RBT,,28,30,Total TV avg audience,456000,Nine,False,0.1
AU,voz,1 Free-to-air,Total TV,2025-12-15,RETURN TO PARADISE,,17,30,Total TV avg audience,632000,ABC,False,0.467
AU,voz,1 Free-to-air,Total TV,2025-12-15,SALVATION ARMY’S CAROLS IN THE DOMAIN,,7,30,Total TV avg audience,999000,Seven,False,0.8
AU,voz,1 Free-to-air,Total TV,2025-12-15,SEVEN NEWS,,3,30,Total TV avg audience,1434000,Seven,False,0.933
AU,voz,1 Free-to-air,Total TV,2025-12-15,SEVEN NEWS AT 7,,9,30,Total TV avg audience,929000,Seven,False,0.733
AU,voz,1 Free-to-air,Total TV,2025-12-15,SEVEN’S CRICKET: BBL,,13,30,Total TV avg audience,737000,Seven,False,0.6
AU,voz,1 Free-to-air,Total TV,2025-12-15,SEVEN’S CRICKET: SYDNEY SIXERS V ADELAIDE,,15,30,Total TV avg audience,682000,Seven,False,0.533
AU,voz,1 Free-to-air,Total TV,2025-12-15,SEVEN’S CRICKET: THIRD TEST,,1,30,Total TV avg audience,1490000,Seven,False,1.0
AU,voz,1 Free-to-air,Total TV,2025-12-15,SUNRISE,,18,30,Total TV avg audience,589000,Seven,False,0.433
AU,voz,1 Free-to-air,Total TV,2025-12-15,TARONGA: WHO’S WHO IN THE ZOO,,20,30,Total TV avg audience,543000,Nine,False,0.367
AU,voz,1 Free-to-air,Total TV,2025-12-15,TERROR IN BONDI: 7NEWS SPECIAL COVERAGE-AFTERNOON,,21,30,Total TV avg audience,540000,Seven,False,0.333
AU,voz,1 Free-to-air,Total TV,2025-12-15,THE CHASE AUSTRALIA,,23,30,Total TV avg audience,523000,Seven,False,0.267
AU,voz,1 Free-to-air,Total TV,2025-12-15,TIPPING POINT AUSTRALIA,,12,30,Total TV avg audience,764000,Nine,False,0.633
AU,voz,1 Free-to-air,Total TV,2025-12-15,TODAY,,25,30,Total TV avg audience,496000,Nine,False,0.2
AU,voz,1 Free-to-air,Total TV,2025-12-15,TRAVEL GUIDES,,19,30,Total TV avg audience,579000,Nine,False,0.4
AU,voz,1 Free-to-air,Total TV,2025-12-15,WEEKEND SUNRISE,,30,30,Total TV avg audience,440000,Seven,False,0.033
AU,voz,1 Free-to-air,Total TV,2025-12-22,9NEWS,,4,30,Total TV avg audience,1183000,Nine,False,0.9
AU,voz,1 Free-to-air,Total TV,2025-12-22,9NEWS SATURDAY,,7,30,Total TV avg audience,938000,Nine,False,0.8
AU,voz,1 Free-to-air,Total TV,2025-12-22,9NEWS SUNDAY,,5,30,Total TV avg audience,1048000,Nine,False,0.867
AU,voz,1 Free-to-air,Total TV,2025-12-22,A CURRENT AFFAIR,,9,30,Total TV avg audience,895000,Nine,False,0.733
AU,voz,1 Free-to-air,Total TV,2025-12-22,ABC NATIONAL NEWS,,16,30,Total TV avg audience,626000,ABC,False,0.5
AU,voz,1 Free-to-air,Total TV,2025-12-22,ABC NEWS,,12,30,Total TV avg audience,805000,ABC,False,0.633
AU,voz,1 Free-to-air,Total TV,2025-12-22,ABC NEWS SUNDAY,,10,30,Total TV avg audience,877000,ABC,False,0.7
AU,voz,1 Free-to-air,Total TV,2025-12-22,ALL CREATURES GREAT AND SMALL,,20,30,Total TV avg audience,554000,ABC,False,0.367
AU,voz,1 Free-to-air,Total TV,2025-12-22,ANIMALS ABOARD WITH DR. HARRY,,23,30,Total TV avg audience,537000,Seven,False,0.267
AU,voz,1 Free-to-air,Total TV,2025-12-22,BACK ROADS,,25,30,Total TV avg audience,523000,ABC,False,0.2
AU,voz,1 Free-to-air,Total TV,2025-12-22,CALL THE MIDWIFE: CHRISTMAS SPECIAL (2024),,26,30,Total TV avg audience,523000,ABC,False,0.167
AU,voz,1 Free-to-air,Total TV,2025-12-22,CALL THE MIDWIFE: CHRISTMAS SPECIAL (2024) TX 2,,24,30,Total TV avg audience,531000,ABC,False,0.233
AU,voz,1 Free-to-air,Total TV,2025-12-22,CAROLS BY CANDLELIGHT,,3,30,Total TV avg audience,1565000,Nine,False,0.933
AU,voz,1 Free-to-air,Total TV,2025-12-22,CHRISTMAS WITH DELTA,,13,30,Total TV avg audience,743000,Nine,False,0.6
AU,voz,1 Free-to-air,Total TV,2025-12-22,DEATH IN PARADISE: CHRISTMAS SPECIAL (2024),,11,30,Total TV avg audience,870000,ABC,False,0.667
AU,voz,1 Free-to-air,Total TV,2025-12-22,FIND MY BEACH HOUSE AUSTRALIA,,29,30,Total TV avg audience,455000,Nine,False,0.067
AU,voz,1 Free-to-air,Total TV,2025-12-22,HM THE KING’S CHRISTMAS MESSAGE 2025,,27,30,Total TV avg audience,499000,ABC,False,0.133
AU,voz,1 Free-to-air,Total TV,2025-12-22,JAMIE DURIE’S FUTURE HOUSE,,28,30,Total TV avg audience,460000,Nine,False,0.1
AU,voz,1 Free-to-air,Total TV,2025-12-22,NATIONAL LAMPOON’S CHRISTMAS VACATION,,30,30,Total TV avg audience,433000,Nine,False,0.033
AU,voz,1 Free-to-air,Total TV,2025-12-22,SEVEN NEWS,,2,30,Total TV avg audience,1573000,Seven,False,0.967
AU,voz,1 Free-to-air,Total TV,2025-12-22,SEVEN’S CRICKET: BBL,,6,30,Total TV avg audience,952000,Seven,False,0.833
AU,voz,1 Free-to-air,Total TV,2025-12-22,SEVEN’S CRICKET: FOURTH TEST,,1,30,Total TV avg audience,1839000,Seven,False,1.0
AU,voz,1 Free-to-air,Total TV,2025-12-22,SYDNEY HOBART YACHT RACE 2025,,18,30,Total TV avg audience,617000,Nine,False,0.433
AU,voz,1 Free-to-air,Total TV,2025-12-22,TARONGA: WHO’S WHO IN THE ZOO,,21,30,Total TV avg audience,549000,Nine,False,0.333
AU,voz,1 Free-to-air,Total TV,2025-12-22,THE 1% CLUB UK,,14,30,Total TV avg audience,677000,Seven,False,0.567
AU,voz,1 Free-to-air,Total TV,2025-12-22,THE CHASE AUSTRALIA,,22,30,Total TV avg audience,549000,Seven,False,0.3
AU,voz,1 Free-to-air,Total TV,2025-12-22,THE ROYAL VARIETY PERFORMANCE 2025,,19,30,Total TV avg audience,566000,ABC,False,0.4
AU,voz,1 Free-to-air,Total TV,2025-12-22,THE YEARLY WITH CHARLIE PICKERING 2025,,8,30,Total TV avg audience,921000,ABC,False,0.767
AU,voz,1 Free-to-air,Total TV,2025-12-22,TIPPING POINT AUSTRALIA,,15,30,Total TV avg audience,646000,Nine,False,0.533
AU,voz,1 Free-to-air,Total TV,2025-12-22,TRAVEL GUIDES,,17,30,Total TV avg audience,626000,Nine,False,0.467
AU,voz,1 Free-to-air,Total TV,2025-12-29,9NEWS,,6,30,Total TV avg audience,1193000,Nine,False,0.833
AU,voz,1 Free-to-air,Total TV,2025-12-29,9NEWS SUNDAY,,7,30,Total TV avg audience,1106000,Nine,False,0.8
AU,voz,1 Free-to-air,Total TV,2025-12-29,A CURRENT AFFAIR,,10,30,Total TV avg audience,910000,Nine,False,0.7
AU,voz,1 Free-to-air,Total TV,2025-12-29,ABC NEWS,,15,30,Total TV avg audience,763000,ABC,False,0.533
AU,voz,1 Free-to-air,Total TV,2025-12-29,ALL CREATURES GREAT AND SMALL,,18,30,Total TV avg audience,679000,ABC,False,0.433
AU,voz,1 Free-to-air,Total TV,2025-12-29,ANIMALS ABOARD WITH DR. HARRY,,29,30,Total TV avg audience,469000,Seven,False,0.067
AU,voz,1 Free-to-air,Total TV,2025-12-29,ART DETECTIVES,,19,30,Total TV avg audience,643000,ABC,False,0.4
AU,voz,1 Free-to-air,Total TV,2025-12-29,BUT ALSO JOHN CLARKE,,11,30,Total TV avg audience,884000,ABC,False,0.667
AU,voz,1 Free-to-air,Total TV,2025-12-29,CALL THE MIDWIFE,,25,30,Total TV avg audience,524000,ABC,False,0.2
AU,voz,1 Free-to-air,Total TV,2025-12-29,FIND MY BEACH HOUSE AUSTRALIA,,27,30,Total TV avg audience,484000,Nine,False,0.133
AU,voz,1 Free-to-air,Total TV,2025-12-29,GOOLAGONG,,9,30,Total TV avg audience,944000,ABC,False,0.733
AU,voz,1 Free-to-air,Total TV,2025-12-29,GREAT GETAWAYS,,26,30,Total TV avg audience,524000,Nine,False,0.167
AU,voz,1 Free-to-air,Total TV,2025-12-29,LONG LOST FAMILY: SHIPPED TO AUSTRALIA,,24,30,Total TV avg audience,543000,ABC,False,0.233
AU,voz,1 Free-to-air,Total TV,2025-12-29,MUSTER DOGS: WHERE ARE THEY NOW,,17,30,Total TV avg audience,686000,ABC,False,0.467
AU,voz,1 Free-to-air,Total TV,2025-12-29,NEW YEAR’S EVE 2025: CALLING COUNTRY FIREWORKS,,4,30,Total TV avg audience,1228000,ABC,False,0.9
AU,voz,1 Free-to-air,Total TV,2025-12-29,NEW YEAR’S EVE 2025: COUNTDOWN TO MIDNIGHT-LE,,2,30,Total TV avg audience,1761000,ABC,False,0.967
AU,voz,1 Free-to-air,Total TV,2025-12-29,NEW YEAR’S EVE 2025: LIVE CONCERT FROM THE OPERA HOUSE,,8,30,Total TV avg audience,1093000,ABC,False,0.767
AU,voz,1 Free-to-air,Total TV,2025-12-29,NEW YEAR’S EVE 2025: MIDNIGHT FIREWORKS-EM,,1,30,Total TV avg audience,2098000,ABC,False,1.0
AU,voz,1 Free-to-air,Total TV,2025-12-29,NEW YEAR’S EVE 2025: WELCOME TO NYE,,12,30,Total TV avg audience,849000,ABC,False,0.633
AU,voz,1 Free-to-air,Total TV,2025-12-29,RBT,,28,30,Total TV avg audience,475000,Nine,False,0.1
AU,voz,1 Free-to-air,Total TV,2025-12-29,SEVEN NEWS,,3,30,Total TV avg audience,1266000,Seven,False,0.933
AU,voz,1 Free-to-air,Total TV,2025-12-29,SEVEN NEWS AT 5,,14,30,Total TV avg audience,797000,Seven,False,0.567
AU,voz,1 Free-to-air,Total TV,2025-12-29,SEVEN’S CRICKET: BBL,,13,30,Total TV avg audience,839000,Seven,False,0.6
AU,voz,1 Free-to-air,Total TV,2025-12-29,SEVEN’S CRICKET: FIFTH TEST,,5,30,Total TV avg audience,1220000,Seven,False,0.867
AU,voz,1 Free-to-air,Total TV,2025-12-29,TARONGA: WHO’S WHO IN THE ZOO,,22,30,Total TV avg audience,562000,Nine,False,0.3
AU,voz,1 Free-to-air,Total TV,2025-12-29,THE CHASE AUSTRALIA,,23,30,Total TV avg audience,550000,Seven,False,0.267
AU,voz,1 Free-to-air,Total TV,2025-12-29,THE YEARLY WITH CHARLIE PICKERING 2025,,21,30,Total TV avg audience,573000,ABC,False,0.333
AU,voz,1 Free-to-air,Total TV,2025-12-29,TIPPING POINT AUSTRALIA,,16,30,Total TV avg audience,687000,Nine,False,0.5
AU,voz,1 Free-to-air,Total TV,2025-12-29,TRAVEL GUIDES,,20,30,Total TV avg audience,630000,Nine,False,0.367
AU,voz,1 Free-to-air,Total TV,2025-12-29,WHATEVER IT TAKES: INSIDE THE EBAY SCANDAL,,30,30,Total TV avg audience,468000,ABC,False,0.033
AU,voz,1 Free-to-air,Total TV,2026-01-05,2026 UNITED CUP D8,,25,30,Total TV avg audience,471000,Nine,False,0.2
AU,voz,1 Free-to-air,Total TV,2026-01-05,7.30,,8,30,Total TV avg audience,786000,ABC,False,0.767
AU,voz,1 Free-to-air,Total TV,2026-01-05,9NEWS,,3,30,Total TV avg audience,1273000,Nine,False,0.933
AU,voz,1 Free-to-air,Total TV,2026-01-05,9NEWS SUNDAY,,4,30,Total TV avg audience,1164000,Nine,False,0.9
AU,voz,1 Free-to-air,Total TV,2026-01-05,A CURRENT AFFAIR,,5,30,Total TV avg audience,991000,Nine,False,0.867
AU,voz,1 Free-to-air,Total TV,2026-01-05,ABC NEWS,,6,30,Total TV avg audience,907000,ABC,False,0.833
AU,voz,1 Free-to-air,Total TV,2026-01-05,ABC NEWS SUNDAY,,7,30,Total TV avg audience,906000,ABC,False,0.8
AU,voz,1 Free-to-air,Total TV,2026-01-05,ALL CREATURES GREAT AND SMALL,,14,30,Total TV avg audience,695000,ABC,False,0.567
AU,voz,1 Free-to-air,Total TV,2026-01-05,ART DETECTIVES,,21,30,Total TV avg audience,557000,ABC,False,0.333
AU,voz,1 Free-to-air,Total TV,2026-01-05,BETTER HOMES AND GARDENS SUMMER,,18,30,Total TV avg audience,588000,Seven,False,0.433
AU,voz,1 Free-to-air,Total TV,2026-01-05,BORDER SECURITY,,27,30,Total TV avg audience,463000,Seven,False,0.133
AU,voz,1 Free-to-air,Total TV,2026-01-05,CALL THE MIDWIFE,,19,30,Total TV avg audience,579000,ABC,False,0.4
AU,voz,1 Free-to-air,Total TV,2026-01-05,DR KARL’S HOW THINGS WORK,,9,30,Total TV avg audience,752000,ABC,False,0.733
AU,voz,1 Free-to-air,Total TV,2026-01-05,DR KARL’S HOW THINGS WORK TX 2,,20,30,Total TV avg audience,568000,ABC,False,0.367
AU,voz,1 Free-to-air,Total TV,2026-01-05,GOOLAGONG,,12,30,Total TV avg audience,707000,ABC,False,0.633
AU,voz,1 Free-to-air,Total TV,2026-01-05,GRAND DESIGNS TRANSFORMATIONS,,17,30,Total TV avg audience,619000,ABC,False,0.467
AU,voz,1 Free-to-air,Total TV,2026-01-05,GREAT GETAWAYS,,23,30,Total TV avg audience,547000,Nine,False,0.267
AU,voz,1 Free-to-air,Total TV,2026-01-05,HARD QUIZ,,22,30,Total TV avg audience,553000,ABC,False,0.3
AU,voz,1 Free-to-air,Total TV,2026-01-05,MUSTER DOGS: WHERE ARE THEY NOW,,15,30,Total TV avg audience,634000,ABC,False,0.533
AU,voz,1 Free-to-air,Total TV,2026-01-05,PARAMEDICS,,30,30,Total TV avg audience,410000,Nine,False,0.033
AU,voz,1 Free-to-air,Total TV,2026-01-05,SEVEN NEWS,,1,30,Total TV avg audience,1593000,Seven,False,1.0
AU,voz,1 Free-to-air,Total TV,2026-01-05,SEVEN NEWS AT 4,,24,30,Total TV avg audience,507000,Seven,False,0.233
AU,voz,1 Free-to-air,Total TV,2026-01-05,SEVEN’S CRICKET: BBL,,10,30,Total TV avg audience,744000,Seven,False,0.7
AU,voz,1 Free-to-air,Total TV,2026-01-05,SEVEN’S CRICKET: FIFTH TEST,,2,30,Total TV avg audience,1430000,Seven,False,0.967
AU,voz,1 Free-to-air,Total TV,2026-01-05,SUNRISE,,29,30,Total TV avg audience,439000,Seven,False,0.067
AU,voz,1 Free-to-air,Total TV,2026-01-05,THE CHASE AUSTRALIA,,16,30,Total TV avg audience,632000,Seven,False,0.5
AU,voz,1 Free-to-air,Total TV,2026-01-05,TIPPING POINT AUSTRALIA,,13,30,Total TV avg audience,699000,Nine,False,0.6
AU,voz,1 Free-to-air,Total TV,2026-01-05,TRAVEL GUIDES,,11,30,Total TV avg audience,713000,Nine,False,0.667
AU,voz,1 Free-to-air,Total TV,2026-01-05,VERA,,28,30,Total TV avg audience,458000,ABC,False,0.1
AU,voz,1 Free-to-air,Total TV,2026-01-05,WEEKEND SUNRISE,,26,30,Total TV avg audience,471000,Seven,False,0.167
AU,voz,1 Free-to-air,Total TV,2026-01-12,2026 AUSTRALIAN OPEN D1,,15,30,Total TV avg audience,661000,Nine,False,0.533
AU,voz,1 Free-to-air,Total TV,2026-01-12,7.30,,9,30,Total TV avg audience,795000,ABC,False,0.733
AU,voz,1 Free-to-air,Total TV,2026-01-12,9NEWS,,2,30,Total TV avg audience,1321000,Nine,False,0.967
AU,voz,1 Free-to-air,Total TV,2026-01-12,9NEWS SATURDAY,,6,30,Total TV avg audience,997000,Nine,False,0.833
AU,voz,1 Free-to-air,Total TV,2026-01-12,9NEWS SUNDAY,,3,30,Total TV avg audience,1271000,Nine,False,0.933
AU,voz,1 Free-to-air,Total TV,2026-01-12,A CURRENT AFFAIR,,5,30,Total TV avg audience,1028000,Nine,False,0.867
AU,voz,1 Free-to-air,Total TV,2026-01-12,ABC NEWS,,7,30,Total TV avg audience,945000,ABC,False,0.8
AU,voz,1 Free-to-air,Total TV,2026-01-12,ABC NEWS SUNDAY,,8,30,Total TV avg audience,852000,ABC,False,0.767
AU,voz,1 Free-to-air,Total TV,2026-01-12,ALL CREATURES GREAT AND SMALL,,16,30,Total TV avg audience,641000,ABC,False,0.5
AU,voz,1 Free-to-air,Total TV,2026-01-12,AO26,,11,30,Total TV avg audience,775000,Nine,False,0.667
AU,voz,1 Free-to-air,Total TV,2026-01-12,ART DETECTIVES,,26,30,Total TV avg audience,481000,ABC,False,0.167
AU,voz,1 Free-to-air,Total TV,2026-01-12,BORDER SECURITY,,19,30,Total TV avg audience,561000,Seven,False,0.4
AU,voz,1 Free-to-air,Total TV,2026-01-12,CALL THE MIDWIFE,,25,30,Total TV avg audience,493000,ABC,False,0.2
AU,voz,1 Free-to-air,Total TV,2026-01-12,DR KARL’S HOW THINGS WORK,,13,30,Total TV avg audience,711000,ABC,False,0.6
AU,voz,1 Free-to-air,Total TV,2026-01-12,FIND MY COUNTRY HOUSE AUSTRALIA,,27,30,Total TV avg audience,465000,Nine,False,0.133
AU,voz,1 Free-to-air,Total TV,2026-01-12,GOOLAGONG,,22,30,Total TV avg audience,527000,ABC,False,0.3
AU,voz,1 Free-to-air,Total TV,2026-01-12,GRAND DESIGNS TRANSFORMATIONS,,18,30,Total TV avg audience,576000,ABC,False,0.433
AU,voz,1 Free-to-air,Total TV,2026-01-12,HARD QUIZ,,20,30,Total TV avg audience,561000,ABC,False,0.367
AU,voz,1 Free-to-air,Total TV,2026-01-12,I’M A CELEBRITY…GET ME OUT OF HERE!,,4,30,Total TV avg audience,1185000,10,False,0.9
AU,voz,1 Free-to-air,Total TV,2026-01-12,MUSTER DOGS: WHERE ARE THEY NOW,,23,30,Total TV avg audience,520000,ABC,False,0.267
AU,voz,1 Free-to-air,Total TV,2026-01-12,SEVEN NEWS,,1,30,Total TV avg audience,1326000,Seven,False,1.0
AU,voz,1 Free-to-air,Total TV,2026-01-12,SEVEN’S CRICKET: BBL,,10,30,Total TV avg audience,792000,Seven,False,0.7
AU,voz,1 Free-to-air,Total TV,2026-01-12,SUNRISE,,29,30,Total TV avg audience,441000,Seven,False,0.067
AU,voz,1 Free-to-air,Total TV,2026-01-12,TARONGA: WHO’S WHO IN THE ZOO,,21,30,Total TV avg audience,544000,Nine,False,0.333
AU,voz,1 Free-to-air,Total TV,2026-01-12,THE CHASE AUSTRALIA,,17,30,Total TV avg audience,615000,Seven,False,0.467
AU,voz,1 Free-to-air,Total TV,2026-01-12,THE WEEKLY WITH CHARLIE PICKERING,,24,30,Total TV avg audience,495000,ABC,False,0.233
AU,voz,1 Free-to-air,Total TV,2026-01-12,TIPPING POINT AUSTRALIA,,14,30,Total TV avg audience,696000,Nine,False,0.567
AU,voz,1 Free-to-air,Total TV,2026-01-12,TRAVEL GUIDES,,12,30,Total TV avg audience,741000,Nine,False,0.633
AU,voz,1 Free-to-air,Total TV,2026-01-12,VERA,,28,30,Total TV avg audience,449000,ABC,False,0.1
AU,voz,1 Free-to-air,Total TV,2026-01-12,WEEKEND SUNRISE,,30,30,Total TV avg audience,438000,Seven,False,0.033
AU,voz,1 Free-to-air,Total TV,2026-01-19,2026 AUSTRALIAN OPEN D2,,13,30,Total TV avg audience,915000,Nine,False,0.6
AU,voz,1 Free-to-air,Total TV,2026-01-19,2026 AUSTRALIAN OPEN D3,,18,30,Total TV avg audience,696000,Nine,False,0.433
AU,voz,1 Free-to-air,Total TV,2026-01-19,2026 AUSTRALIAN OPEN D4,,9,30,Total TV avg audience,1033000,Nine,False,0.733
AU,voz,1 Free-to-air,Total TV,2026-01-19,2026 AUSTRALIAN OPEN D5,,12,30,Total TV avg audience,942000,Nine,False,0.633
AU,voz,1 Free-to-air,Total TV,2026-01-19,2026 AUSTRALIAN OPEN D6,,8,30,Total TV avg audience,1071000,Nine,False,0.767
AU,voz,1 Free-to-air,Total TV,2026-01-19,2026 AUSTRALIAN OPEN D7,,14,30,Total TV avg audience,863000,Nine,False,0.567
AU,voz,1 Free-to-air,Total TV,2026-01-19,2026 AUSTRALIAN OPEN D8,,6,30,Total TV avg audience,1159000,Nine,False,0.833
AU,voz,1 Free-to-air,Total TV,2026-01-19,7.30,,16,30,Total TV avg audience,733000,ABC,False,0.5
AU,voz,1 Free-to-air,Total TV,2026-01-19,9NEWS,,2,30,Total TV avg audience,1266000,Nine,False,0.967
AU,voz,1 Free-to-air,Total TV,2026-01-19,9NEWS SATURDAY,,5,30,Total TV avg audience,1172000,Nine,False,0.867
AU,voz,1 Free-to-air,Total TV,2026-01-19,9NEWS SUNDAY,,4,30,Total TV avg audience,1213000,Nine,False,0.9
AU,voz,1 Free-to-air,Total TV,2026-01-19,ABC NEWS,,10,30,Total TV avg audience,1005000,ABC,False,0.7
AU,voz,1 Free-to-air,Total TV,2026-01-19,ABC NEWS SUNDAY,,15,30,Total TV avg audience,777000,ABC,False,0.533
AU,voz,1 Free-to-air,Total TV,2026-01-19,ALL CREATURES GREAT AND SMALL,,20,30,Total TV avg audience,613000,ABC,False,0.367
AU,voz,1 Free-to-air,Total TV,2026-01-19,ART DETECTIVES,,29,30,Total TV avg audience,445000,ABC,False,0.067
AU,voz,1 Free-to-air,Total TV,2026-01-19,AUSTRALIAN OF THE YEAR 2026,,21,30,Total TV avg audience,564000,ABC,False,0.333
AU,voz,1 Free-to-air,Total TV,2026-01-19,CALL THE MIDWIFE,,28,30,Total TV avg audience,468000,ABC,False,0.1
AU,voz,1 Free-to-air,Total TV,2026-01-19,DR KARL’S HOW THINGS WORK,,22,30,Total TV avg audience,555000,ABC,False,0.3
AU,voz,1 Free-to-air,Total TV,2026-01-19,GRAND DESIGNS TRANSFORMATIONS,,26,30,Total TV avg audience,477000,ABC,False,0.167
AU,voz,1 Free-to-air,Total TV,2026-01-19,HARD QUIZ,,23,30,Total TV avg audience,549000,ABC,False,0.267
AU,voz,1 Free-to-air,Total TV,2026-01-19,HOME AND AWAY,,3,30,Total TV avg audience,1224000,Seven,False,0.933
AU,voz,1 Free-to-air,Total TV,2026-01-19,INSIDERS,,24,30,Total TV avg audience,505000,ABC,False,0.233
AU,voz,1 Free-to-air,Total TV,2026-01-19,I’M A CELEBRITY…GET ME OUT OF HERE!,,7,30,Total TV avg audience,1112000,10,False,0.8
AU,voz,1 Free-to-air,Total TV,2026-01-19,SEVEN NEWS,,1,30,Total TV avg audience,1483000,Seven,False,1.0
AU,voz,1 Free-to-air,Total TV,2026-01-19,SEVEN’S CRICKET: BBL,,11,30,Total TV avg audience,1000000,Seven,False,0.667
AU,voz,1 Free-to-air,Total TV,2026-01-19,SUNRISE,,30,30,Total TV avg audience,427000,Seven,False,0.033
AU,voz,1 Free-to-air,Total TV,2026-01-19,THE 1% CLUB UK: ROLLOVER,,19,30,Total TV avg audience,696000,Seven,False,0.4
AU,voz,1 Free-to-air,Total TV,2026-01-19,THE CHASE AUSTRALIA,,17,30,Total TV avg audience,714000,Seven,False,0.467
AU,voz,1 Free-to-air,Total TV,2026-01-19,THE WEEKLY WITH CHARLIE PICKERING,,27,30,Total TV avg audience,471000,ABC,False,0.133
AU,voz,1 Free-to-air,Total TV,2026-01-19,VERA,,25,30,Total TV avg audience,482000,ABC,False,0.2
AU,voz,1 Free-to-air,Total TV,2026-01-26,2026 AUSTRALIAN OPEN D10,,3,30,Total TV avg audience,1993000,Nine,False,0.933
AU,voz,1 Free-to-air,Total TV,2026-01-26,2026 AUSTRALIAN OPEN D11,,7,30,Total TV avg audience,1241000,Nine,False,0.8
AU,voz,1 Free-to-air,Total TV,2026-01-26,2026 AUSTRALIAN OPEN D12,,10,30,Total TV avg audience,1194000,Nine,False,0.7
AU,voz,1 Free-to-air,Total TV,2026-01-26,2026 AUSTRALIAN OPEN D13,,4,30,Total TV avg audience,1917000,Nine,False,0.9
AU,voz,1 Free-to-air,Total TV,2026-01-26,2026 AUSTRALIAN OPEN D14,,2,30,Total TV avg audience,2145000,Nine,False,0.967
AU,voz,1 Free-to-air,Total TV,2026-01-26,2026 AUSTRALIAN OPEN D15,,1,30,Total TV avg audience,3471000,Nine,False,1.0
AU,voz,1 Free-to-air,Total TV,2026-01-26,2026 AUSTRALIAN OPEN D9,,9,30,Total TV avg audience,1201000,Nine,False,0.733
AU,voz,1 Free-to-air,Total TV,2026-01-26,7.30,,15,30,Total TV avg audience,789000,ABC,False,0.533
AU,voz,1 Free-to-air,Total TV,2026-01-26,9NEWS,,6,30,Total TV avg audience,1383000,Nine,False,0.833
AU,voz,1 Free-to-air,Total TV,2026-01-26,9NEWS SATURDAY,,12,30,Total TV avg audience,1090000,Nine,False,0.633
AU,voz,1 Free-to-air,Total TV,2026-01-26,9NEWS SUNDAY,,8,30,Total TV avg audience,1236000,Nine,False,0.767
AU,voz,1 Free-to-air,Total TV,2026-01-26,9NEWS: FIRST AT FIVE,,28,30,Total TV avg audience,550000,Nine,False,0.1
AU,voz,1 Free-to-air,Total TV,2026-01-26,ABC NEWS,,13,30,Total TV avg audience,1020000,ABC,False,0.6
AU,voz,1 Free-to-air,Total TV,2026-01-26,ABC NEWS SUNDAY,,16,30,Total TV avg audience,789000,ABC,False,0.5
AU,voz,1 Free-to-air,Total TV,2026-01-26,ALL CREATURES GREAT AND SMALL,,23,30,Total TV avg audience,576000,ABC,False,0.267
AU,voz,1 Free-to-air,Total TV,2026-01-26,ANTIQUES ROADSHOW,,27,30,Total TV avg audience,562000,ABC,False,0.133
AU,voz,1 Free-to-air,Total TV,2026-01-26,BETTER HOMES AND GARDENS SUMMER,,30,30,Total TV avg audience,545000,Seven,False,0.033
AU,voz,1 Free-to-air,Total TV,2026-01-26,BORDER SECURITY,,19,30,Total TV avg audience,717000,Seven,False,0.4
AU,voz,1 Free-to-air,Total TV,2026-01-26,DOG PARK,,18,30,Total TV avg audience,720000,ABC,False,0.433
AU,voz,1 Free-to-air,Total TV,2026-01-26,DR KARL’S HOW THINGS WORK,,22,30,Total TV avg audience,585000,ABC,False,0.3
AU,voz,1 Free-to-air,Total TV,2026-01-26,HARD QUIZ,,29,30,Total TV avg audience,549000,ABC,False,0.067
AU,voz,1 Free-to-air,Total TV,2026-01-26,HOME AND AWAY,,11,30,Total TV avg audience,1165000,Seven,False,0.667
AU,voz,1 Free-to-air,Total TV,2026-01-26,INSIDERS,,25,30,Total TV avg audience,569000,ABC,False,0.2
AU,voz,1 Free-to-air,Total TV,2026-01-26,I’M A CELEBRITY…GET ME OUT OF HERE!,,14,30,Total TV avg audience,943000,10,False,0.567
AU,voz,1 Free-to-air,Total TV,2026-01-26,MIDSOMER MURDERS,,24,30,Total TV avg audience,571000,ABC,False,0.233
AU,voz,1 Free-to-air,Total TV,2026-01-26,MUSTER DOGS,,21,30,Total TV avg audience,655000,ABC,False,0.333
AU,voz,1 Free-to-air,Total TV,2026-01-26,RBT,,26,30,Total TV avg audience,565000,Nine,False,0.167
AU,voz,1 Free-to-air,Total TV,2026-01-26,SEVEN NEWS,,5,30,Total TV avg audience,1510000,Seven,False,0.867
AU,voz,1 Free-to-air,Total TV,2026-01-26,THE 1% CLUB UK: ROLLOVER,,20,30,Total TV avg audience,705000,Seven,False,0.367
AU,voz,1 Free-to-air,Total TV,2026-01-26,THE CHASE AUSTRALIA,,17,30,Total TV avg audience,782000,Seven,False,0.467
AU,voz,1 Free-to-air,Total TV,2026-02-02,7.30,,13,30,Total TV avg audience,863000,ABC,False,0.6
AU,voz,1 Free-to-air,Total TV,2026-02-02,9-1-1,,29,30,Total TV avg audience,544000,Seven,False,0.067
AU,voz,1 Free-to-air,Total TV,2026-02-02,9NEWS,,3,30,Total TV avg audience,1331000,Nine,False,0.933
AU,voz,1 Free-to-air,Total TV,2026-02-02,9NEWS SATURDAY,,10,30,Total TV avg audience,1060000,Nine,False,0.7
AU,voz,1 Free-to-air,Total TV,2026-02-02,9NEWS SUNDAY,,4,30,Total TV avg audience,1323000,Nine,False,0.9
AU,voz,1 Free-to-air,Total TV,2026-02-02,9NEWS: FIRST AT FIVE,,26,30,Total TV avg audience,569000,Nine,False,0.167
AU,voz,1 Free-to-air,Total TV,2026-02-02,A CURRENT AFFAIR,,9,30,Total TV avg audience,1137000,Nine,False,0.733
AU,voz,1 Free-to-air,Total TV,2026-02-02,ABC NEWS,,11,30,Total TV avg audience,1024000,ABC,False,0.667
AU,voz,1 Free-to-air,Total TV,2026-02-02,ABC NEWS SUNDAY,,16,30,Total TV avg audience,771000,ABC,False,0.5
AU,voz,1 Free-to-air,Total TV,2026-02-02,AUSTRALIAN IDOL,,6,30,Total TV avg audience,1222000,Seven,False,0.833
AU,voz,1 Free-to-air,Total TV,2026-02-02,AUSTRALIAN STORY,,14,30,Total TV avg audience,824000,ABC,False,0.567
AU,voz,1 Free-to-air,Total TV,2026-02-02,BETTER HOMES AND GARDENS SUMMER,,27,30,Total TV avg audience,561000,Seven,False,0.133
AU,voz,1 Free-to-air,Total TV,2026-02-02,FOUR CORNERS,,28,30,Total TV avg audience,550000,ABC,False,0.1
AU,voz,1 Free-to-air,Total TV,2026-02-02,HARD QUIZ,,20,30,Total TV avg audience,661000,ABC,False,0.367
AU,voz,1 Free-to-air,Total TV,2026-02-02,HOME AND AWAY,,8,30,Total TV avg audience,1161000,Seven,False,0.767
AU,voz,1 Free-to-air,Total TV,2026-02-02,I’M A CELEBRITY…GET ME OUT OF HERE!,,15,30,Total TV avg audience,795000,10,False,0.533
AU,voz,1 Free-to-air,Total TV,2026-02-02,MARRIED AT FIRST SIGHT,,1,30,Total TV avg audience,2563000,Nine,False,1.0
AU,voz,1 Free-to-air,Total TV,2026-02-02,MEDIA WATCH,,19,30,Total TV avg audience,683000,ABC,False,0.4
AU,voz,1 Free-to-air,Total TV,2026-02-02,MIDSOMER MURDERS,,25,30,Total TV avg audience,572000,ABC,False,0.2
AU,voz,1 Free-to-air,Total TV,2026-02-02,MILLIONAIRE HOT SEAT,,24,30,Total TV avg audience,589000,10,False,0.233
AU,voz,1 Free-to-air,Total TV,2026-02-02,MUSTER DOGS,,23,30,Total TV avg audience,606000,ABC,False,0.267
AU,voz,1 Free-to-air,Total TV,2026-02-02,PLANET AMERICA-LE,,30,30,Total TV avg audience,541000,ABC,False,0.033
AU,voz,1 Free-to-air,Total TV,2026-02-02,SEVEN NEWS,,2,30,Total TV avg audience,1390000,Seven,False,0.967
AU,voz,1 Free-to-air,Total TV,2026-02-02,THE 1% CLUB UK: ROLLOVER,,18,30,Total TV avg audience,703000,Seven,False,0.433
AU,voz,1 Free-to-air,Total TV,2026-02-02,THE CHASE AUSTRALIA,,21,30,Total TV avg audience,651000,Seven,False,0.333
AU,voz,1 Free-to-air,Total TV,2026-02-02,THE WEEKLY WITH CHARLIE PICKERING,,22,30,Total TV avg audience,609000,ABC,False,0.3
AU,voz,1 Free-to-air,Total TV,2026-02-02,TIPPING POINT AUSTRALIA,,17,30,Total TV avg audience,745000,Nine,False,0.467
AU,voz,1 Free-to-air,Total TV,2026-02-02,WINTER OLYMPICS 2026 D0,,12,30,Total TV avg audience,949000,Nine,False,0.633
AU,voz,1 Free-to-air,Total TV,2026-02-02,WINTER OLYMPICS 2026 D1,,7,30,Total TV avg audience,1177000,Nine,False,0.8
AU,voz,1 Free-to-air,Total TV,2026-02-02,WINTER OLYMPICS 2026 D2,,5,30,Total TV avg audience,1288000,Nine,False,0.867
AU,voz,1 Free-to-air,Total TV,2026-02-09,7.30,,19,30,Total TV avg audience,824000,ABC,False,0.4
AU,voz,1 Free-to-air,Total TV,2026-02-09,9NEWS,,3,30,Total TV avg audience,1381000,Nine,False,0.933
AU,voz,1 Free-to-air,Total TV,2026-02-09,9NEWS SATURDAY,,13,30,Total TV avg audience,1038000,Nine,False,0.6
AU,voz,1 Free-to-air,Total TV,2026-02-09,9NEWS SUNDAY,,5,30,Total TV avg audience,1314000,Nine,False,0.867
AU,voz,1 Free-to-air,Total TV,2026-02-09,A CURRENT AFFAIR,,6,30,Total TV avg audience,1153000,Nine,False,0.833
AU,voz,1 Free-to-air,Total TV,2026-02-09,ABC NEWS,,14,30,Total TV avg audience,974000,ABC,False,0.567
AU,voz,1 Free-to-air,Total TV,2026-02-09,AUSTRALIAN IDOL,,9,30,Total TV avg audience,1127000,Seven,False,0.733
AU,voz,1 Free-to-air,Total TV,2026-02-09,AUSTRALIAN STORY,,18,30,Total TV avg audience,851000,ABC,False,0.433
AU,voz,1 Free-to-air,Total TV,2026-02-09,DR KARL’S HOW THINGS WORK,,26,30,Total TV avg audience,593000,ABC,False,0.167
AU,voz,1 Free-to-air,Total TV,2026-02-09,FOUR CORNERS,,29,30,Total TV avg audience,584000,ABC,False,0.067
AU,voz,1 Free-to-air,Total TV,2026-02-09,HARD QUIZ,,28,30,Total TV avg audience,587000,ABC,False,0.1
AU,voz,1 Free-to-air,Total TV,2026-02-09,HOME AND AWAY,,11,30,Total TV avg audience,1071000,Seven,False,0.667
AU,voz,1 Free-to-air,Total TV,2026-02-09,INSIDERS,,27,30,Total TV avg audience,589000,ABC,False,0.133
AU,voz,1 Free-to-air,Total TV,2026-02-09,I’M A CELEBRITY…GET ME OUT OF HERE!,,21,30,Total TV avg audience,722000,10,False,0.333
AU,voz,1 Free-to-air,Total TV,2026-02-09,MARRIED AT FIRST SIGHT,,1,30,Total TV avg audience,2737000,Nine,False,1.0
AU,voz,1 Free-to-air,Total TV,2026-02-09,MEDIA WATCH,,24,30,Total TV avg audience,631000,ABC,False,0.233
AU,voz,1 Free-to-air,Total TV,2026-02-09,PROFESSOR T,,30,30,Total TV avg audience,576000,ABC,False,0.033
AU,voz,1 Free-to-air,Total TV,2026-02-09,SEVEN NEWS,,4,30,Total TV avg audience,1364000,Seven,False,0.9
AU,voz,1 Free-to-air,Total TV,2026-02-09,SEVEN’S AFL: STATE OF ORIGIN: WA V VICTORIA,,17,30,Total TV avg audience,857000,Seven,False,0.467
AU,voz,1 Free-to-air,Total TV,2026-02-09,SUPER BOWL LX: PATRIOTS AT SEAHAWKS,,22,30,Total TV avg audience,684000,Seven,False,0.3
AU,voz,1 Free-to-air,Total TV,2026-02-09,THE 1% CLUB UK,,25,30,Total TV avg audience,621000,Seven,False,0.2
AU,voz,1 Free-to-air,Total TV,2026-02-09,THE CHASE AUSTRALIA,,23,30,Total TV avg audience,635000,Seven,False,0.267
AU,voz,1 Free-to-air,Total TV,2026-02-09,TIPPING POINT AUSTRALIA,,20,30,Total TV avg audience,807000,Nine,False,0.367
AU,voz,1 Free-to-air,Total TV,2026-02-09,WINTER OLYMPICS 2026 D3,,7,30,Total TV avg audience,1146000,Nine,False,0.8
AU,voz,1 Free-to-air,Total TV,2026-02-09,WINTER OLYMPICS 2026 D4,,10,30,Total TV avg audience,1118000,Nine,False,0.7
AU,voz,1 Free-to-air,Total TV,2026-02-09,WINTER OLYMPICS 2026 D5,,12,30,Total TV avg audience,1050000,Nine,False,0.633
AU,voz,1 Free-to-air,Total TV,2026-02-09,WINTER OLYMPICS 2026 D6,,8,30,Total TV avg audience,1142000,Nine,False,0.767
AU,voz,1 Free-to-air,Total TV,2026-02-09,WINTER OLYMPICS 2026 D7,,16,30,Total TV avg audience,885000,Nine,False,0.5
AU,voz,1 Free-to-air,Total TV,2026-02-09,WINTER OLYMPICS 2026 D8,,15,30,Total TV avg audience,963000,Nine,False,0.533
AU,voz,1 Free-to-air,Total TV,2026-02-09,WINTER OLYMPICS 2026 D9,,2,30,Total TV avg audience,1452000,Nine,False,0.967
AU,voz,1 Free-to-air,Total TV,2026-02-16,60 MINUTES,,8,30,Total TV avg audience,1039000,Nine,False,0.767
AU,voz,1 Free-to-air,Total TV,2026-02-16,7.30,,19,30,Total TV avg audience,824000,ABC,False,0.4
AU,voz,1 Free-to-air,Total TV,2026-02-16,9NEWS,,3,30,Total TV avg audience,1380000,Nine,False,0.933
AU,voz,1 Free-to-air,Total TV,2026-02-16,9NEWS SATURDAY,,11,30,Total TV avg audience,993000,Nine,False,0.667
AU,voz,1 Free-to-air,Total TV,2026-02-16,9NEWS SUNDAY,,4,30,Total TV avg audience,1370000,Nine,False,0.9
AU,voz,1 Free-to-air,Total TV,2026-02-16,A CURRENT AFFAIR,,5,30,Total TV avg audience,1229000,Nine,False,0.867
AU,voz,1 Free-to-air,Total TV,2026-02-16,ABC NEWS,,12,30,Total TV avg audience,969000,ABC,False,0.633
AU,voz,1 Free-to-air,Total TV,2026-02-16,ABC NEWS SUNDAY,,14,30,Total TV avg audience,915000,ABC,False,0.567
AU,voz,1 Free-to-air,Total TV,2026-02-16,AUSTRALIAN IDOL,,9,30,Total TV avg audience,1030000,Seven,False,0.733
AU,voz,1 Free-to-air,Total TV,2026-02-16,AUSTRALIAN STORY,,26,30,Total TV avg audience,675000,ABC,False,0.167
AU,voz,1 Free-to-air,Total TV,2026-02-16,FOUR CORNERS,,24,30,Total TV avg audience,691000,ABC,False,0.233
AU,voz,1 Free-to-air,Total TV,2026-02-16,GOGGLEBOX,,21,30,Total TV avg audience,752000,10,False,0.333
AU,voz,1 Free-to-air,Total TV,2026-02-16,HARD QUIZ,,30,30,Total TV avg audience,590000,ABC,False,0.033
AU,voz,1 Free-to-air,Total TV,2026-02-16,HOME AND AWAY,,6,30,Total TV avg audience,1085000,Seven,False,0.833
AU,voz,1 Free-to-air,Total TV,2026-02-16,INSIDERS,,28,30,Total TV avg audience,626000,ABC,False,0.1
AU,voz,1 Free-to-air,Total TV,2026-02-16,I’M A CELEBRITY…GET ME OUT OF HERE!,,25,30,Total TV avg audience,677000,10,False,0.2
AU,voz,1 Free-to-air,Total TV,2026-02-16,I’M A CELEBRITY…GET ME OUT OF HERE! GRAND FINALE,,23,30,Total TV avg audience,699000,10,False,0.267
AU,voz,1 Free-to-air,Total TV,2026-02-16,MARRIED AT FIRST SIGHT,,1,30,Total TV avg audience,3037000,Nine,False,1.0
AU,voz,1 Free-to-air,Total TV,2026-02-16,MEDIA WATCH,,22,30,Total TV avg audience,715000,ABC,False,0.3
AU,voz,1 Free-to-air,Total TV,2026-02-16,SEVEN NEWS,,2,30,Total TV avg audience,1405000,Seven,False,0.967
AU,voz,1 Free-to-air,Total TV,2026-02-16,THE 1% CLUB UK,,27,30,Total TV avg audience,637000,Seven,False,0.133
AU,voz,1 Free-to-air,Total TV,2026-02-16,THE CHASE AUSTRALIA,,29,30,Total TV avg audience,615000,Seven,False,0.067
AU,voz,1 Free-to-air,Total TV,2026-02-16,TIPPING POINT AUSTRALIA,,20,30,Total TV avg audience,773000,Nine,False,0.367
AU,voz,1 Free-to-air,Total TV,2026-02-16,WINTER OLYMPICS 2026 D10,,7,30,Total TV avg audience,1048000,Nine,False,0.8
AU,voz,1 Free-to-air,Total TV,2026-02-16,WINTER OLYMPICS 2026 D11,,13,30,Total TV avg audience,954000,Nine,False,0.6
AU,voz,1 Free-to-air,Total TV,2026-02-16,WINTER OLYMPICS 2026 D12,,10,30,Total TV avg audience,998000,Nine,False,0.7
AU,voz,1 Free-to-air,Total TV,2026-02-16,WINTER OLYMPICS 2026 D13,,18,30,Total TV avg audience,839000,Nine,False,0.433
AU,voz,1 Free-to-air,Total TV,2026-02-16,WINTER OLYMPICS 2026 D14,,16,30,Total TV avg audience,868000,Nine,False,0.5
AU,voz,1 Free-to-air,Total TV,2026-02-16,WINTER OLYMPICS 2026 D15,,15,30,Total TV avg audience,901000,Nine,False,0.533
AU,voz,1 Free-to-air,Total TV,2026-02-16,WINTER OLYMPICS 2026 D16,,17,30,Total TV avg audience,851000,Nine,False,0.467
AU,voz,1 Free-to-air,Total TV,2026-02-23,60 MINUTES,,8,30,Total TV avg audience,1102000,Nine,False,0.767
AU,voz,1 Free-to-air,Total TV,2026-02-23,7.30,,12,30,Total TV avg audience,925000,ABC,False,0.633
AU,voz,1 Free-to-air,Total TV,2026-02-23,9NEWS,,3,30,Total TV avg audience,1401000,Nine,False,0.933
AU,voz,1 Free-to-air,Total TV,2026-02-23,9NEWS SATURDAY,,11,30,Total TV avg audience,954000,Nine,False,0.667
AU,voz,1 Free-to-air,Total TV,2026-02-23,9NEWS SUNDAY,,2,30,Total TV avg audience,1563000,Nine,False,0.967
AU,voz,1 Free-to-air,Total TV,2026-02-23,A CURRENT AFFAIR,,5,30,Total TV avg audience,1220000,Nine,False,0.867
AU,voz,1 Free-to-air,Total TV,2026-02-23,ABC NEWS,,9,30,Total TV avg audience,1000000,ABC,False,0.733
AU,voz,1 Free-to-air,Total TV,2026-02-23,ABC NEWS SUNDAY,,10,30,Total TV avg audience,979000,ABC,False,0.7
AU,voz,1 Free-to-air,Total TV,2026-02-23,AUSTRALIAN IDOL,,7,30,Total TV avg audience,1117000,Seven,False,0.8
AU,voz,1 Free-to-air,Total TV,2026-02-23,AUSTRALIAN STORY,,20,30,Total TV avg audience,674000,ABC,False,0.367
AU,voz,1 Free-to-air,Total TV,2026-02-23,AUSTRALIAN SURVIVOR,,15,30,Total TV avg audience,732000,10,False,0.533
AU,voz,1 Free-to-air,Total TV,2026-02-23,BETTER HOMES AND GARDENS,,29,30,Total TV avg audience,566000,Seven,False,0.067
AU,voz,1 Free-to-air,Total TV,2026-02-23,FOOTBALL: AFC WOMEN’S ASIAN CUP,,22,30,Total TV avg audience,640000,10,False,0.3
AU,voz,1 Free-to-air,Total TV,2026-02-23,FOREIGN CORRESPONDENT,,28,30,Total TV avg audience,573000,ABC,False,0.1
AU,voz,1 Free-to-air,Total TV,2026-02-23,FOUR CORNERS,,18,30,Total TV avg audience,704000,ABC,False,0.433
AU,voz,1 Free-to-air,Total TV,2026-02-23,GARDENING AUSTRALIA,,27,30,Total TV avg audience,594000,ABC,False,0.133
AU,voz,1 Free-to-air,Total TV,2026-02-23,GOGGLEBOX,,14,30,Total TV avg audience,779000,10,False,0.567
AU,voz,1 Free-to-air,Total TV,2026-02-23,HARD QUIZ,,25,30,Total TV avg audience,620000,ABC,False,0.2
AU,voz,1 Free-to-air,Total TV,2026-02-23,HOME AND AWAY,,6,30,Total TV avg audience,1136000,Seven,False,0.833
AU,voz,1 Free-to-air,Total TV,2026-02-23,I AM CHEVY CHASE AND YOU’RE NOT,,30,30,Total TV avg audience,566000,Nine,False,0.033
AU,voz,1 Free-to-air,Total TV,2026-02-23,INSIDERS,,16,30,Total TV avg audience,729000,ABC,False,0.5
AU,voz,1 Free-to-air,Total TV,2026-02-23,MARRIED AT FIRST SIGHT,,1,30,Total TV avg audience,2966000,Nine,False,1.0
AU,voz,1 Free-to-air,Total TV,2026-02-23,MEDIA WATCH,,17,30,Total TV avg audience,707000,ABC,False,0.467
AU,voz,1 Free-to-air,Total TV,2026-02-23,RBT,,23,30,Total TV avg audience,633000,Nine,False,0.267
AU,voz,1 Free-to-air,Total TV,2026-02-23,SEVEN NEWS,,4,30,Total TV avg audience,1379000,Seven,False,0.9
AU,voz,1 Free-to-air,Total TV,2026-02-23,SUNDAY AFTERNOON NRL LIVE,,21,30,Total TV avg audience,666000,Nine,False,0.333
AU,voz,1 Free-to-air,Total TV,2026-02-23,THE 1% CLUB UK,,19,30,Total TV avg audience,704000,Seven,False,0.4
AU,voz,1 Free-to-air,Total TV,2026-02-23,THE CHASE AUSTRALIA,,24,30,Total TV avg audience,627000,Seven,False,0.233
AU,voz,1 Free-to-air,Total TV,2026-02-23,THE WEEKLY WITH CHARLIE PICKERING,,26,30,Total TV avg audience,599000,ABC,False,0.167
AU,voz,1 Free-to-air,Total TV,2026-02-23,TIPPING POINT AUSTRALIA,,13,30,Total TV avg audience,789000,Nine,False,0.6
AU,voz,1 Free-to-air,Total TV,2026-03-02,60 MINUTES,,13,30,Total TV avg audience,896000,Nine,False,0.6
AU,voz,1 Free-to-air,Total TV,2026-03-02,7.30,,9,30,Total TV avg audience,976000,ABC,False,0.733
AU,voz,1 Free-to-air,Total TV,2026-03-02,9NEWS,,3,30,Total TV avg audience,1479000,Nine,False,0.933
AU,voz,1 Free-to-air,Total TV,2026-03-02,9NEWS SATURDAY,,12,30,Total TV avg audience,914000,Nine,False,0.633
AU,voz,1 Free-to-air,Total TV,2026-03-02,9NEWS SUNDAY,,4,30,Total TV avg audience,1415000,Nine,False,0.9
AU,voz,1 Free-to-air,Total TV,2026-03-02,A CURRENT AFFAIR,,5,30,Total TV avg audience,1214000,Nine,False,0.867
AU,voz,1 Free-to-air,Total TV,2026-03-02,ABC NEWS,,7,30,Total TV avg audience,1099000,ABC,False,0.8
AU,voz,1 Free-to-air,Total TV,2026-03-02,ABC NEWS SUNDAY,,14,30,Total TV avg audience,884000,ABC,False,0.567
AU,voz,1 Free-to-air,Total TV,2026-03-02,AUST FIA FORMULA ONE WORLD CHAMPIONSHIP 2026,,11,30,Total TV avg audience,957000,10,False,0.667
AU,voz,1 Free-to-air,Total TV,2026-03-02,AUSTRALIAN IDOL,,8,30,Total TV avg audience,1055000,Seven,False,0.767
AU,voz,1 Free-to-air,Total TV,2026-03-02,AUSTRALIAN SURVIVOR,,25,30,Total TV avg audience,669000,10,False,0.2
AU,voz,1 Free-to-air,Total TV,2026-03-02,BLUE MURDER MOTEL,,22,30,Total TV avg audience,700000,ABC,False,0.3
AU,voz,1 Free-to-air,Total TV,2026-03-02,DIABOLICAL: THE EPSTEIN FILES,,10,30,Total TV avg audience,965000,ABC,False,0.7
AU,voz,1 Free-to-air,Total TV,2026-03-02,FOOTBALL: AFC WOMEN’S ASIAN CUP,,21,30,Total TV avg audience,739000,10,False,0.333
AU,voz,1 Free-to-air,Total TV,2026-03-02,FOREIGN CORRESPONDENT,,30,30,Total TV avg audience,638000,ABC,False,0.033
AU,voz,1 Free-to-air,Total TV,2026-03-02,FRIDAY NIGHT NRL LIVE,,20,30,Total TV avg audience,752000,Nine,False,0.367
AU,voz,1 Free-to-air,Total TV,2026-03-02,HOME AND AWAY,,6,30,Total TV avg audience,1102000,Seven,False,0.833
AU,voz,1 Free-to-air,Total TV,2026-03-02,MARRIED AT FIRST SIGHT,,1,30,Total TV avg audience,2758000,Nine,False,1.0
AU,voz,1 Free-to-air,Total TV,2026-03-02,MEDIA WATCH,,19,30,Total TV avg audience,761000,ABC,False,0.4
AU,voz,1 Free-to-air,Total TV,2026-03-02,NAKED CITY: HITMEN,,26,30,Total TV avg audience,660000,Nine,False,0.167
AU,voz,1 Free-to-air,Total TV,2026-03-02,PLANET AMERICA-LE,,27,30,Total TV avg audience,657000,ABC,False,0.133
AU,voz,1 Free-to-air,Total TV,2026-03-02,SEVEN NEWS,,2,30,Total TV avg audience,1489000,Seven,False,0.967
AU,voz,1 Free-to-air,Total TV,2026-03-02,SEVEN’S AFL: SUNDAY NIGHT FOOTBALL,,29,30,Total TV avg audience,641000,Seven,False,0.067
AU,voz,1 Free-to-air,Total TV,2026-03-02,SEVEN’S AFL: THURSDAY NIGHT FOOTBALL,,17,30,Total TV avg audience,797000,Seven,False,0.467
AU,voz,1 Free-to-air,Total TV,2026-03-02,THE 1% CLUB UK,,16,30,Total TV avg audience,828000,Seven,False,0.5
AU,voz,1 Free-to-air,Total TV,2026-03-02,THE CHASE AUSTRALIA,,24,30,Total TV avg audience,680000,Seven,False,0.233
AU,voz,1 Free-to-air,Total TV,2026-03-02,THE FRONT BAR,,28,30,Total TV avg audience,654000,Seven,False,0.1
AU,voz,1 Free-to-air,Total TV,2026-03-02,THE RECKONING: INSIDE THE EPSTEIN FILES,,15,30,Total TV avg audience,837000,Nine,False,0.533
AU,voz,1 Free-to-air,Total TV,2026-03-02,THURSDAY NIGHT NRL LIVE,,23,30,Total TV avg audience,690000,Nine,False,0.267
AU,voz,1 Free-to-air,Total TV,2026-03-02,TIPPING POINT AUSTRALIA,,18,30,Total TV avg audience,767000,Nine,False,0.433
AU,voz,1 Free-to-air,Total TV,2026-03-09,60 MINUTES,,11,30,Total TV avg audience,860000,Nine,False,0.667
AU,voz,1 Free-to-air,Total TV,2026-03-09,7.30,,9,30,Total TV avg audience,934000,ABC,False,0.733
AU,voz,1 Free-to-air,Total TV,2026-03-09,9NEWS,,3,30,Total TV avg audience,1420000,Nine,False,0.933
AU,voz,1 Free-to-air,Total TV,2026-03-09,9NEWS SATURDAY,,13,30,Total TV avg audience,803000,Nine,False,0.6
AU,voz,1 Free-to-air,Total TV,2026-03-09,9NEWS SUNDAY,,5,30,Total TV avg audience,1198000,Nine,False,0.867
AU,voz,1 Free-to-air,Total TV,2026-03-09,A CURRENT AFFAIR,,6,30,Total TV avg audience,1180000,Nine,False,0.833
AU,voz,1 Free-to-air,Total TV,2026-03-09,ABC NEWS,,8,30,Total TV avg audience,1065000,ABC,False,0.767
AU,voz,1 Free-to-air,Total TV,2026-03-09,ABC NEWS SUNDAY,,10,30,Total TV avg audience,873000,ABC,False,0.7
AU,voz,1 Free-to-air,Total TV,2026-03-09,AUSTRALIAN IDOL,,7,30,Total TV avg audience,1104000,Seven,False,0.8
AU,voz,1 Free-to-air,Total TV,2026-03-09,AUSTRALIAN STORY,,20,30,Total TV avg audience,649000,ABC,False,0.367
AU,voz,1 Free-to-air,Total TV,2026-03-09,AUSTRALIAN SURVIVOR,,22,30,Total TV avg audience,596000,10,False,0.3
AU,voz,1 Free-to-air,Total TV,2026-03-09,BLUE MURDER MOTEL,,29,30,Total TV avg audience,559000,ABC,False,0.067
AU,voz,1 Free-to-air,Total TV,2026-03-09,CAN YOU KEEP A SECRET?,,28,30,Total TV avg audience,562000,ABC,False,0.1
AU,voz,1 Free-to-air,Total TV,2026-03-09,FOOTBALL: AFC WOMEN’S ASIAN CUP,,18,30,Total TV avg audience,653000,10,False,0.433
AU,voz,1 Free-to-air,Total TV,2026-03-09,FOREIGN CORRESPONDENT,,30,30,Total TV avg audience,545000,ABC,False,0.033
AU,voz,1 Free-to-air,Total TV,2026-03-09,FRIDAY NIGHT NRL LIVE,,16,30,Total TV avg audience,717000,Nine,False,0.5
AU,voz,1 Free-to-air,Total TV,2026-03-09,GARDENING AUSTRALIA,,27,30,Total TV avg audience,564000,ABC,False,0.133
AU,voz,1 Free-to-air,Total TV,2026-03-09,GOGGLEBOX,,23,30,Total TV avg audience,593000,10,False,0.267
AU,voz,1 Free-to-air,Total TV,2026-03-09,HOME AND AWAY,,4,30,Total TV avg audience,1205000,Seven,False,0.9
AU,voz,1 Free-to-air,Total TV,2026-03-09,INSIDERS,,24,30,Total TV avg audience,587000,ABC,False,0.233
AU,voz,1 Free-to-air,Total TV,2026-03-09,MARRIED AT FIRST SIGHT,,1,30,Total TV avg audience,2741000,Nine,False,1.0
AU,voz,1 Free-to-air,Total TV,2026-03-09,MEDIA WATCH,,26,30,Total TV avg audience,576000,ABC,False,0.167
AU,voz,1 Free-to-air,Total TV,2026-03-09,NAKED CITY: HITMEN,,21,30,Total TV avg audience,643000,Nine,False,0.333
AU,voz,1 Free-to-air,Total TV,2026-03-09,SEVEN NEWS,,2,30,Total TV avg audience,1477000,Seven,False,0.967
AU,voz,1 Free-to-air,Total TV,2026-03-09,SEVEN’S AFL: THURSDAY NIGHT FOOTBALL,,19,30,Total TV avg audience,653000,Seven,False,0.4
AU,voz,1 Free-to-air,Total TV,2026-03-09,THE CHASE AUSTRALIA,,17,30,Total TV avg audience,660000,Seven,False,0.467
AU,voz,1 Free-to-air,Total TV,2026-03-09,THE PIANO,,12,30,Total TV avg audience,855000,ABC,False,0.633
AU,voz,1 Free-to-air,Total TV,2026-03-09,THE WEEKLY WITH CHARLIE PICKERING,,25,30,Total TV avg audience,579000,ABC,False,0.2
AU,voz,1 Free-to-air,Total TV,2026-03-09,THURSDAY NIGHT NRL LIVE,,15,30,Total TV avg audience,782000,Nine,False,0.533
AU,voz,1 Free-to-air,Total TV,2026-03-09,TIPPING POINT AUSTRALIA,,14,30,Total TV avg audience,790000,Nine,False,0.567
AU,voz,1 Free-to-air,Total TV,2026-03-16,60 MINUTES,,10,30,Total TV avg audience,932000,Nine,False,0.7
AU,voz,1 Free-to-air,Total TV,2026-03-16,7.30,,11,30,Total TV avg audience,900000,ABC,False,0.667
AU,voz,1 Free-to-air,Total TV,2026-03-16,9NEWS,,5,30,Total TV avg audience,1294000,Nine,False,0.867
AU,voz,1 Free-to-air,Total TV,2026-03-16,9NEWS SATURDAY,,14,30,Total TV avg audience,856000,Nine,False,0.567
AU,voz,1 Free-to-air,Total TV,2026-03-16,9NEWS SUNDAY,,4,30,Total TV avg audience,1306000,Nine,False,0.9
AU,voz,1 Free-to-air,Total TV,2026-03-16,A CURRENT AFFAIR,,6,30,Total TV avg audience,1174000,Nine,False,0.833
AU,voz,1 Free-to-air,Total TV,2026-03-16,ABC NEWS,,9,30,Total TV avg audience,1016000,ABC,False,0.733
AU,voz,1 Free-to-air,Total TV,2026-03-16,ABC NEWS SUNDAY,,12,30,Total TV avg audience,893000,ABC,False,0.633
AU,voz,1 Free-to-air,Total TV,2026-03-16,AUSTRALIAN IDOL,,8,30,Total TV avg audience,1144000,Seven,False,0.767
AU,voz,1 Free-to-air,Total TV,2026-03-16,AUSTRALIAN STORY,,19,30,Total TV avg audience,672000,ABC,False,0.4
AU,voz,1 Free-to-air,Total TV,2026-03-16,AUSTRALIAN SURVIVOR,,28,30,Total TV avg audience,596000,10,False,0.1
AU,voz,1 Free-to-air,Total TV,2026-03-16,FOOTBALL: AFC WOMEN’S ASIAN CUP,,3,30,Total TV avg audience,1370000,10,False,0.933
AU,voz,1 Free-to-air,Total TV,2026-03-16,FOUR CORNERS,,24,30,Total TV avg audience,644000,ABC,False,0.233
AU,voz,1 Free-to-air,Total TV,2026-03-16,FRIDAY NIGHT NRL LIVE,,29,30,Total TV avg audience,596000,Nine,False,0.067
AU,voz,1 Free-to-air,Total TV,2026-03-16,GARDENING AUSTRALIA,,30,30,Total TV avg audience,566000,ABC,False,0.033
AU,voz,1 Free-to-air,Total TV,2026-03-16,GOGGLEBOX,,21,30,Total TV avg audience,661000,10,False,0.333
AU,voz,1 Free-to-air,Total TV,2026-03-16,HOME AND AWAY,,7,30,Total TV avg audience,1165000,Seven,False,0.8
AU,voz,1 Free-to-air,Total TV,2026-03-16,INSIDERS,,22,30,Total TV avg audience,653000,ABC,False,0.3
AU,voz,1 Free-to-air,Total TV,2026-03-16,MARRIED AT FIRST SIGHT,,1,30,Total TV avg audience,2610000,Nine,False,1.0
AU,voz,1 Free-to-air,Total TV,2026-03-16,MEDIA WATCH,,18,30,Total TV avg audience,736000,ABC,False,0.433
AU,voz,1 Free-to-air,Total TV,2026-03-16,NAKED CITY: HITMEN,,26,30,Total TV avg audience,629000,Nine,False,0.167
AU,voz,1 Free-to-air,Total TV,2026-03-16,PLANET AMERICA-LE,,27,30,Total TV avg audience,626000,ABC,False,0.133
AU,voz,1 Free-to-air,Total TV,2026-03-16,SEVEN NEWS,,2,30,Total TV avg audience,1426000,Seven,False,0.967
AU,voz,1 Free-to-air,Total TV,2026-03-16,SEVEN’S AFL: FRIDAY NIGHT FOOTBALL,,20,30,Total TV avg audience,669000,Seven,False,0.367
AU,voz,1 Free-to-air,Total TV,2026-03-16,SEVEN’S AFL: THURSDAY NIGHT FOOTBALL,,17,30,Total TV avg audience,751000,Seven,False,0.467
AU,voz,1 Free-to-air,Total TV,2026-03-16,THE 1% CLUB UK,,13,30,Total TV avg audience,870000,Seven,False,0.6
AU,voz,1 Free-to-air,Total TV,2026-03-16,THE CHASE AUSTRALIA,,23,30,Total TV avg audience,653000,Seven,False,0.267
AU,voz,1 Free-to-air,Total TV,2026-03-16,THE FRONT BAR,,25,30,Total TV avg audience,638000,Seven,False,0.2
AU,voz,1 Free-to-air,Total TV,2026-03-16,THE PIANO,,16,30,Total TV avg audience,768000,ABC,False,0.5
AU,voz,1 Free-to-air,Total TV,2026-03-16,TIPPING POINT AUSTRALIA,,15,30,Total TV avg audience,784000,Nine,False,0.533
AU,voz,1 Free-to-air,Total TV,2026-03-23,60 MINUTES,,12,30,Total TV avg audience,903000,Nine,False,0.633
AU,voz,1 Free-to-air,Total TV,2026-03-23,7.30,,13,30,Total TV avg audience,844000,ABC,False,0.6
AU,voz,1 Free-to-air,Total TV,2026-03-23,9NEWS,,3,30,Total TV avg audience,1404000,Nine,False,0.933
AU,voz,1 Free-to-air,Total TV,2026-03-23,9NEWS SATURDAY,,10,30,Total TV avg audience,926000,Nine,False,0.7
AU,voz,1 Free-to-air,Total TV,2026-03-23,9NEWS SUNDAY,,4,30,Total TV avg audience,1342000,Nine,False,0.9
AU,voz,1 Free-to-air,Total TV,2026-03-23,A CURRENT AFFAIR,,5,30,Total TV avg audience,1280000,Nine,False,0.867
AU,voz,1 Free-to-air,Total TV,2026-03-23,ABC NEWS,,8,30,Total TV avg audience,971000,ABC,False,0.767
AU,voz,1 Free-to-air,Total TV,2026-03-23,ABC NEWS SUNDAY,,11,30,Total TV avg audience,920000,ABC,False,0.667
AU,voz,1 Free-to-air,Total TV,2026-03-23,AUSTRALIAN IDOL,,7,30,Total TV avg audience,1131000,Seven,False,0.8
AU,voz,1 Free-to-air,Total TV,2026-03-23,AUSTRALIAN STORY,,24,30,Total TV avg audience,658000,ABC,False,0.233
AU,voz,1 Free-to-air,Total TV,2026-03-23,AUSTRALIAN SURVIVOR,,29,30,Total TV avg audience,611000,10,False,0.067
AU,voz,1 Free-to-air,Total TV,2026-03-23,FOUR CORNERS,,17,30,Total TV avg audience,731000,ABC,False,0.467
AU,voz,1 Free-to-air,Total TV,2026-03-23,FRIDAY NIGHT NRL LIVE,,18,30,Total TV avg audience,729000,Nine,False,0.433
AU,voz,1 Free-to-air,Total TV,2026-03-23,GARDENING AUSTRALIA,,27,30,Total TV avg audience,626000,ABC,False,0.133
AU,voz,1 Free-to-air,Total TV,2026-03-23,GOGGLEBOX,,28,30,Total TV avg audience,626000,10,False,0.1
AU,voz,1 Free-to-air,Total TV,2026-03-23,HOME AND AWAY,,6,30,Total TV avg audience,1190000,Seven,False,0.833
AU,voz,1 Free-to-air,Total TV,2026-03-23,INSIDERS,,25,30,Total TV avg audience,655000,ABC,False,0.2
AU,voz,1 Free-to-air,Total TV,2026-03-23,MARRIED AT FIRST SIGHT,,1,30,Total TV avg audience,2644000,Nine,False,1.0
AU,voz,1 Free-to-air,Total TV,2026-03-23,MEDIA WATCH,,16,30,Total TV avg audience,786000,ABC,False,0.5
AU,voz,1 Free-to-air,Total TV,2026-03-23,PATIENCE,,9,30,Total TV avg audience,971000,ABC,False,0.733
AU,voz,1 Free-to-air,Total TV,2026-03-23,PLANET AMERICA-LE,,26,30,Total TV avg audience,649000,ABC,False,0.167
AU,voz,1 Free-to-air,Total TV,2026-03-23,SEVEN NEWS,,2,30,Total TV avg audience,1441000,Seven,False,0.967
AU,voz,1 Free-to-air,Total TV,2026-03-23,SEVEN’S AFL: FRIDAY NIGHT FOOTBALL,,30,30,Total TV avg audience,565000,Seven,False,0.033
AU,voz,1 Free-to-air,Total TV,2026-03-23,SEVEN’S AFL: THURSDAY NIGHT FOOTBALL,,23,30,Total TV avg audience,661000,Seven,False,0.267
AU,voz,1 Free-to-air,Total TV,2026-03-23,THE 1% CLUB UK,,14,30,Total TV avg audience,834000,Seven,False,0.567
AU,voz,1 Free-to-air,Total TV,2026-03-23,THE CHASE AUSTRALIA,,21,30,Total TV avg audience,690000,Seven,False,0.333
AU,voz,1 Free-to-air,Total TV,2026-03-23,THE FRONT BAR,,22,30,Total TV avg audience,666000,Seven,False,0.3
AU,voz,1 Free-to-air,Total TV,2026-03-23,THE PIANO,,19,30,Total TV avg audience,704000,ABC,False,0.4
AU,voz,1 Free-to-air,Total TV,2026-03-23,THURSDAY NIGHT NRL LIVE,,20,30,Total TV avg audience,702000,Nine,False,0.367
AU,voz,1 Free-to-air,Total TV,2026-03-23,TIPPING POINT AUSTRALIA,,15,30,Total TV avg audience,791000,Nine,False,0.533
AU,voz,1 Free-to-air,Total TV,2026-03-30,60 MINUTES,,12,30,Total TV avg audience,877000,Nine,False,0.633
AU,voz,1 Free-to-air,Total TV,2026-03-30,7.30,,9,30,Total TV avg audience,992000,ABC,False,0.733
AU,voz,1 Free-to-air,Total TV,2026-03-30,9NEWS,,3,30,Total TV avg audience,1469000,Nine,False,0.933
AU,voz,1 Free-to-air,Total TV,2026-03-30,9NEWS SATURDAY,,11,30,Total TV avg audience,880000,Nine,False,0.667
AU,voz,1 Free-to-air,Total TV,2026-03-30,9NEWS SUNDAY,,6,30,Total TV avg audience,1250000,Nine,False,0.833
AU,voz,1 Free-to-air,Total TV,2026-03-30,A CURRENT AFFAIR,,4,30,Total TV avg audience,1299000,Nine,False,0.9
AU,voz,1 Free-to-air,Total TV,2026-03-30,ABC NATIONAL NEWS,,10,30,Total TV avg audience,886000,ABC,False,0.7
AU,voz,1 Free-to-air,Total TV,2026-03-30,ABC NEWS,,7,30,Total TV avg audience,1112000,ABC,False,0.8
AU,voz,1 Free-to-air,Total TV,2026-03-30,ABC NEWS SUNDAY,,19,30,Total TV avg audience,737000,ABC,False,0.4
AU,voz,1 Free-to-air,Total TV,2026-03-30,AUSTRALIAN IDOL,,8,30,Total TV avg audience,1092000,Seven,False,0.767
AU,voz,1 Free-to-air,Total TV,2026-03-30,AUSTRALIAN STORY,,13,30,Total TV avg audience,858000,ABC,False,0.6
AU,voz,1 Free-to-air,Total TV,2026-03-30,AUSTRALIAN SURVIVOR,,26,30,Total TV avg audience,619000,10,False,0.167
AU,voz,1 Free-to-air,Total TV,2026-03-30,FOREIGN CORRESPONDENT,,24,30,Total TV avg audience,638000,ABC,False,0.233
AU,voz,1 Free-to-air,Total TV,2026-03-30,FOUR CORNERS,,20,30,Total TV avg audience,725000,ABC,False,0.367
AU,voz,1 Free-to-air,Total TV,2026-03-30,FRIDAY NIGHT NRL LIVE,,22,30,Total TV avg audience,687000,Nine,False,0.3
AU,voz,1 Free-to-air,Total TV,2026-03-30,GARDENING AUSTRALIA,,29,30,Total TV avg audience,613000,ABC,False,0.067
AU,voz,1 Free-to-air,Total TV,2026-03-30,GOGGLEBOX,,30,30,Total TV avg audience,608000,10,False,0.033
AU,voz,1 Free-to-air,Total TV,2026-03-30,HOME AND AWAY,,5,30,Total TV avg audience,1289000,Seven,False,0.867
AU,voz,1 Free-to-air,Total TV,2026-03-30,MARRIED AT FIRST SIGHT,,1,30,Total TV avg audience,2671000,Nine,False,1.0
AU,voz,1 Free-to-air,Total TV,2026-03-30,MEDIA WATCH,,17,30,Total TV avg audience,773000,ABC,False,0.467
AU,voz,1 Free-to-air,Total TV,2026-03-30,PATIENCE,,16,30,Total TV avg audience,809000,ABC,False,0.5
AU,voz,1 Free-to-air,Total TV,2026-03-30,PLANET AMERICA-LE,,28,30,Total TV avg audience,616000,ABC,False,0.1
AU,voz,1 Free-to-air,Total TV,2026-03-30,SEVEN NEWS,,2,30,Total TV avg audience,1531000,Seven,False,0.967
AU,voz,1 Free-to-air,Total TV,2026-03-30,SEVEN’S AFL: THURSDAY NIGHT FOOTBALL,,23,30,Total TV avg audience,651000,Seven,False,0.267
AU,voz,1 Free-to-air,Total TV,2026-03-30,THE 1% CLUB UK,,14,30,Total TV avg audience,850000,Seven,False,0.567
AU,voz,1 Free-to-air,Total TV,2026-03-30,THE CHASE AUSTRALIA,,21,30,Total TV avg audience,693000,Seven,False,0.333
AU,voz,1 Free-to-air,Total TV,2026-03-30,THE FRONT BAR,,25,30,Total TV avg audience,638000,Seven,False,0.2
AU,voz,1 Free-to-air,Total TV,2026-03-30,THE PIANO,,27,30,Total TV avg audience,617000,ABC,False,0.133
AU,voz,1 Free-to-air,Total TV,2026-03-30,TIPPING POINT AUSTRALIA,,15,30,Total TV avg audience,810000,Nine,False,0.533
AU,voz,1 Free-to-air,Total TV,2026-03-30,TIPPING POINT: CELEBRITY SPECIAL,,18,30,Total TV avg audience,754000,Nine,False,0.433
AU,voz,1 Free-to-air,Total TV,2026-04-06,60 MINUTES,,11,30,Total TV avg audience,896000,Nine,False,0.667
AU,voz,1 Free-to-air,Total TV,2026-04-06,7.30,,10,30,Total TV avg audience,898000,ABC,False,0.7
AU,voz,1 Free-to-air,Total TV,2026-04-06,9NEWS,,4,30,Total TV avg audience,1443000,Nine,False,0.9
AU,voz,1 Free-to-air,Total TV,2026-04-06,9NEWS SATURDAY,,9,30,Total TV avg audience,1032000,Nine,False,0.733
AU,voz,1 Free-to-air,Total TV,2026-04-06,9NEWS SUNDAY,,3,30,Total TV avg audience,1531000,Nine,False,0.933
AU,voz,1 Free-to-air,Total TV,2026-04-06,A CURRENT AFFAIR,,5,30,Total TV avg audience,1339000,Nine,False,0.867
AU,voz,1 Free-to-air,Total TV,2026-04-06,ABC NEWS,,8,30,Total TV avg audience,1052000,ABC,False,0.767
AU,voz,1 Free-to-air,Total TV,2026-04-06,ABC NEWS SUNDAY,,12,30,Total TV avg audience,864000,ABC,False,0.633
AU,voz,1 Free-to-air,Total TV,2026-04-06,AUSTRALIAN IDOL,,7,30,Total TV avg audience,1104000,Seven,False,0.8
AU,voz,1 Free-to-air,Total TV,2026-04-06,AUSTRALIAN STORY,,15,30,Total TV avg audience,806000,ABC,False,0.533
AU,voz,1 Free-to-air,Total TV,2026-04-06,AUSTRALIAN SURVIVOR,,29,30,Total TV avg audience,624000,10,False,0.067
AU,voz,1 Free-to-air,Total TV,2026-04-06,FOREIGN CORRESPONDENT,,30,30,Total TV avg audience,611000,ABC,False,0.033
AU,voz,1 Free-to-air,Total TV,2026-04-06,FOUR CORNERS,,19,30,Total TV avg audience,712000,ABC,False,0.4
AU,voz,1 Free-to-air,Total TV,2026-04-06,FRIDAY NIGHT NRL LIVE,,20,30,Total TV avg audience,697000,Nine,False,0.367
AU,voz,1 Free-to-air,Total TV,2026-04-06,GOGGLEBOX,,25,30,Total TV avg audience,682000,10,False,0.2
AU,voz,1 Free-to-air,Total TV,2026-04-06,HOME AND AWAY,,6,30,Total TV avg audience,1205000,Seven,False,0.833
AU,voz,1 Free-to-air,Total TV,2026-04-06,MARRIED AT FIRST SIGHT,,1,30,Total TV avg audience,2677000,Nine,False,1.0
AU,voz,1 Free-to-air,Total TV,2026-04-06,PATIENCE,,28,30,Total TV avg audience,654000,ABC,False,0.1
AU,voz,1 Free-to-air,Total TV,2026-04-06,PLANET AMERICA-LE,,24,30,Total TV avg audience,695000,ABC,False,0.233
AU,voz,1 Free-to-air,Total TV,2026-04-06,SEVEN NEWS,,2,30,Total TV avg audience,1618000,Seven,False,0.967
AU,voz,1 Free-to-air,Total TV,2026-04-06,SEVEN’S AFL: FRIDAY NIGHT FOOTBALL,,16,30,Total TV avg audience,775000,Seven,False,0.5
AU,voz,1 Free-to-air,Total TV,2026-04-06,SEVEN’S AFL: MONDAY AFTERNOON FOOTBALL,,26,30,Total TV avg audience,677000,Seven,False,0.167
AU,voz,1 Free-to-air,Total TV,2026-04-06,SEVEN’S AFL: THURSDAY NIGHT FOOTBALL,,21,30,Total TV avg audience,696000,Seven,False,0.333
AU,voz,1 Free-to-air,Total TV,2026-04-06,THE 1% CLUB UK,,13,30,Total TV avg audience,864000,Seven,False,0.6
AU,voz,1 Free-to-air,Total TV,2026-04-06,THE CHASE AUSTRALIA,,22,30,Total TV avg audience,696000,Seven,False,0.3
AU,voz,1 Free-to-air,Total TV,2026-04-06,THE FRONT BAR,,23,30,Total TV avg audience,696000,Seven,False,0.267
AU,voz,1 Free-to-air,Total TV,2026-04-06,THE PIANO,,27,30,Total TV avg audience,657000,ABC,False,0.133
AU,voz,1 Free-to-air,Total TV,2026-04-06,THURSDAY NIGHT NRL LIVE,,18,30,Total TV avg audience,728000,Nine,False,0.433
AU,voz,1 Free-to-air,Total TV,2026-04-06,TIPPING POINT AUSTRALIA,,14,30,Total TV avg audience,856000,Nine,False,0.567
AU,voz,1 Free-to-air,Total TV,2026-04-06,TRAVEL GUIDES,,17,30,Total TV avg audience,766000,Nine,False,0.467
AU,voz,1 Free-to-air,Total TV,2026-04-13,60 MINUTES,,19,30,Total TV avg audience,762000,Nine,False,0.4
AU,voz,1 Free-to-air,Total TV,2026-04-13,7.30,,16,30,Total TV avg audience,872000,ABC,False,0.5
AU,voz,1 Free-to-air,Total TV,2026-04-13,7NEWS SPOTLIGHT,,17,30,Total TV avg audience,869000,Seven,False,0.467
AU,voz,1 Free-to-air,Total TV,2026-04-13,9NEWS,,3,30,Total TV avg audience,1498000,Nine,False,0.933
AU,voz,1 Free-to-air,Total TV,2026-04-13,9NEWS SATURDAY,,15,30,Total TV avg audience,881000,Nine,False,0.533
AU,voz,1 Free-to-air,Total TV,2026-04-13,9NEWS SUNDAY,,4,30,Total TV avg audience,1442000,Nine,False,0.9
AU,voz,1 Free-to-air,Total TV,2026-04-13,A CURRENT AFFAIR,,5,30,Total TV avg audience,1379000,Nine,False,0.867
AU,voz,1 Free-to-air,Total TV,2026-04-13,ABC NEWS,,9,30,Total TV avg audience,1030000,ABC,False,0.733
AU,voz,1 Free-to-air,Total TV,2026-04-13,ABC NEWS SUNDAY,,14,30,Total TV avg audience,883000,ABC,False,0.567
AU,voz,1 Free-to-air,Total TV,2026-04-13,AUSTRALIAN IDOL,,7,30,Total TV avg audience,1233000,Seven,False,0.8
AU,voz,1 Free-to-air,Total TV,2026-04-13,AUSTRALIAN STORY,,18,30,Total TV avg audience,774000,ABC,False,0.433
AU,voz,1 Free-to-air,Total TV,2026-04-13,AUSTRALIAN SURVIVOR,,30,30,Total TV avg audience,613000,10,False,0.033
AU,voz,1 Free-to-air,Total TV,2026-04-13,EVENTS THAT CHANGED AUSTRALIA,,25,30,Total TV avg audience,685000,Nine,False,0.2
AU,voz,1 Free-to-air,Total TV,2026-04-13,HOME AND AWAY,,6,30,Total TV avg audience,1234000,Seven,False,0.833
AU,voz,1 Free-to-air,Total TV,2026-04-13,MARRIED AT FIRST SIGHT,,1,30,Total TV avg audience,2735000,Nine,False,1.0
AU,voz,1 Free-to-air,Total TV,2026-04-13,MASTERCHEF AUSTRALIA,,11,30,Total TV avg audience,936000,10,False,0.667
AU,voz,1 Free-to-air,Total TV,2026-04-13,MEDIA WATCH,,24,30,Total TV avg audience,709000,ABC,False,0.233
AU,voz,1 Free-to-air,Total TV,2026-04-13,PATIENCE,,29,30,Total TV avg audience,614000,ABC,False,0.067
AU,voz,1 Free-to-air,Total TV,2026-04-13,PLANET AMERICA-LE,,27,30,Total TV avg audience,673000,ABC,False,0.133
AU,voz,1 Free-to-air,Total TV,2026-04-13,SEVEN NEWS,,2,30,Total TV avg audience,1580000,Seven,False,0.967
AU,voz,1 Free-to-air,Total TV,2026-04-13,SEVEN’S AFL: THURSDAY NIGHT FOOTBALL,,20,30,Total TV avg audience,737000,Seven,False,0.367
AU,voz,1 Free-to-air,Total TV,2026-04-13,THE 1% CLUB,,10,30,Total TV avg audience,1015000,Seven,False,0.7
AU,voz,1 Free-to-air,Total TV,2026-04-13,THE 1% CLUB UK,,12,30,Total TV avg audience,936000,Seven,False,0.633
AU,voz,1 Free-to-air,Total TV,2026-04-13,THE CHASE AUSTRALIA,,21,30,Total TV avg audience,733000,Seven,False,0.333
AU,voz,1 Free-to-air,Total TV,2026-04-13,THE FLOOR,,8,30,Total TV avg audience,1131000,Nine,False,0.767
AU,voz,1 Free-to-air,Total TV,2026-04-13,THE FRONT BAR,,26,30,Total TV avg audience,682000,Seven,False,0.167
AU,voz,1 Free-to-air,Total TV,2026-04-13,THE PIANO,,23,30,Total TV avg audience,712000,ABC,False,0.267
AU,voz,1 Free-to-air,Total TV,2026-04-13,THURSDAY NIGHT NRL LIVE,,28,30,Total TV avg audience,642000,Nine,False,0.1
AU,voz,1 Free-to-air,Total TV,2026-04-13,TIPPING POINT AUSTRALIA,,13,30,Total TV avg audience,897000,Nine,False,0.6
AU,voz,1 Free-to-air,Total TV,2026-04-13,TRAVEL GUIDES,,22,30,Total TV avg audience,724000,Nine,False,0.3
AU,voz,1 Free-to-air,Total TV,2026-04-20,60 MINUTES,,21,30,Total TV avg audience,757000,Nine,False,0.333
AU,voz,1 Free-to-air,Total TV,2026-04-20,7.30,,11,30,Total TV avg audience,904000,ABC,False,0.667
AU,voz,1 Free-to-air,Total TV,2026-04-20,9NEWS,,2,30,Total TV avg audience,1413000,Nine,False,0.967
AU,voz,1 Free-to-air,Total TV,2026-04-20,9NEWS SATURDAY,,9,30,Total TV avg audience,988000,Nine,False,0.733
AU,voz,1 Free-to-air,Total TV,2026-04-20,9NEWS SUNDAY,,3,30,Total TV avg audience,1367000,Nine,False,0.933
AU,voz,1 Free-to-air,Total TV,2026-04-20,A CURRENT AFFAIR,,6,30,Total TV avg audience,1138000,Nine,False,0.833
AU,voz,1 Free-to-air,Total TV,2026-04-20,ABC NEWS,,8,30,Total TV avg audience,1066000,ABC,False,0.767
AU,voz,1 Free-to-air,Total TV,2026-04-20,ABC NEWS SUNDAY,,19,30,Total TV avg audience,823000,ABC,False,0.4
AU,voz,1 Free-to-air,Total TV,2026-04-20,AUSTRALIAN STORY,,12,30,Total TV avg audience,891000,ABC,False,0.633
AU,voz,1 Free-to-air,Total TV,2026-04-20,BAD COMPANY,,16,30,Total TV avg audience,875000,ABC,False,0.5
AU,voz,1 Free-to-air,Total TV,2026-04-20,EVENTS THAT CHANGED AUSTRALIA,,27,30,Total TV avg audience,661000,Nine,False,0.133
AU,voz,1 Free-to-air,Total TV,2026-04-20,FOUR CORNERS,,17,30,Total TV avg audience,854000,ABC,False,0.467
AU,voz,1 Free-to-air,Total TV,2026-04-20,FRIDAY NIGHT NRL LIVE,,24,30,Total TV avg audience,706000,Nine,False,0.233
AU,voz,1 Free-to-air,Total TV,2026-04-20,GLENN & MICK’S CELEBRITY INTERVENTION,,10,30,Total TV avg audience,948000,Seven,False,0.7
AU,voz,1 Free-to-air,Total TV,2026-04-20,GOGGLEBOX,,26,30,Total TV avg audience,673000,10,False,0.167
AU,voz,1 Free-to-air,Total TV,2026-04-20,HOME AND AWAY,,5,30,Total TV avg audience,1195000,Seven,False,0.867
AU,voz,1 Free-to-air,Total TV,2026-04-20,MASTERCHEF AUSTRALIA,,13,30,Total TV avg audience,888000,10,False,0.6
AU,voz,1 Free-to-air,Total TV,2026-04-20,MEDIA WATCH,,20,30,Total TV avg audience,816000,ABC,False,0.367
AU,voz,1 Free-to-air,Total TV,2026-04-20,MY RENO RULES,,15,30,Total TV avg audience,883000,Seven,False,0.533
AU,voz,1 Free-to-air,Total TV,2026-04-20,PLANET AMERICA-LE,,23,30,Total TV avg audience,716000,ABC,False,0.267
AU,voz,1 Free-to-air,Total TV,2026-04-20,SEVEN NEWS,,1,30,Total TV avg audience,1544000,Seven,False,1.0
AU,voz,1 Free-to-air,Total TV,2026-04-20,SEVEN’S AFL: ANZAC DAY FOOTBALL,,25,30,Total TV avg audience,704000,Seven,False,0.2
AU,voz,1 Free-to-air,Total TV,2026-04-20,SEVEN’S AFL: FRIDAY NIGHT FOOTBALL,,28,30,Total TV avg audience,661000,Seven,False,0.1
AU,voz,1 Free-to-air,Total TV,2026-04-20,SEVEN’S AFL: THURSDAY NIGHT FOOTBALL,,29,30,Total TV avg audience,655000,Seven,False,0.067
AU,voz,1 Free-to-air,Total TV,2026-04-20,THE 1% CLUB,,14,30,Total TV avg audience,887000,Seven,False,0.567
AU,voz,1 Free-to-air,Total TV,2026-04-20,THE CHASE AUSTRALIA,,22,30,Total TV avg audience,719000,Seven,False,0.3
AU,voz,1 Free-to-air,Total TV,2026-04-20,THE FLOOR,,7,30,Total TV avg audience,1123000,Nine,False,0.8
AU,voz,1 Free-to-air,Total TV,2026-04-20,THURSDAY NIGHT NRL LIVE,,30,30,Total TV avg audience,641000,Nine,False,0.033
AU,voz,1 Free-to-air,Total TV,2026-04-20,TIPPING POINT AUSTRALIA,,18,30,Total TV avg audience,826000,Nine,False,0.433
AU,voz,1 Free-to-air,Total TV,2026-04-20,TRAVEL GUIDES,,4,30,Total TV avg audience,1209000,Nine,False,0.9
AU,voz,1 Free-to-air,Total TV,2026-04-27,60 MINUTES,,25,30,Total TV avg audience,702000,Nine,False,0.2
AU,voz,1 Free-to-air,Total TV,2026-04-27,7.30,,11,30,Total TV avg audience,879000,ABC,False,0.667
AU,voz,1 Free-to-air,Total TV,2026-04-27,7NEWS SPOTLIGHT,,29,30,Total TV avg audience,659000,Seven,False,0.067
AU,voz,1 Free-to-air,Total TV,2026-04-27,9NEWS,,2,30,Total TV avg audience,1369000,Nine,False,0.967
AU,voz,1 Free-to-air,Total TV,2026-04-27,9NEWS SATURDAY,,10,30,Total TV avg audience,907000,Nine,False,0.7
AU,voz,1 Free-to-air,Total TV,2026-04-27,9NEWS SUNDAY,,3,30,Total TV avg audience,1217000,Nine,False,0.933
AU,voz,1 Free-to-air,Total TV,2026-04-27,A CURRENT AFFAIR,,5,30,Total TV avg audience,1076000,Nine,False,0.867
AU,voz,1 Free-to-air,Total TV,2026-04-27,ABC NEWS,,7,30,Total TV avg audience,1034000,ABC,False,0.8
AU,voz,1 Free-to-air,Total TV,2026-04-27,ABC NEWS SUNDAY,,17,30,Total TV avg audience,804000,ABC,False,0.467
AU,voz,1 Free-to-air,Total TV,2026-04-27,BAD COMPANY,,24,30,Total TV avg audience,709000,ABC,False,0.233
AU,voz,1 Free-to-air,Total TV,2026-04-27,DEATH IN PARADISE,,14,30,Total TV avg audience,837000,ABC,False,0.567
AU,voz,1 Free-to-air,Total TV,2026-04-27,EVENTS THAT CHANGED AUSTRALIA,,22,30,Total TV avg audience,729000,Nine,False,0.3
AU,voz,1 Free-to-air,Total TV,2026-04-27,FOREIGN CORRESPONDENT,,28,30,Total TV avg audience,667000,ABC,False,0.1
AU,voz,1 Free-to-air,Total TV,2026-04-27,FOUR CORNERS,,30,30,Total TV avg audience,641000,ABC,False,0.033
AU,voz,1 Free-to-air,Total TV,2026-04-27,GLENN & MICK’S CELEBRITY INTERVENTION,,15,30,Total TV avg audience,834000,Seven,False,0.533
AU,voz,1 Free-to-air,Total TV,2026-04-27,GRUEN,,16,30,Total TV avg audience,818000,ABC,False,0.5
AU,voz,1 Free-to-air,Total TV,2026-04-27,HOME AND AWAY,,4,30,Total TV avg audience,1208000,Seven,False,0.9
AU,voz,1 Free-to-air,Total TV,2026-04-27,MASTERCHEF AUSTRALIA,,9,30,Total TV avg audience,920000,10,False,0.733
AU,voz,1 Free-to-air,Total TV,2026-04-27,MEDIA WATCH,,21,30,Total TV avg audience,775000,ABC,False,0.333
AU,voz,1 Free-to-air,Total TV,2026-04-27,MY RENO RULES,,23,30,Total TV avg audience,716000,Seven,False,0.267
AU,voz,1 Free-to-air,Total TV,2026-04-27,PLANET AMERICA-LE,,27,30,Total TV avg audience,669000,ABC,False,0.133
AU,voz,1 Free-to-air,Total TV,2026-04-27,SEVEN NEWS,,1,30,Total TV avg audience,1573000,Seven,False,1.0
AU,voz,1 Free-to-air,Total TV,2026-04-27,SEVEN’S AFL: FRIDAY NIGHT FOOTBALL,,26,30,Total TV avg audience,675000,Seven,False,0.167
AU,voz,1 Free-to-air,Total TV,2026-04-27,SEVEN’S AFL: THURSDAY NIGHT FOOTBALL,,19,30,Total TV avg audience,782000,Seven,False,0.4
AU,voz,1 Free-to-air,Total TV,2026-04-27,THE 1% CLUB,,12,30,Total TV avg audience,867000,Seven,False,0.633
AU,voz,1 Free-to-air,Total TV,2026-04-27,THE CHASE AUSTRALIA,,18,30,Total TV avg audience,784000,Seven,False,0.433
AU,voz,1 Free-to-air,Total TV,2026-04-27,THE FLOOR,,6,30,Total TV avg audience,1039000,Nine,False,0.833
AU,voz,1 Free-to-air,Total TV,2026-04-27,THE HUNDRED WITH ANDY LEE,,20,30,Total TV avg audience,777000,Nine,False,0.367
AU,voz,1 Free-to-air,Total TV,2026-04-27,TIPPING POINT AUSTRALIA,,13,30,Total TV avg audience,856000,Nine,False,0.6
AU,voz,1 Free-to-air,Total TV,2026-04-27,WOMEN’S STATE OF ORIGIN 1ST,,8,30,Total TV avg audience,1013000,Nine,False,0.767
AU,voz,1 Free-to-air,Total TV,2026-05-04,60 MINUTES,,11,30,Total TV avg audience,915000,Nine,False,0.667
AU,voz,1 Free-to-air,Total TV,2026-05-04,7.30,,16,30,Total TV avg audience,830000,ABC,False,0.5
AU,voz,1 Free-to-air,Total TV,2026-05-04,9NEWS,,3,30,Total TV avg audience,1334000,Nine,False,0.933
AU,voz,1 Free-to-air,Total TV,2026-05-04,9NEWS SATURDAY,,13,30,Total TV avg audience,875000,Nine,False,0.6
AU,voz,1 Free-to-air,Total TV,2026-05-04,9NEWS SUNDAY,,2,30,Total TV avg audience,1392000,Nine,False,0.967
AU,voz,1 Free-to-air,Total TV,2026-05-04,A CURRENT AFFAIR,,7,30,Total TV avg audience,1061000,Nine,False,0.8
AU,voz,1 Free-to-air,Total TV,2026-05-04,ABC NEWS,,8,30,Total TV avg audience,951000,ABC,False,0.767
AU,voz,1 Free-to-air,Total TV,2026-05-04,ABC NEWS SUNDAY,,14,30,Total TV avg audience,858000,ABC,False,0.567
AU,voz,1 Free-to-air,Total TV,2026-05-04,AUSTRALIAN STORY,,9,30,Total TV avg audience,949000,ABC,False,0.733
AU,voz,1 Free-to-air,Total TV,2026-05-04,DEATH IN PARADISE,,21,30,Total TV avg audience,745000,ABC,False,0.333
AU,voz,1 Free-to-air,Total TV,2026-05-04,FOUR CORNERS,,25,30,Total TV avg audience,637000,ABC,False,0.2
AU,voz,1 Free-to-air,Total TV,2026-05-04,FRIDAY NIGHT NRL LIVE,,28,30,Total TV avg audience,612000,Nine,False,0.1
AU,voz,1 Free-to-air,Total TV,2026-05-04,GLENN & MICK’S CELEBRITY INTERVENTION,,17,30,Total TV avg audience,803000,Seven,False,0.467
AU,voz,1 Free-to-air,Total TV,2026-05-04,GRUEN,,20,30,Total TV avg audience,749000,ABC,False,0.367
AU,voz,1 Free-to-air,Total TV,2026-05-04,HAVE YOU BEEN PAYING ATTENTION?,,5,30,Total TV avg audience,1092000,10,False,0.867
AU,voz,1 Free-to-air,Total TV,2026-05-04,HOME AND AWAY,,4,30,Total TV avg audience,1183000,Seven,False,0.9
AU,voz,1 Free-to-air,Total TV,2026-05-04,INSIDERS,,27,30,Total TV avg audience,614000,ABC,False,0.133
AU,voz,1 Free-to-air,Total TV,2026-05-04,MASTERCHEF AUSTRALIA,,12,30,Total TV avg audience,907000,10,False,0.633
AU,voz,1 Free-to-air,Total TV,2026-05-04,MEDIA WATCH,,22,30,Total TV avg audience,736000,ABC,False,0.3
AU,voz,1 Free-to-air,Total TV,2026-05-04,MY RENO RULES,,23,30,Total TV avg audience,720000,Seven,False,0.267
AU,voz,1 Free-to-air,Total TV,2026-05-04,SEVEN NEWS,,1,30,Total TV avg audience,1556000,Seven,False,1.0
AU,voz,1 Free-to-air,Total TV,2026-05-04,SEVEN’S AFL: THURSDAY NIGHT FOOTBALL,,19,30,Total TV avg audience,778000,Seven,False,0.4
AU,voz,1 Free-to-air,Total TV,2026-05-04,SUNDAY AFTERNOON NRL LIVE,,30,30,Total TV avg audience,610000,Nine,False,0.033
AU,voz,1 Free-to-air,Total TV,2026-05-04,THE 1% CLUB,,10,30,Total TV avg audience,926000,Seven,False,0.7
AU,voz,1 Free-to-air,Total TV,2026-05-04,THE CHASE AUSTRALIA,,18,30,Total TV avg audience,781000,Seven,False,0.433
AU,voz,1 Free-to-air,Total TV,2026-05-04,THE FLOOR,,6,30,Total TV avg audience,1089000,Nine,False,0.833
AU,voz,1 Free-to-air,Total TV,2026-05-04,THE FRONT BAR,,29,30,Total TV avg audience,612000,Seven,False,0.067
AU,voz,1 Free-to-air,Total TV,2026-05-04,THE HUNDRED WITH ANDY LEE,,24,30,Total TV avg audience,689000,Nine,False,0.233
AU,voz,1 Free-to-air,Total TV,2026-05-04,THURSDAY NIGHT NRL LIVE,,26,30,Total TV avg audience,632000,Nine,False,0.167
AU,voz,1 Free-to-air,Total TV,2026-05-04,TIPPING POINT AUSTRALIA,,15,30,Total TV avg audience,846000,Nine,False,0.533
AU,voz,1 Free-to-air,Total TV,2026-05-11,7.30,,16,30,Total TV avg audience,848000,ABC,False,0.5
AU,voz,1 Free-to-air,Total TV,2026-05-11,9NEWS,,2,30,Total TV avg audience,1358000,Nine,False,0.967
AU,voz,1 Free-to-air,Total TV,2026-05-11,9NEWS SATURDAY,,12,30,Total TV avg audience,921000,Nine,False,0.633
AU,voz,1 Free-to-air,Total TV,2026-05-11,9NEWS SUNDAY,,3,30,Total TV avg audience,1317000,Nine,False,0.933
AU,voz,1 Free-to-air,Total TV,2026-05-11,A CURRENT AFFAIR,,9,30,Total TV avg audience,1045000,Nine,False,0.733
AU,voz,1 Free-to-air,Total TV,2026-05-11,ABC NEWS,,11,30,Total TV avg audience,1006000,ABC,False,0.667
AU,voz,1 Free-to-air,Total TV,2026-05-11,ABC NEWS SUNDAY,,18,30,Total TV avg audience,776000,ABC,False,0.433
AU,voz,1 Free-to-air,Total TV,2026-05-11,AUSTRALIAN STORY,,22,30,Total TV avg audience,745000,ABC,False,0.3
AU,voz,1 Free-to-air,Total TV,2026-05-11,BUDGET 2026: A 7.30 SPECIAL,,6,30,Total TV avg audience,1163000,ABC,False,0.833
AU,voz,1 Free-to-air,Total TV,2026-05-11,BUDGET 2026: THE TREASURER’S SPEECH,,4,30,Total TV avg audience,1306000,ABC,False,0.9
AU,voz,1 Free-to-air,Total TV,2026-05-11,DEATH IN PARADISE,,27,30,Total TV avg audience,668000,ABC,False,0.133
AU,voz,1 Free-to-air,Total TV,2026-05-11,EVENTS THAT CHANGED AUSTRALIA,,20,30,Total TV avg audience,755000,Nine,False,0.367
AU,voz,1 Free-to-air,Total TV,2026-05-11,GLENN & MICK’S CELEBRITY INTERVENTION,,23,30,Total TV avg audience,741000,Seven,False,0.267
AU,voz,1 Free-to-air,Total TV,2026-05-11,GRUEN,,21,30,Total TV avg audience,753000,ABC,False,0.333
AU,voz,1 Free-to-air,Total TV,2026-05-11,HAVE YOU BEEN PAYING ATTENTION?,,8,30,Total TV avg audience,1062000,10,False,0.767
AU,voz,1 Free-to-air,Total TV,2026-05-11,HOME AND AWAY,,5,30,Total TV avg audience,1197000,Seven,False,0.867
AU,voz,1 Free-to-air,Total TV,2026-05-11,INSIDERS: BUDGET NIGHT SPECIAL,,19,30,Total TV avg audience,757000,ABC,False,0.4
AU,voz,1 Free-to-air,Total TV,2026-05-11,MASTERCHEF AUSTRALIA,,13,30,Total TV avg audience,894000,10,False,0.6
AU,voz,1 Free-to-air,Total TV,2026-05-11,MEDIA WATCH,,26,30,Total TV avg audience,674000,ABC,False,0.167
AU,voz,1 Free-to-air,Total TV,2026-05-11,MY RENO RULES,,28,30,Total TV avg audience,660000,Seven,False,0.1
AU,voz,1 Free-to-air,Total TV,2026-05-11,SEVEN NEWS,,1,30,Total TV avg audience,1605000,Seven,False,1.0
AU,voz,1 Free-to-air,Total TV,2026-05-11,SEVEN’S AFL: FRIDAY NIGHT FOOTBALL,,24,30,Total TV avg audience,698000,Seven,False,0.233
AU,voz,1 Free-to-air,Total TV,2026-05-11,SEVEN’S AFL: THURSDAY NIGHT FOOTBALL,,25,30,Total TV avg audience,686000,Seven,False,0.2
AU,voz,1 Free-to-air,Total TV,2026-05-11,SUNDAY AFTERNOON NRL LIVE,,29,30,Total TV avg audience,656000,Nine,False,0.067
AU,voz,1 Free-to-air,Total TV,2026-05-11,THE 1% CLUB,,14,30,Total TV avg audience,887000,Seven,False,0.567
AU,voz,1 Free-to-air,Total TV,2026-05-11,THE CHASE AUSTRALIA,,17,30,Total TV avg audience,796000,Seven,False,0.467
AU,voz,1 Free-to-air,Total TV,2026-05-11,THE FLOOR,,7,30,Total TV avg audience,1074000,Nine,False,0.8
AU,voz,1 Free-to-air,Total TV,2026-05-11,THE HUNDRED WITH ANDY LEE,,30,30,Total TV avg audience,641000,Nine,False,0.033
AU,voz,1 Free-to-air,Total TV,2026-05-11,TIPPING POINT AUSTRALIA,,15,30,Total TV avg audience,855000,Nine,False,0.533
AU,voz,1 Free-to-air,Total TV,2026-05-11,WOMEN’S STATE OF ORIGIN 2ND,,10,30,Total TV avg audience,1043000,Nine,False,0.7
AU,voz,1 Free-to-air,Total TV,2026-05-18,60 MINUTES,,10,30,Total TV avg audience,919000,Nine,False,0.7
AU,voz,1 Free-to-air,Total TV,2026-05-18,7.30,,14,30,Total TV avg audience,818000,ABC,False,0.567
AU,voz,1 Free-to-air,Total TV,2026-05-18,7NEWS SPOTLIGHT,,26,30,Total TV avg audience,665000,Seven,False,0.167
AU,voz,1 Free-to-air,Total TV,2026-05-18,9NEWS,,2,30,Total TV avg audience,1411000,Nine,False,0.967
AU,voz,1 Free-to-air,Total TV,2026-05-18,9NEWS SATURDAY,,12,30,Total TV avg audience,873000,Nine,False,0.633
AU,voz,1 Free-to-air,Total TV,2026-05-18,9NEWS SUNDAY,,3,30,Total TV avg audience,1399000,Nine,False,0.933
AU,voz,1 Free-to-air,Total TV,2026-05-18,A CURRENT AFFAIR,,6,30,Total TV avg audience,1090000,Nine,False,0.833
AU,voz,1 Free-to-air,Total TV,2026-05-18,ABC NEWS,,9,30,Total TV avg audience,977000,ABC,False,0.733
AU,voz,1 Free-to-air,Total TV,2026-05-18,ABC NEWS SUNDAY,,16,30,Total TV avg audience,795000,ABC,False,0.5
AU,voz,1 Free-to-air,Total TV,2026-05-18,AUSTRALIAN STORY,,21,30,Total TV avg audience,707000,ABC,False,0.333
AU,voz,1 Free-to-air,Total TV,2026-05-18,DEATH IN PARADISE,,24,30,Total TV avg audience,679000,ABC,False,0.233
AU,voz,1 Free-to-air,Total TV,2026-05-18,FRIDAY NIGHT NRL LIVE,,27,30,Total TV avg audience,656000,Nine,False,0.133
AU,voz,1 Free-to-air,Total TV,2026-05-18,GLENN & MICK’S CELEBRITY INTERVENTION,,22,30,Total TV avg audience,704000,Seven,False,0.3
AU,voz,1 Free-to-air,Total TV,2026-05-18,GRUEN,,19,30,Total TV avg audience,717000,ABC,False,0.4
AU,voz,1 Free-to-air,Total TV,2026-05-18,HAVE YOU BEEN PAYING ATTENTION?,,8,30,Total TV avg audience,1052000,10,False,0.767
AU,voz,1 Free-to-air,Total TV,2026-05-18,HOME AND AWAY,,4,30,Total TV avg audience,1171000,Seven,False,0.9
AU,voz,1 Free-to-air,Total TV,2026-05-18,MASTERCHEF AUSTRALIA,,13,30,Total TV avg audience,851000,10,False,0.6
AU,voz,1 Free-to-air,Total TV,2026-05-18,MEDIA WATCH,,25,30,Total TV avg audience,679000,ABC,False,0.2
AU,voz,1 Free-to-air,Total TV,2026-05-18,MY RENO RULES,,18,30,Total TV avg audience,746000,Seven,False,0.433
AU,voz,1 Free-to-air,Total TV,2026-05-18,SEVEN NEWS,,1,30,Total TV avg audience,1572000,Seven,False,1.0
AU,voz,1 Free-to-air,Total TV,2026-05-18,SEVEN’S AFL: FRIDAY NIGHT FOOTBALL,,20,30,Total TV avg audience,709000,Seven,False,0.367
AU,voz,1 Free-to-air,Total TV,2026-05-18,SEVEN’S AFL: THURSDAY NIGHT FOOTBALL,,29,30,Total TV avg audience,650000,Seven,False,0.067
AU,voz,1 Free-to-air,Total TV,2026-05-18,SHAUN MICALLEF’S GOING FOR BROKE,,23,30,Total TV avg audience,697000,ABC,False,0.267
AU,voz,1 Free-to-air,Total TV,2026-05-18,SHETLAND,,17,30,Total TV avg audience,777000,ABC,False,0.467
AU,voz,1 Free-to-air,Total TV,2026-05-18,THE 1% CLUB,,7,30,Total TV avg audience,1066000,Seven,False,0.8
AU,voz,1 Free-to-air,Total TV,2026-05-18,THE CHASE AUSTRALIA,,15,30,Total TV avg audience,799000,Seven,False,0.533
AU,voz,1 Free-to-air,Total TV,2026-05-18,THE FLOOR,,5,30,Total TV avg audience,1168000,Nine,False,0.867
AU,voz,1 Free-to-air,Total TV,2026-05-18,THE HUNDRED WITH ANDY LEE,,30,30,Total TV avg audience,641000,Nine,False,0.033
AU,voz,1 Free-to-air,Total TV,2026-05-18,THE MICHAEL JACKSON STORY,,28,30,Total TV avg audience,653000,Nine,False,0.1
AU,voz,1 Free-to-air,Total TV,2026-05-18,TIPPING POINT AUSTRALIA,,11,30,Total TV avg audience,884000,Nine,False,0.667
AU,voz,1 Free-to-air,Total TV,2026-05-25,60 MINUTES,,30,30,Total TV avg audience,572000,Nine,False,0.033
AU,voz,1 Free-to-air,Total TV,2026-05-25,7.30,,14,30,Total TV avg audience,823000,ABC,False,0.567
AU,voz,1 Free-to-air,Total TV,2026-05-25,9NEWS,,3,30,Total TV avg audience,1408000,Nine,False,0.933
AU,voz,1 Free-to-air,Total TV,2026-05-25,9NEWS SATURDAY,,12,30,Total TV avg audience,894000,Nine,False,0.633
AU,voz,1 Free-to-air,Total TV,2026-05-25,9NEWS SUNDAY,,4,30,Total TV avg audience,1276000,Nine,False,0.9
AU,voz,1 Free-to-air,Total TV,2026-05-25,A CURRENT AFFAIR,,6,30,Total TV avg audience,1060000,Nine,False,0.833
AU,voz,1 Free-to-air,Total TV,2026-05-25,ABC NEWS,,7,30,Total TV avg audience,1002000,ABC,False,0.8
AU,voz,1 Free-to-air,Total TV,2026-05-25,ABC NEWS SUNDAY,,16,30,Total TV avg audience,738000,ABC,False,0.5
AU,voz,1 Free-to-air,Total TV,2026-05-25,AUSTRALIAN STORY,,9,30,Total TV avg audience,920000,ABC,False,0.733
AU,voz,1 Free-to-air,Total TV,2026-05-25,DEATH IN PARADISE,,21,30,Total TV avg audience,670000,ABC,False,0.333
AU,voz,1 Free-to-air,Total TV,2026-05-25,FOUR CORNERS,,23,30,Total TV avg audience,658000,ABC,False,0.267
AU,voz,1 Free-to-air,Total TV,2026-05-25,FRIDAY NIGHT NRL LIVE,,27,30,Total TV avg audience,588000,Nine,False,0.133
AU,voz,1 Free-to-air,Total TV,2026-05-25,GLENN & MICK’S CELEBRITY INTERVENTION,,25,30,Total TV avg audience,608000,Seven,False,0.2
AU,voz,1 Free-to-air,Total TV,2026-05-25,GRUEN,,28,30,Total TV avg audience,586000,ABC,False,0.1
AU,voz,1 Free-to-air,Total TV,2026-05-25,HAVE YOU BEEN PAYING ATTENTION?,,8,30,Total TV avg audience,999000,10,False,0.767
AU,voz,1 Free-to-air,Total TV,2026-05-25,HOME AND AWAY,,5,30,Total TV avg audience,1167000,Seven,False,0.867
AU,voz,1 Free-to-air,Total TV,2026-05-25,MASTERCHEF AUSTRALIA,,13,30,Total TV avg audience,881000,10,False,0.6
AU,voz,1 Free-to-air,Total TV,2026-05-25,MEDIA WATCH,,19,30,Total TV avg audience,714000,ABC,False,0.4
AU,voz,1 Free-to-air,Total TV,2026-05-25,MY RENO RULES,,17,30,Total TV avg audience,725000,Seven,False,0.467
AU,voz,1 Free-to-air,Total TV,2026-05-25,SEVEN NEWS,,2,30,Total TV avg audience,1571000,Seven,False,0.967
AU,voz,1 Free-to-air,Total TV,2026-05-25,SEVEN’S AFL: FRIDAY NIGHT FOOTBALL,,20,30,Total TV avg audience,712000,Seven,False,0.367
AU,voz,1 Free-to-air,Total TV,2026-05-25,SHARK!,,18,30,Total TV avg audience,717000,Nine,False,0.433
AU,voz,1 Free-to-air,Total TV,2026-05-25,SHETLAND,,26,30,Total TV avg audience,599000,ABC,False,0.167
AU,voz,1 Free-to-air,Total TV,2026-05-25,STATE OF ORIGIN RUGBY LEAGUE NSW V QLD 1ST,,1,30,Total TV avg audience,4027000,Nine,False,1.0
AU,voz,1 Free-to-air,Total TV,2026-05-25,THE CHASE AUSTRALIA,,15,30,Total TV avg audience,808000,Seven,False,0.533
AU,voz,1 Free-to-air,Total TV,2026-05-25,THE CHEAP SEATS,,29,30,Total TV avg audience,579000,10,False,0.067
AU,voz,1 Free-to-air,Total TV,2026-05-25,THE HUNDRED WITH ANDY LEE,,22,30,Total TV avg audience,666000,Nine,False,0.3
AU,voz,1 Free-to-air,Total TV,2026-05-25,THE MICHAEL JACKSON STORY,,24,30,Total TV avg audience,615000,Nine,False,0.233
AU,voz,1 Free-to-air,Total TV,2026-05-25,TIPPING POINT AUSTRALIA,,11,30,Total TV avg audience,900000,Nine,False,0.667
AU,voz,1 Free-to-air,Total TV,2026-05-25,WOMEN’S STATE OF ORIGIN 3RD,,10,30,Total TV avg audience,909000,Nine,False,0.7
AU,voz,1 Free-to-air,Total TV,2026-06-01,7.30,,12,30,Total TV avg audience,818000,ABC,False,0.633
AU,voz,1 Free-to-air,Total TV,2026-06-01,9NEWS,,2,30,Total TV avg audience,1439000,Nine,False,0.967
AU,voz,1 Free-to-air,Total TV,2026-06-01,9NEWS SATURDAY,,10,30,Total TV avg audience,882000,Nine,False,0.7
AU,voz,1 Free-to-air,Total TV,2026-06-01,9NEWS SUNDAY,,3,30,Total TV avg audience,1248000,Nine,False,0.933
AU,voz,1 Free-to-air,Total TV,2026-06-01,A CURRENT AFFAIR,,5,30,Total TV avg audience,1074000,Nine,False,0.867
AU,voz,1 Free-to-air,Total TV,2026-06-01,ABC NEWS,,7,30,Total TV avg audience,958000,ABC,False,0.8
AU,voz,1 Free-to-air,Total TV,2026-06-01,ABC NEWS SUNDAY,,19,30,Total TV avg audience,721000,ABC,False,0.4
AU,voz,1 Free-to-air,Total TV,2026-06-01,AUSTRALIAN STORY,,14,30,Total TV avg audience,801000,ABC,False,0.567
AU,voz,1 Free-to-air,Total TV,2026-06-01,DEATH IN PARADISE,,24,30,Total TV avg audience,668000,ABC,False,0.233
AU,voz,1 Free-to-air,Total TV,2026-06-01,FOUR CORNERS,,16,30,Total TV avg audience,745000,ABC,False,0.5
AU,voz,1 Free-to-air,Total TV,2026-06-01,GLENN & MICK’S CELEBRITY INTERVENTION,,20,30,Total TV avg audience,720000,Seven,False,0.367
AU,voz,1 Free-to-air,Total TV,2026-06-01,GROUND UP,,17,30,Total TV avg audience,740000,ABC,False,0.467
AU,voz,1 Free-to-air,Total TV,2026-06-01,GRUEN,,18,30,Total TV avg audience,729000,ABC,False,0.433
AU,voz,1 Free-to-air,Total TV,2026-06-01,HAVE YOU BEEN PAYING ATTENTION?,,6,30,Total TV avg audience,1039000,10,False,0.833
AU,voz,1 Free-to-air,Total TV,2026-06-01,HOME AND AWAY,,4,30,Total TV avg audience,1175000,Seven,False,0.9
AU,voz,1 Free-to-air,Total TV,2026-06-01,MASTERCHEF AUSTRALIA,,9,30,Total TV avg audience,903000,10,False,0.733
AU,voz,1 Free-to-air,Total TV,2026-06-01,MEDIA WATCH,,15,30,Total TV avg audience,765000,ABC,False,0.533
AU,voz,1 Free-to-air,Total TV,2026-06-01,MY RENO RULES,,11,30,Total TV avg audience,829000,Seven,False,0.667
AU,voz,1 Free-to-air,Total TV,2026-06-01,PLANET AMERICA-LE,,27,30,Total TV avg audience,620000,ABC,False,0.133
AU,voz,1 Free-to-air,Total TV,2026-06-01,RACE AROUND THE WORLD,,29,30,Total TV avg audience,581000,ABC,False,0.067
AU,voz,1 Free-to-air,Total TV,2026-06-01,SEVEN NEWS,,1,30,Total TV avg audience,1587000,Seven,False,1.0
AU,voz,1 Free-to-air,Total TV,2026-06-01,SEVEN’S AFL: FRIDAY NIGHT FOOTBALL,,26,30,Total TV avg audience,648000,Seven,False,0.167
AU,voz,1 Free-to-air,Total TV,2026-06-01,SEVEN’S AFL: THURSDAY NIGHT FOOTBALL,,21,30,Total TV avg audience,712000,Seven,False,0.333
AU,voz,1 Free-to-air,Total TV,2026-06-01,SHARK!,,23,30,Total TV avg audience,693000,Nine,False,0.267
AU,voz,1 Free-to-air,Total TV,2026-06-01,THE 1% CLUB,,30,30,Total TV avg audience,576000,Seven,False,0.033
AU,voz,1 Free-to-air,Total TV,2026-06-01,THE CHASE AUSTRALIA,,13,30,Total TV avg audience,818000,Seven,False,0.6
AU,voz,1 Free-to-air,Total TV,2026-06-01,THE FRONT BAR,,28,30,Total TV avg audience,608000,Seven,False,0.1
AU,voz,1 Free-to-air,Total TV,2026-06-01,THE HUNDRED WITH ANDY LEE,,22,30,Total TV avg audience,709000,Nine,False,0.3
AU,voz,1 Free-to-air,Total TV,2026-06-01,THURSDAY NIGHT NRL LIVE,,25,30,Total TV avg audience,649000,Nine,False,0.2
AU,voz,1 Free-to-air,Total TV,2026-06-01,TIPPING POINT AUSTRALIA,,8,30,Total TV avg audience,921000,Nine,False,0.767
AU,voz,1 Free-to-air,Total TV,2026-06-08,2026 FIFA WORLD CUP: AUS V TUR LIVE,,1,30,Total TV avg audience,3085000,SBS,False,1.0
AU,voz,1 Free-to-air,Total TV,2026-06-08,2026 FIFA WORLD CUP: AUS V TUR POST-MATCH,,3,30,Total TV avg audience,1695000,SBS,False,0.933
AU,voz,1 Free-to-air,Total TV,2026-06-08,2026 FIFA WORLD CUP: AUS V TUR PRE-MATCH,,8,30,Total TV avg audience,1095000,SBS,False,0.767
AU,voz,1 Free-to-air,Total TV,2026-06-08,2026 FIFA WORLD CUP: BRA V MAR LIVE,,10,30,Total TV avg audience,994000,SBS,False,0.7
AU,voz,1 Free-to-air,Total TV,2026-06-08,2026 FIFA WORLD CUP: HAI V SCO LIVE,,18,30,Total TV avg audience,882000,SBS,False,0.433
AU,voz,1 Free-to-air,Total TV,2026-06-08,2026 FIFA WORLD CUP: USA V PAR LIVE,,20,30,Total TV avg audience,845000,SBS,False,0.367
AU,voz,1 Free-to-air,Total TV,2026-06-08,7.30,,24,30,Total TV avg audience,706000,ABC,False,0.233
AU,voz,1 Free-to-air,Total TV,2026-06-08,9NEWS,,5,30,Total TV avg audience,1347000,Nine,False,0.867
AU,voz,1 Free-to-air,Total TV,2026-06-08,9NEWS SATURDAY,,13,30,Total TV avg audience,936000,Nine,False,0.6
AU,voz,1 Free-to-air,Total TV,2026-06-08,9NEWS SUNDAY,,4,30,Total TV avg audience,1431000,Nine,False,0.9
AU,voz,1 Free-to-air,Total TV,2026-06-08,A CURRENT AFFAIR,,9,30,Total TV avg audience,1025000,Nine,False,0.733
AU,voz,1 Free-to-air,Total TV,2026-06-08,ABC NEWS,,14,30,Total TV avg audience,930000,ABC,False,0.567
AU,voz,1 Free-to-air,Total TV,2026-06-08,ABC NEWS SUNDAY,,19,30,Total TV avg audience,875000,ABC,False,0.4
AU,voz,1 Free-to-air,Total TV,2026-06-08,AFL: THE BIG FREEZE @ THE G,,15,30,Total TV avg audience,916000,Seven,False,0.533
AU,voz,1 Free-to-air,Total TV,2026-06-08,FARMER WANTS A WIFE,,6,30,Total TV avg audience,1341000,Seven,False,0.833
AU,voz,1 Free-to-air,Total TV,2026-06-08,GRUEN,,25,30,Total TV avg audience,695000,ABC,False,0.2
AU,voz,1 Free-to-air,Total TV,2026-06-08,HAVE YOU BEEN PAYING ATTENTION?,,11,30,Total TV avg audience,974000,10,False,0.667
AU,voz,1 Free-to-air,Total TV,2026-06-08,HOME AND AWAY,,7,30,Total TV avg audience,1199000,Seven,False,0.8
AU,voz,1 Free-to-air,Total TV,2026-06-08,MASTERCHEF AUSTRALIA,,16,30,Total TV avg audience,916000,10,False,0.5
AU,voz,1 Free-to-air,Total TV,2026-06-08,MEDIA WATCH,,28,30,Total TV avg audience,657000,ABC,False,0.1
AU,voz,1 Free-to-air,Total TV,2026-06-08,RACE AROUND THE WORLD,,30,30,Total TV avg audience,646000,ABC,False,0.033
AU,voz,1 Free-to-air,Total TV,2026-06-08,ROLF HARRIS: PRIMETIME PREDATOR,,23,30,Total TV avg audience,716000,ABC,False,0.267
AU,voz,1 Free-to-air,Total TV,2026-06-08,SEVEN NEWS,,2,30,Total TV avg audience,1775000,Seven,False,0.967
AU,voz,1 Free-to-air,Total TV,2026-06-08,SEVEN’S AFL: MONDAY AFTERNOON FOOTBALL,,12,30,Total TV avg audience,940000,Seven,False,0.633
AU,voz,1 Free-to-air,Total TV,2026-06-08,SEVEN’S AFL: THURSDAY NIGHT FOOTBALL,,27,30,Total TV avg audience,671000,Seven,False,0.133
AU,voz,1 Free-to-air,Total TV,2026-06-08,THE CHASE AUSTRALIA,,21,30,Total TV avg audience,817000,Seven,False,0.333
AU,voz,1 Free-to-air,Total TV,2026-06-08,THE FRONT BAR,,29,30,Total TV avg audience,655000,Seven,False,0.067
AU,voz,1 Free-to-air,Total TV,2026-06-08,THE ROOKIE,,22,30,Total TV avg audience,811000,Seven,False,0.3
AU,voz,1 Free-to-air,Total TV,2026-06-08,THURSDAY NIGHT NRL LIVE,,26,30,Total TV avg audience,688000,Nine,False,0.167
AU,voz,1 Free-to-air,Total TV,2026-06-08,TIPPING POINT AUSTRALIA,,17,30,Total TV avg audience,898000,Nine,False,0.467
AU,voz,1 Free-to-air,Total TV,2026-06-15,2026 FIFA WORLD CUP: ARG V ALG LIVE,,23,30,Total TV avg audience,781000,SBS,False,0.267
AU,voz,1 Free-to-air,Total TV,2026-06-15,2026 FIFA WORLD CUP: ENG V CRO LIVE,,20,30,Total TV avg audience,826000,SBS,False,0.367
AU,voz,1 Free-to-air,Total TV,2026-06-15,2026 FIFA WORLD CUP: IRN V NZL LIVE,,30,30,Total TV avg audience,656000,SBS,False,0.033
AU,voz,1 Free-to-air,Total TV,2026-06-15,2026 FIFA WORLD CUP: SCO V MAR LIVE,,22,30,Total TV avg audience,809000,SBS,False,0.3
AU,voz,1 Free-to-air,Total TV,2026-06-15,2026 FIFA WORLD CUP: SCO V MAR PRE-MATCH,,24,30,Total TV avg audience,754000,SBS,False,0.233
AU,voz,1 Free-to-air,Total TV,2026-06-15,2026 FIFA WORLD CUP: TUR V PAR LIVE,,29,30,Total TV avg audience,658000,SBS,False,0.067
AU,voz,1 Free-to-air,Total TV,2026-06-15,2026 FIFA WORLD CUP: USA V AUS LIVE,,2,30,Total TV avg audience,2208000,SBS,False,0.967
AU,voz,1 Free-to-air,Total TV,2026-06-15,2026 FIFA WORLD CUP: USA V AUS POST-MATCH,,8,30,Total TV avg audience,1130000,SBS,False,0.767
AU,voz,1 Free-to-air,Total TV,2026-06-15,60 MINUTES,,13,30,Total TV avg audience,930000,Nine,False,0.6
AU,voz,1 Free-to-air,Total TV,2026-06-15,7.30,,17,30,Total TV avg audience,838000,ABC,False,0.467
AU,voz,1 Free-to-air,Total TV,2026-06-15,7NEWS SPOTLIGHT,,10,30,Total TV avg audience,980000,Seven,False,0.7
AU,voz,1 Free-to-air,Total TV,2026-06-15,9NEWS,,4,30,Total TV avg audience,1382000,Nine,False,0.9
AU,voz,1 Free-to-air,Total TV,2026-06-15,9NEWS SATURDAY,,14,30,Total TV avg audience,910000,Nine,False,0.567
AU,voz,1 Free-to-air,Total TV,2026-06-15,9NEWS SUNDAY,,6,30,Total TV avg audience,1285000,Nine,False,0.833
AU,voz,1 Free-to-air,Total TV,2026-06-15,A CURRENT AFFAIR,,9,30,Total TV avg audience,1097000,Nine,False,0.733
AU,voz,1 Free-to-air,Total TV,2026-06-15,ABC NEWS,,12,30,Total TV avg audience,947000,ABC,False,0.633
AU,voz,1 Free-to-air,Total TV,2026-06-15,ABC NEWS SUNDAY,,25,30,Total TV avg audience,754000,ABC,False,0.2
AU,voz,1 Free-to-air,Total TV,2026-06-15,AUSTRALIAN STORY,,28,30,Total TV avg audience,675000,ABC,False,0.1
AU,voz,1 Free-to-air,Total TV,2026-06-15,DEATH IN PARADISE,,26,30,Total TV avg audience,682000,ABC,False,0.167
AU,voz,1 Free-to-air,Total TV,2026-06-15,FARMER WANTS A WIFE,,5,30,Total TV avg audience,1299000,Seven,False,0.867
AU,voz,1 Free-to-air,Total TV,2026-06-15,HAVE YOU BEEN PAYING ATTENTION?,,11,30,Total TV avg audience,963000,10,False,0.667
AU,voz,1 Free-to-air,Total TV,2026-06-15,HOME AND AWAY,,7,30,Total TV avg audience,1212000,Seven,False,0.8
AU,voz,1 Free-to-air,Total TV,2026-06-15,MASTERCHEF AUSTRALIA,,15,30,Total TV avg audience,907000,10,False,0.533
AU,voz,1 Free-to-air,Total TV,2026-06-15,MEDIA WATCH,,27,30,Total TV avg audience,679000,ABC,False,0.133
AU,voz,1 Free-to-air,Total TV,2026-06-15,SEVEN NEWS,,3,30,Total TV avg audience,1595000,Seven,False,0.933
AU,voz,1 Free-to-air,Total TV,2026-06-15,SEVEN’S AFL: THURSDAY NIGHT FOOTBALL,,21,30,Total TV avg audience,818000,Seven,False,0.333
AU,voz,1 Free-to-air,Total TV,2026-06-15,STATE OF ORIGIN RUGBY LEAGUE NSW V QLD 2ND,,1,30,Total TV avg audience,4332000,Nine,False,1.0
AU,voz,1 Free-to-air,Total TV,2026-06-15,THE CHASE AUSTRALIA,,18,30,Total TV avg audience,831000,Seven,False,0.433
AU,voz,1 Free-to-air,Total TV,2026-06-15,THE ROOKIE,,19,30,Total TV avg audience,828000,Seven,False,0.4
AU,voz,1 Free-to-air,Total TV,2026-06-15,TIPPING POINT AUSTRALIA,,16,30,Total TV avg audience,886000,Nine,False,0.5
AU,voz,1 Free-to-air,Total TV,2026-06-22,2026 FIFA WORLD CUP: COL V POR LIVE,,14,30,Total TV avg audience,938000,SBS,False,0.567
AU,voz,1 Free-to-air,Total TV,2026-06-22,2026 FIFA WORLD CUP: JOR V ARG LIVE,,20,30,Total TV avg audience,793000,SBS,False,0.367
AU,voz,1 Free-to-air,Total TV,2026-06-22,2026 FIFA WORLD CUP: NZL V BEL LIVE,,30,30,Total TV avg audience,653000,SBS,False,0.033
AU,voz,1 Free-to-air,Total TV,2026-06-22,2026 FIFA WORLD CUP: PAR V AUS LIVE,,1,30,Total TV avg audience,3097000,SBS,False,1.0
AU,voz,1 Free-to-air,Total TV,2026-06-22,2026 FIFA WORLD CUP: PAR V AUS POST-MATCH,,4,30,Total TV avg audience,1391000,SBS,False,0.9
AU,voz,1 Free-to-air,Total TV,2026-06-22,2026 FIFA WORLD CUP: PAR V AUS PRE-MATCH,,13,30,Total TV avg audience,941000,SBS,False,0.6
AU,voz,1 Free-to-air,Total TV,2026-06-22,60 MINUTES,,10,30,Total TV avg audience,1038000,Nine,False,0.7
AU,voz,1 Free-to-air,Total TV,2026-06-22,7.30,,18,30,Total TV avg audience,836000,ABC,False,0.433
AU,voz,1 Free-to-air,Total TV,2026-06-22,9NEWS,,3,30,Total TV avg audience,1406000,Nine,False,0.933
AU,voz,1 Free-to-air,Total TV,2026-06-22,9NEWS SATURDAY,,16,30,Total TV avg audience,882000,Nine,False,0.5
AU,voz,1 Free-to-air,Total TV,2026-06-22,9NEWS SUNDAY,,5,30,Total TV avg audience,1310000,Nine,False,0.867
AU,voz,1 Free-to-air,Total TV,2026-06-22,A CURRENT AFFAIR,,9,30,Total TV avg audience,1059000,Nine,False,0.733
AU,voz,1 Free-to-air,Total TV,2026-06-22,ABC NEWS,,11,30,Total TV avg audience,997000,ABC,False,0.667
AU,voz,1 Free-to-air,Total TV,2026-06-22,ABC NEWS SUNDAY,,24,30,Total TV avg audience,742000,ABC,False,0.233
AU,voz,1 Free-to-air,Total TV,2026-06-22,DEEP END: THE SCOTT MILLER STORY,,23,30,Total TV avg audience,749000,ABC,False,0.267
AU,voz,1 Free-to-air,Total TV,2026-06-22,FARMER WANTS A WIFE,,6,30,Total TV avg audience,1276000,Seven,False,0.833
AU,voz,1 Free-to-air,Total TV,2026-06-22,FIRST DATES AUSTRALIA,,27,30,Total TV avg audience,687000,Seven,False,0.133
AU,voz,1 Free-to-air,Total TV,2026-06-22,GRUEN,,28,30,Total TV avg audience,673000,ABC,False,0.1
AU,voz,1 Free-to-air,Total TV,2026-06-22,HAVE YOU BEEN PAYING ATTENTION?,,12,30,Total TV avg audience,961000,10,False,0.633
AU,voz,1 Free-to-air,Total TV,2026-06-22,HOME AND AWAY,,7,30,Total TV avg audience,1199000,Seven,False,0.8
AU,voz,1 Free-to-air,Total TV,2026-06-22,MASTERCHEF AUSTRALIA,,17,30,Total TV avg audience,862000,10,False,0.467
AU,voz,1 Free-to-air,Total TV,2026-06-22,MEDIA WATCH,,29,30,Total TV avg audience,670000,ABC,False,0.067
AU,voz,1 Free-to-air,Total TV,2026-06-22,SEVEN NEWS,,2,30,Total TV avg audience,1556000,Seven,False,0.967
AU,voz,1 Free-to-air,Total TV,2026-06-22,SEVEN’S AFL: THURSDAY NIGHT FOOTBALL,,25,30,Total TV avg audience,713000,Seven,False,0.2
AU,voz,1 Free-to-air,Total TV,2026-06-22,THE 1% CLUB UK,,19,30,Total TV avg audience,811000,Seven,False,0.4
AU,voz,1 Free-to-air,Total TV,2026-06-22,THE CHASE AUSTRALIA,,22,30,Total TV avg audience,788000,Seven,False,0.3
AU,voz,1 Free-to-air,Total TV,2026-06-22,THE HUNDRED WITH ANDY LEE,,26,30,Total TV avg audience,705000,Nine,False,0.167
AU,voz,1 Free-to-air,Total TV,2026-06-22,THE ROOKIE,,21,30,Total TV avg audience,789000,Seven,False,0.333
AU,voz,1 Free-to-air,Total TV,2026-06-22,TIPPING POINT AUSTRALIA,,15,30,Total TV avg audience,920000,Nine,False,0.533
AU,voz,1 Free-to-air,Total TV,2026-06-22,TRAVEL GUIDES,,8,30,Total TV avg audience,1077000,Nine,False,0.767
AU,voz,1 Free-to-air,Total TV,2026-06-29,2026 FIFA WORLD CUP: ARG V CPV LIVE,,7,30,Total TV avg audience,1128000,SBS,False,0.8
AU,voz,1 Free-to-air,Total TV,2026-06-29,2026 FIFA WORLD CUP: ARG V CPV POST-MATCH,,29,30,Total TV avg audience,749000,SBS,False,0.067
AU,voz,1 Free-to-air,Total TV,2026-06-29,2026 FIFA WORLD CUP: AUS V EGY LIVE,,1,30,Total TV avg audience,2208000,SBS,False,1.0
AU,voz,1 Free-to-air,Total TV,2026-06-29,2026 FIFA WORLD CUP: AUS V EGY POST-MATCH,,12,30,Total TV avg audience,991000,SBS,False,0.633
AU,voz,1 Free-to-air,Total TV,2026-06-29,2026 FIFA WORLD CUP: COL V GHA LIVE,,30,30,Total TV avg audience,745000,SBS,False,0.033
AU,voz,1 Free-to-air,Total TV,2026-06-29,2026 FIFA WORLD CUP: NED V MAR LIVE,,17,30,Total TV avg audience,877000,SBS,False,0.467
AU,voz,1 Free-to-air,Total TV,2026-06-29,2026 FIFA WORLD CUP: PAR V FRA LIVE,,22,30,Total TV avg audience,808000,SBS,False,0.3
AU,voz,1 Free-to-air,Total TV,2026-06-29,2026 FIFA WORLD CUP: POR V CRO LIVE,,8,30,Total TV avg audience,1106000,SBS,False,0.767
AU,voz,1 Free-to-air,Total TV,2026-06-29,7.30,,23,30,Total TV avg audience,804000,ABC,False,0.267
AU,voz,1 Free-to-air,Total TV,2026-06-29,9NEWS,,3,30,Total TV avg audience,1419000,Nine,False,0.933
AU,voz,1 Free-to-air,Total TV,2026-06-29,9NEWS SATURDAY,,19,30,Total TV avg audience,865000,Nine,False,0.4
AU,voz,1 Free-to-air,Total TV,2026-06-29,9NEWS SUNDAY,,4,30,Total TV avg audience,1353000,Nine,False,0.9
AU,voz,1 Free-to-air,Total TV,2026-06-29,A CURRENT AFFAIR,,9,30,Total TV avg audience,1068000,Nine,False,0.733
AU,voz,1 Free-to-air,Total TV,2026-06-29,ABC NEWS,,14,30,Total TV avg audience,957000,ABC,False,0.567
AU,voz,1 Free-to-air,Total TV,2026-06-29,ABC NEWS SUNDAY,,24,30,Total TV avg audience,791000,ABC,False,0.233
AU,voz,1 Free-to-air,Total TV,2026-06-29,COOPER & FRY,,16,30,Total TV avg audience,878000,ABC,False,0.5
AU,voz,1 Free-to-air,Total TV,2026-06-29,COOPER & FRY TX 2,,27,30,Total TV avg audience,772000,ABC,False,0.133
AU,voz,1 Free-to-air,Total TV,2026-06-29,FARMER WANTS A WIFE,,5,30,Total TV avg audience,1284000,Seven,False,0.867
AU,voz,1 Free-to-air,Total TV,2026-06-29,HAVE YOU BEEN PAYING ATTENTION?,,13,30,Total TV avg audience,960000,10,False,0.6
AU,voz,1 Free-to-air,Total TV,2026-06-29,HOME AND AWAY,,6,30,Total TV avg audience,1198000,Seven,False,0.833
AU,voz,1 Free-to-air,Total TV,2026-06-29,LEGO MASTERS BRICKTACULAR,,18,30,Total TV avg audience,876000,Nine,False,0.433
AU,voz,1 Free-to-air,Total TV,2026-06-29,MASTERCHEF AUSTRALIA,,21,30,Total TV avg audience,834000,10,False,0.333
AU,voz,1 Free-to-air,Total TV,2026-06-29,MEDIA WATCH,,26,30,Total TV avg audience,783000,ABC,False,0.167
AU,voz,1 Free-to-air,Total TV,2026-06-29,SEVEN NEWS,,2,30,Total TV avg audience,1574000,Seven,False,0.967
AU,voz,1 Free-to-air,Total TV,2026-06-29,SEVEN’S AFL: THURSDAY NIGHT FOOTBALL,,28,30,Total TV avg audience,762000,Seven,False,0.1
AU,voz,1 Free-to-air,Total TV,2026-06-29,THE 1% CLUB UK,,11,30,Total TV avg audience,1003000,Seven,False,0.667
AU,voz,1 Free-to-air,Total TV,2026-06-29,THE CHASE AUSTRALIA,,25,30,Total TV avg audience,787000,Seven,False,0.2
AU,voz,1 Free-to-air,Total TV,2026-06-29,THE ROOKIE,,20,30,Total TV avg audience,859000,Seven,False,0.367
AU,voz,1 Free-to-air,Total TV,2026-06-29,TIPPING POINT AUSTRALIA,,15,30,Total TV avg audience,904000,Nine,False,0.533
AU,voz,1 Free-to-air,Total TV,2026-06-29,TRAVEL GUIDES,,10,30,Total TV avg audience,1052000,Nine,False,0.7
AU,voz,1 Free-to-air,Total TV,2026-07-06,2026 FIFA WORLD CUP QF: ARG V SUI LIVE,,3,30,Total TV avg audience,1919000,SBS,False,0.933
AU,voz,1 Free-to-air,Total TV,2026-07-06,2026 FIFA WORLD CUP QF: ARG V SUI POST-MATCH,,19,30,Total TV avg audience,892000,SBS,False,0.4
AU,voz,1 Free-to-air,Total TV,2026-07-06,2026 FIFA WORLD CUP QF: ARG V SUI PRE-MATCH,,28,30,Total TV avg audience,769000,SBS,False,0.1
AU,voz,1 Free-to-air,Total TV,2026-07-06,2026 FIFA WORLD CUP QF: FRA V MAR LIVE,,14,30,Total TV avg audience,1017000,SBS,False,0.567
AU,voz,1 Free-to-air,Total TV,2026-07-06,2026 FIFA WORLD CUP QF: NOR V ENG LIVE,,2,30,Total TV avg audience,2418000,SBS,False,0.967
AU,voz,1 Free-to-air,Total TV,2026-07-06,2026 FIFA WORLD CUP QF: NOR V ENG POST-MATCH,,6,30,Total TV avg audience,1495000,SBS,False,0.833
AU,voz,1 Free-to-air,Total TV,2026-07-06,2026 FIFA WORLD CUP: BRA V NOR LIVE,,23,30,Total TV avg audience,858000,SBS,False,0.267
AU,voz,1 Free-to-air,Total TV,2026-07-06,2026 FIFA WORLD CUP: MEX V ENG LIVE,,4,30,Total TV avg audience,1683000,SBS,False,0.9
AU,voz,1 Free-to-air,Total TV,2026-07-06,2026 FIFA WORLD CUP: MEX V ENG POST-MATCH,,21,30,Total TV avg audience,889000,SBS,False,0.333
AU,voz,1 Free-to-air,Total TV,2026-07-06,2026 FIFA WORLD CUP: USA V BEL LIVE,,10,30,Total TV avg audience,1207000,SBS,False,0.7
AU,voz,1 Free-to-air,Total TV,2026-07-06,7.30,,24,30,Total TV avg audience,852000,ABC,False,0.233
AU,voz,1 Free-to-air,Total TV,2026-07-06,9NEWS,,7,30,Total TV avg audience,1387000,Nine,False,0.8
AU,voz,1 Free-to-air,Total TV,2026-07-06,9NEWS SATURDAY,,20,30,Total TV avg audience,891000,Nine,False,0.367
AU,voz,1 Free-to-air,Total TV,2026-07-06,9NEWS SUNDAY,,9,30,Total TV avg audience,1273000,Nine,False,0.733
AU,voz,1 Free-to-air,Total TV,2026-07-06,A CURRENT AFFAIR,,12,30,Total TV avg audience,1141000,Nine,False,0.633
AU,voz,1 Free-to-air,Total TV,2026-07-06,ABC NEWS,,15,30,Total TV avg audience,977000,ABC,False,0.533
AU,voz,1 Free-to-air,Total TV,2026-07-06,ABC NEWS SUNDAY,,26,30,Total TV avg audience,818000,ABC,False,0.167
AU,voz,1 Free-to-air,Total TV,2026-07-06,AL JAZEERA ENGLISH NEWS MORNING,,29,30,Total TV avg audience,757000,SBS,False,0.067
AU,voz,1 Free-to-air,Total TV,2026-07-06,FARMER WANTS A WIFE,,8,30,Total TV avg audience,1318000,Seven,False,0.767
AU,voz,1 Free-to-air,Total TV,2026-07-06,HAVE YOU BEEN PAYING ATTENTION?,,17,30,Total TV avg audience,942000,10,False,0.467
AU,voz,1 Free-to-air,Total TV,2026-07-06,HOME AND AWAY,,11,30,Total TV avg audience,1191000,Seven,False,0.667
AU,voz,1 Free-to-air,Total TV,2026-07-06,LEGO MASTERS BRICKTACULAR,,27,30,Total TV avg audience,776000,Nine,False,0.133
AU,voz,1 Free-to-air,Total TV,2026-07-06,MASTERCHEF AUSTRALIA,,25,30,Total TV avg audience,837000,10,False,0.2
AU,voz,1 Free-to-air,Total TV,2026-07-06,SEVEN NEWS,,5,30,Total TV avg audience,1607000,Seven,False,0.867
AU,voz,1 Free-to-air,Total TV,2026-07-06,SEVEN’S AFL: THURSDAY NIGHT FOOTBALL,,16,30,Total TV avg audience,951000,Seven,False,0.5
AU,voz,1 Free-to-air,Total TV,2026-07-06,STATE OF ORIGIN RUGBY LEAGUE QLD V NSW 3RD,,1,30,Total TV avg audience,4301000,Nine,False,1.0
AU,voz,1 Free-to-air,Total TV,2026-07-06,THE CHASE AUSTRALIA,,30,30,Total TV avg audience,753000,Seven,False,0.033
AU,voz,1 Free-to-air,Total TV,2026-07-06,THE ROOKIE,,22,30,Total TV avg audience,874000,Seven,False,0.3
AU,voz,1 Free-to-air,Total TV,2026-07-06,TIPPING POINT AUSTRALIA,,18,30,Total TV avg audience,909000,Nine,False,0.433
AU,voz,1 Free-to-air,Total TV,2026-07-06,TRAVEL GUIDES,,13,30,Total TV avg audience,1094000,Nine,False,0.6
AU,voz,1 Free-to-air,Total TV,2026-07-13,2026 FIFA WORLD CUP 3RD PLACE: FRA V ENG LIVE,,5,30,Total TV avg audience,1422000,SBS,False,0.867
AU,voz,1 Free-to-air,Total TV,2026-07-13,2026 FIFA WORLD CUP 3RD PLACE: FRA V ENG POST-MATCH,,24,30,Total TV avg audience,793000,SBS,False,0.233
AU,voz,1 Free-to-air,Total TV,2026-07-13,2026 FIFA WORLD CUP SF: ENG V ARG LIVE,,1,30,Total TV avg audience,1917000,SBS,False,1.0
AU,voz,1 Free-to-air,Total TV,2026-07-13,2026 FIFA WORLD CUP SF: ENG V ARG POST-MATCH,,11,30,Total TV avg audience,1016000,SBS,False,0.667
AU,voz,1 Free-to-air,Total TV,2026-07-13,2026 FIFA WORLD CUP SF: FRA V ESP LIVE,,7,30,Total TV avg audience,1279000,SBS,False,0.8
AU,voz,1 Free-to-air,Total TV,2026-07-13,7.30,,19,30,Total TV avg audience,860000,ABC,False,0.4
AU,voz,1 Free-to-air,Total TV,2026-07-13,7NEWS SPOTLIGHT,,17,30,Total TV avg audience,881000,Seven,False,0.467
AU,voz,1 Free-to-air,Total TV,2026-07-13,9NEWS,,3,30,Total TV avg audience,1425000,Nine,False,0.933
AU,voz,1 Free-to-air,Total TV,2026-07-13,9NEWS SATURDAY,,16,30,Total TV avg audience,917000,Nine,False,0.5
AU,voz,1 Free-to-air,Total TV,2026-07-13,9NEWS SUNDAY,,6,30,Total TV avg audience,1361000,Nine,False,0.833
AU,voz,1 Free-to-air,Total TV,2026-07-13,A CURRENT AFFAIR,,10,30,Total TV avg audience,1050000,Nine,False,0.7
AU,voz,1 Free-to-air,Total TV,2026-07-13,ABC NEWS,,13,30,Total TV avg audience,983000,ABC,False,0.6
AU,voz,1 Free-to-air,Total TV,2026-07-13,ABC NEWS SUNDAY,,26,30,Total TV avg audience,764000,ABC,False,0.167
AU,voz,1 Free-to-air,Total TV,2026-07-13,AUSTRALIAN STORY,,20,30,Total TV avg audience,857000,ABC,False,0.367
AU,voz,1 Free-to-air,Total TV,2026-07-13,FARMER WANTS A WIFE,,4,30,Total TV avg audience,1424000,Seven,False,0.9
AU,voz,1 Free-to-air,Total TV,2026-07-13,HAVE YOU BEEN PAYING ATTENTION?,,14,30,Total TV avg audience,966000,10,False,0.567
AU,voz,1 Free-to-air,Total TV,2026-07-13,HOME AND AWAY,,8,30,Total TV avg audience,1146000,Seven,False,0.767
AU,voz,1 Free-to-air,Total TV,2026-07-13,LEGO MASTERS BRICKTACULAR,,23,30,Total TV avg audience,839000,Nine,False,0.267
AU,voz,1 Free-to-air,Total TV,2026-07-13,MASTERCHEF AUSTRALIA,,18,30,Total TV avg audience,881000,10,False,0.433
AU,voz,1 Free-to-air,Total TV,2026-07-13,MEDIA WATCH,,30,30,Total TV avg audience,704000,ABC,False,0.033
AU,voz,1 Free-to-air,Total TV,2026-07-13,SEVEN NEWS,,2,30,Total TV avg audience,1593000,Seven,False,0.967
AU,voz,1 Free-to-air,Total TV,2026-07-13,SEVEN’S AFL: FRIDAY NIGHT FOOTBALL,,29,30,Total TV avg audience,707000,Seven,False,0.067
AU,voz,1 Free-to-air,Total TV,2026-07-13,THE 1% CLUB UK,,21,30,Total TV avg audience,842000,Seven,False,0.333
AU,voz,1 Free-to-air,Total TV,2026-07-13,THE CHASE AUSTRALIA,,25,30,Total TV avg audience,788000,Seven,False,0.2
AU,voz,1 Free-to-air,Total TV,2026-07-13,THE ROOKIE,,22,30,Total TV avg audience,840000,Seven,False,0.3
AU,voz,1 Free-to-air,Total TV,2026-07-13,THURSDAY NIGHT NRL LIVE,,28,30,Total TV avg audience,724000,Nine,False,0.1
AU,voz,1 Free-to-air,Total TV,2026-07-13,TIPPING POINT AUSTRALIA,,15,30,Total TV avg audience,929000,Nine,False,0.533
AU,voz,1 Free-to-air,Total TV,2026-07-13,TIPPING POINT: TRAVEL GUIDES,,27,30,Total TV avg audience,728000,Nine,False,0.133
AU,voz,1 Free-to-air,Total TV,2026-07-13,TRAVEL GUIDES,,9,30,Total TV avg audience,1086000,Nine,False,0.733
AU,voz,1 Free-to-air,Total TV,2026-07-13,TREASURE & DIRT,,12,30,Total TV avg audience,1000000,ABC,False,0.633
AU,voz,1 Free-to-air,Total TV,2026-07-20,2026 FIFA WORLD CUP FINAL: ESP V ARG LIVE,,1,30,Total TV avg audience,2706000,SBS,False,1.0
AU,voz,1 Free-to-air,Total TV,2026-07-20,2026 FIFA WORLD CUP FINAL: ESP V ARG POST-MATCH,,2,30,Total TV avg audience,1652000,SBS,False,0.967
AU,voz,1 Free-to-air,Total TV,2026-07-20,7.30,,14,30,Total TV avg audience,901000,ABC,False,0.567
AU,voz,1 Free-to-air,Total TV,2026-07-20,9NEWS,,5,30,Total TV avg audience,1392000,Nine,False,0.867
AU,voz,1 Free-to-air,Total TV,2026-07-20,9NEWS SATURDAY,,20,30,Total TV avg audience,828000,Nine,False,0.367
AU,voz,1 Free-to-air,Total TV,2026-07-20,9NEWS SUNDAY,,4,30,Total TV avg audience,1416000,Nine,False,0.9
AU,voz,1 Free-to-air,Total TV,2026-07-20,A CURRENT AFFAIR,,7,30,Total TV avg audience,1076000,Nine,False,0.8
AU,voz,1 Free-to-air,Total TV,2026-07-20,ABC NEWS,,11,30,Total TV avg audience,978000,ABC,False,0.667
AU,voz,1 Free-to-air,Total TV,2026-07-20,ABC NEWS SUNDAY,,23,30,Total TV avg audience,796000,ABC,False,0.267
AU,voz,1 Free-to-air,Total TV,2026-07-20,FOREIGN CORRESPONDENT,,21,30,Total TV avg audience,818000,ABC,False,0.333
AU,voz,1 Free-to-air,Total TV,2026-07-20,FOUR CORNERS,,28,30,Total TV avg audience,702000,ABC,False,0.1
AU,voz,1 Free-to-air,Total TV,2026-07-20,GLASGOW 2026 COMMONWEALTH GAMES: DAY 2 EVENING,,26,30,Total TV avg audience,730000,Seven,False,0.167
AU,voz,1 Free-to-air,Total TV,2026-07-20,GLASGOW 2026 COMMONWEALTH GAMES: DAY 2 NIGHT,,27,30,Total TV avg audience,726000,Seven,False,0.133
AU,voz,1 Free-to-air,Total TV,2026-07-20,GLASGOW 2026 COMMONWEALTH GAMES: DAY 3 EVENING,,10,30,Total TV avg audience,979000,Seven,False,0.7
AU,voz,1 Free-to-air,Total TV,2026-07-20,GLASGOW 2026 COMMONWEALTH GAMES: DAY 3 NIGHT,,19,30,Total TV avg audience,836000,Seven,False,0.4
AU,voz,1 Free-to-air,Total TV,2026-07-20,HAVE YOU BEEN PAYING ATTENTION?,,9,30,Total TV avg audience,1042000,10,False,0.733
AU,voz,1 Free-to-air,Total TV,2026-07-20,HOME AND AWAY,,6,30,Total TV avg audience,1152000,Seven,False,0.833
AU,voz,1 Free-to-air,Total TV,2026-07-20,KITCHEN CABINET,,22,30,Total TV avg audience,806000,ABC,False,0.3
AU,voz,1 Free-to-air,Total TV,2026-07-20,LEGO MASTERS BRICKTACULAR,,16,30,Total TV avg audience,864000,Nine,False,0.5
AU,voz,1 Free-to-air,Total TV,2026-07-20,MASTERCHEF AUSTRALIA,,12,30,Total TV avg audience,926000,10,False,0.633
AU,voz,1 Free-to-air,Total TV,2026-07-20,MEDIA WATCH,,29,30,Total TV avg audience,697000,ABC,False,0.067
AU,voz,1 Free-to-air,Total TV,2026-07-20,SEVEN NEWS,,3,30,Total TV avg audience,1604000,Seven,False,0.933
AU,voz,1 Free-to-air,Total TV,2026-07-20,SEVEN’S AFL: FRIDAY NIGHT FOOTBALL,,25,30,Total TV avg audience,739000,Seven,False,0.2
AU,voz,1 Free-to-air,Total TV,2026-07-20,SEVEN’S AFL: THURSDAY NIGHT FOOTBALL,,24,30,Total TV avg audience,741000,Seven,False,0.233
AU,voz,1 Free-to-air,Total TV,2026-07-20,THE 1% CLUB UK,,18,30,Total TV avg audience,838000,Seven,False,0.433
AU,voz,1 Free-to-air,Total TV,2026-07-20,THE CHASE AUSTRALIA,,17,30,Total TV avg audience,847000,Seven,False,0.467
AU,voz,1 Free-to-air,Total TV,2026-07-20,THE ROOKIE,,13,30,Total TV avg audience,903000,Seven,False,0.6
AU,voz,1 Free-to-air,Total TV,2026-07-20,TIPPING POINT,,30,30,Total TV avg audience,682000,Nine,False,0.033
AU,voz,1 Free-to-air,Total TV,2026-07-20,TIPPING POINT AUSTRALIA,,15,30,Total TV avg audience,893000,Nine,False,0.533
AU,voz,1 Free-to-air,Total TV,2026-07-20,TRAVEL GUIDES,,8,30,Total TV avg audience,1076000,Nine,False,0.767
AU,voz,1 Free-to-air,Total TV,2026-07-27,7.30,,23,30,Total TV avg audience,787000,ABC,False,0.267
AU,voz,1 Free-to-air,Total TV,2026-07-27,9NEWS,,3,30,Total TV avg audience,1419000,Nine,False,0.933
AU,voz,1 Free-to-air,Total TV,2026-07-27,9NEWS SATURDAY,,20,30,Total TV avg audience,882000,Nine,False,0.367
AU,voz,1 Free-to-air,Total TV,2026-07-27,9NEWS SUNDAY,,6,30,Total TV avg audience,1280000,Nine,False,0.833
AU,voz,1 Free-to-air,Total TV,2026-07-27,A CURRENT AFFAIR,,10,30,Total TV avg audience,1066000,Nine,False,0.7
AU,voz,1 Free-to-air,Total TV,2026-07-27,ABC NEWS,,14,30,Total TV avg audience,952000,ABC,False,0.567
AU,voz,1 Free-to-air,Total TV,2026-07-27,ABC NEWS SUNDAY,,21,30,Total TV avg audience,802000,ABC,False,0.333
AU,voz,1 Free-to-air,Total TV,2026-07-27,AUSTRALIAN STORY,,27,30,Total TV avg audience,715000,ABC,False,0.133
AU,voz,1 Free-to-air,Total TV,2026-07-27,FARMER WANTS A WIFE,,4,30,Total TV avg audience,1372000,Seven,False,0.9
AU,voz,1 Free-to-air,Total TV,2026-07-27,FOUR CORNERS,,9,30,Total TV avg audience,1090000,ABC,False,0.733
AU,voz,1 Free-to-air,Total TV,2026-07-27,GLASGOW 2026 COMMONWEALTH GAMES: DAY 4 EVENING,,18,30,Total TV avg audience,885000,Seven,False,0.433
AU,voz,1 Free-to-air,Total TV,2026-07-27,GLASGOW 2026 COMMONWEALTH GAMES: DAY 4 NIGHT,,16,30,Total TV avg audience,895000,Seven,False,0.5
AU,voz,1 Free-to-air,Total TV,2026-07-27,GLASGOW 2026 COMMONWEALTH GAMES: DAY 5 EVENING,,13,30,Total TV avg audience,975000,Seven,False,0.6
AU,voz,1 Free-to-air,Total TV,2026-07-27,GLASGOW 2026 COMMONWEALTH GAMES: DAY 5 NIGHT,,8,30,Total TV avg audience,1101000,Seven,False,0.767
AU,voz,1 Free-to-air,Total TV,2026-07-27,GLASGOW 2026 COMMONWEALTH GAMES: DAY 6 EVENING,,11,30,Total TV avg audience,1056000,Seven,False,0.667
AU,voz,1 Free-to-air,Total TV,2026-07-27,GLASGOW 2026 COMMONWEALTH GAMES: DAY 6 NIGHT,,7,30,Total TV avg audience,1156000,Seven,False,0.8
AU,voz,1 Free-to-air,Total TV,2026-07-27,GLASGOW 2026 COMMONWEALTH GAMES: DAY 7 NIGHT,,30,30,Total TV avg audience,681000,Seven,False,0.033
AU,voz,1 Free-to-air,Total TV,2026-07-27,GLASGOW 2026 COMMONWEALTH GAMES: DAY 8 EVENING,,29,30,Total TV avg audience,697000,Seven,False,0.067
AU,voz,1 Free-to-air,Total TV,2026-07-27,GLASGOW 2026 COMMONWEALTH GAMES: DAY 9 EVENING,,28,30,Total TV avg audience,701000,Seven,False,0.1
AU,voz,1 Free-to-air,Total TV,2026-07-27,GLASGOW 2026 COMMONWEALTH GAMES: DAY 9 LATE,,26,30,Total TV avg audience,718000,Seven,False,0.167
AU,voz,1 Free-to-air,Total TV,2026-07-27,GLASGOW 2026 COMMONWEALTH GAMES: DAY 9 NIGHT,,25,30,Total TV avg audience,771000,Seven,False,0.2
AU,voz,1 Free-to-air,Total TV,2026-07-27,HAVE YOU BEEN PAYING ATTENTION?,,15,30,Total TV avg audience,945000,10,False,0.533
AU,voz,1 Free-to-air,Total TV,2026-07-27,MASTERCHEF AUSTRALIA,,19,30,Total TV avg audience,884000,10,False,0.4
AU,voz,1 Free-to-air,Total TV,2026-07-27,MEDIA WATCH,,22,30,Total TV avg audience,801000,ABC,False,0.3
AU,voz,1 Free-to-air,Total TV,2026-07-27,SEVEN NEWS,,1,30,Total TV avg audience,1553000,Seven,False,1.0
AU,voz,1 Free-to-air,Total TV,2026-07-27,THE BLOCK,,2,30,Total TV avg audience,1480000,Nine,False,0.967
AU,voz,1 Free-to-air,Total TV,2026-07-27,THE CHASE AUSTRALIA,,24,30,Total TV avg audience,772000,Seven,False,0.233
AU,voz,1 Free-to-air,Total TV,2026-07-27,THE VOICE,,5,30,Total TV avg audience,1362000,Seven,False,0.867
AU,voz,1 Free-to-air,Total TV,2026-07-27,TIPPING POINT AUSTRALIA,,17,30,Total TV avg audience,890000,Nine,False,0.467
AU,voz,1 Free-to-air,Total TV,2026-07-27,TRAVEL GUIDES,,12,30,Total TV avg audience,1049000,Nine,False,0.633
AU,voz,1 Free-to-air,Total TV,2026-08-03,60 MINUTES,,17,30,Total TV avg audience,816000,Nine,False,0.467
AU,voz,1 Free-to-air,Total TV,2026-08-03,7.30,,15,30,Total TV avg audience,828000,ABC,False,0.533
AU,voz,1 Free-to-air,Total TV,2026-08-03,9NEWS,,4,30,Total TV avg audience,1392000,Nine,False,0.9
AU,voz,1 Free-to-air,Total TV,2026-08-03,9NEWS SATURDAY,,14,30,Total TV avg audience,870000,Nine,False,0.567
AU,voz,1 Free-to-air,Total TV,2026-08-03,9NEWS SUNDAY,,3,30,Total TV avg audience,1411000,Nine,False,0.933
AU,voz,1 Free-to-air,Total TV,2026-08-03,A CURRENT AFFAIR,,5,30,Total TV avg audience,1176000,Nine,False,0.867
AU,voz,1 Free-to-air,Total TV,2026-08-03,ABC NEWS,,10,30,Total TV avg audience,948000,ABC,False,0.7
AU,voz,1 Free-to-air,Total TV,2026-08-03,ABC NEWS SUNDAY,,16,30,Total TV avg audience,826000,ABC,False,0.5
AU,voz,1 Free-to-air,Total TV,2026-08-03,ALONE AUSTRALIA,,24,30,Total TV avg audience,638000,SBS,False,0.233
AU,voz,1 Free-to-air,Total TV,2026-08-03,AUSTRALIAN STORY,,21,30,Total TV avg audience,726000,ABC,False,0.333
AU,voz,1 Free-to-air,Total TV,2026-08-03,FOUR CORNERS,,12,30,Total TV avg audience,876000,ABC,False,0.633
AU,voz,1 Free-to-air,Total TV,2026-08-03,GRANTCHESTER,,25,30,Total TV avg audience,600000,ABC,False,0.2
AU,voz,1 Free-to-air,Total TV,2026-08-03,HARD QUIZ,,27,30,Total TV avg audience,581000,ABC,False,0.133
AU,voz,1 Free-to-air,Total TV,2026-08-03,HAVE YOU BEEN PAYING ATTENTION?,,8,30,Total TV avg audience,979000,10,False,0.767
AU,voz,1 Free-to-air,Total TV,2026-08-03,HOME AND AWAY,,6,30,Total TV avg audience,1161000,Seven,False,0.833
AU,voz,1 Free-to-air,Total TV,2026-08-03,INSIDERS,,28,30,Total TV avg audience,568000,ABC,False,0.1
AU,voz,1 Free-to-air,Total TV,2026-08-03,KITCHEN CABINET,,29,30,Total TV avg audience,564000,ABC,False,0.067
AU,voz,1 Free-to-air,Total TV,2026-08-03,MASTERCHEF AUSTRALIA,,9,30,Total TV avg audience,973000,10,False,0.733
AU,voz,1 Free-to-air,Total TV,2026-08-03,MEDIA WATCH-LE,,20,30,Total TV avg audience,767000,ABC,False,0.367
AU,voz,1 Free-to-air,Total TV,2026-08-03,SEVEN NEWS,,2,30,Total TV avg audience,1548000,Seven,False,0.967
AU,voz,1 Free-to-air,Total TV,2026-08-03,SEVEN’S AFL: FRIDAY NIGHT FOOTBALL,,23,30,Total TV avg audience,672000,Seven,False,0.267
AU,voz,1 Free-to-air,Total TV,2026-08-03,SEVEN’S AFL: THURSDAY NIGHT FOOTBALL,,26,30,Total TV avg audience,583000,Seven,False,0.167
AU,voz,1 Free-to-air,Total TV,2026-08-03,THE 1% CLUB UK,,18,30,Total TV avg audience,788000,Seven,False,0.433
AU,voz,1 Free-to-air,Total TV,2026-08-03,THE BLOCK,,1,30,Total TV avg audience,1615000,Nine,False,1.0
AU,voz,1 Free-to-air,Total TV,2026-08-03,THE CHASE AUSTRALIA,,19,30,Total TV avg audience,778000,Seven,False,0.4
AU,voz,1 Free-to-air,Total TV,2026-08-03,THE CHEAP SEATS,,30,30,Total TV avg audience,558000,10,False,0.033
AU,voz,1 Free-to-air,Total TV,2026-08-03,THE FRONT BAR,,22,30,Total TV avg audience,673000,Seven,False,0.3
AU,voz,1 Free-to-air,Total TV,2026-08-03,THE TRAITORS AUSTRALIA,,13,30,Total TV avg audience,872000,10,False,0.6
AU,voz,1 Free-to-air,Total TV,2026-08-03,THE VOICE,,7,30,Total TV avg audience,1159000,Seven,False,0.8
AU,voz,1 Free-to-air,Total TV,2026-08-03,TIPPING POINT AUSTRALIA,,11,30,Total TV avg audience,890000,Nine,False,0.667
AU,voz,1 Free-to-air,Total TV,2026-08-10,60 MINUTES,,26,30,Total TV avg audience,686000,Nine,False,0.167
AU,voz,1 Free-to-air,Total TV,2026-08-10,7.30,,21,30,Total TV avg audience,757000,ABC,False,0.333
AU,voz,1 Free-to-air,Total TV,2026-08-10,9NEWS,,4,30,Total TV avg audience,1392000,Nine,False,0.9
AU,voz,1 Free-to-air,Total TV,2026-08-10,9NEWS SATURDAY,,12,30,Total TV avg audience,908000,Nine,False,0.633
AU,voz,1 Free-to-air,Total TV,2026-08-10,9NEWS SUNDAY,,5,30,Total TV avg audience,1372000,Nine,False,0.867
AU,voz,1 Free-to-air,Total TV,2026-08-10,A CURRENT AFFAIR,,8,30,Total TV avg audience,1183000,Nine,False,0.767
AU,voz,1 Free-to-air,Total TV,2026-08-10,ABC NEWS,,11,30,Total TV avg audience,978000,ABC,False,0.667
AU,voz,1 Free-to-air,Total TV,2026-08-10,ABC NEWS SUNDAY,,19,30,Total TV avg audience,788000,ABC,False,0.4
AU,voz,1 Free-to-air,Total TV,2026-08-10,ALONE AUSTRALIA,,25,30,Total TV avg audience,694000,SBS,False,0.2
AU,voz,1 Free-to-air,Total TV,2026-08-10,AUSTRALIAN STORY,,28,30,Total TV avg audience,642000,ABC,False,0.1
AU,voz,1 Free-to-air,Total TV,2026-08-10,FOUR CORNERS,,29,30,Total TV avg audience,631000,ABC,False,0.067
AU,voz,1 Free-to-air,Total TV,2026-08-10,HARD QUIZ,,30,30,Total TV avg audience,602000,ABC,False,0.033
AU,voz,1 Free-to-air,Total TV,2026-08-10,HAVE YOU BEEN PAYING ATTENTION?,,13,30,Total TV avg audience,896000,10,False,0.6
AU,voz,1 Free-to-air,Total TV,2026-08-10,HOME AND AWAY,,7,30,Total TV avg audience,1239000,Seven,False,0.8
AU,voz,1 Free-to-air,Total TV,2026-08-10,LOGIES RED CARPET,,6,30,Total TV avg audience,1332000,Seven,False,0.833
AU,voz,1 Free-to-air,Total TV,2026-08-10,MEDIA WATCH,,24,30,Total TV avg audience,733000,ABC,False,0.233
AU,voz,1 Free-to-air,Total TV,2026-08-10,PORTRAIT ARTIST OF THE YEAR,,23,30,Total TV avg audience,736000,ABC,False,0.267
AU,voz,1 Free-to-air,Total TV,2026-08-10,SEVEN NEWS,,3,30,Total TV avg audience,1588000,Seven,False,0.933
AU,voz,1 Free-to-air,Total TV,2026-08-10,SEVEN’S AFL: FRIDAY NIGHT FOOTBALL,,16,30,Total TV avg audience,838000,Seven,False,0.5
AU,voz,1 Free-to-air,Total TV,2026-08-10,THE 1% CLUB UK,,17,30,Total TV avg audience,832000,Seven,False,0.467
AU,voz,1 Free-to-air,Total TV,2026-08-10,THE 66TH TV WEEK LOGIE AWARDS,,10,30,Total TV avg audience,1128000,Seven,False,0.7
AU,voz,1 Free-to-air,Total TV,2026-08-10,THE 66TH TV WEEK LOGIE AWARDS 2026,,2,30,Total TV avg audience,1631000,Seven,False,0.967
AU,voz,1 Free-to-air,Total TV,2026-08-10,THE BLOCK,,1,30,Total TV avg audience,1652000,Nine,False,1.0
AU,voz,1 Free-to-air,Total TV,2026-08-10,THE CHASE AUSTRALIA,,22,30,Total TV avg audience,740000,Seven,False,0.3
AU,voz,1 Free-to-air,Total TV,2026-08-10,THE FRONT BAR,,27,30,Total TV avg audience,649000,Seven,False,0.133
AU,voz,1 Free-to-air,Total TV,2026-08-10,THE ROOKIE,,15,30,Total TV avg audience,891000,Seven,False,0.533
AU,voz,1 Free-to-air,Total TV,2026-08-10,THE TRAITORS AUSTRALIA,,18,30,Total TV avg audience,790000,10,False,0.433
AU,voz,1 Free-to-air,Total TV,2026-08-10,THE VOICE,,9,30,Total TV avg audience,1167000,Seven,False,0.733
AU,voz,1 Free-to-air,Total TV,2026-08-10,THURSDAY NIGHT NRL LIVE,,20,30,Total TV avg audience,775000,Nine,False,0.367
AU,voz,1 Free-to-air,Total TV,2026-08-10,TIPPING POINT AUSTRALIA,,14,30,Total TV avg audience,894000,Nine,False,0.567
AU,voz,1 Free-to-air,Total TV,2026-08-17,60 MINUTES,,18,30,Total TV avg audience,765000,Nine,False,0.433
AU,voz,1 Free-to-air,Total TV,2026-08-17,7.30,,16,30,Total TV avg audience,799000,ABC,False,0.5
AU,voz,1 Free-to-air,Total TV,2026-08-17,9NEWS,,4,30,Total TV avg audience,1334000,Nine,False,0.9
AU,voz,1 Free-to-air,Total TV,2026-08-17,9NEWS SATURDAY,,13,30,Total TV avg audience,849000,Nine,False,0.6
AU,voz,1 Free-to-air,Total TV,2026-08-17,9NEWS SUNDAY,,3,30,Total TV avg audience,1408000,Nine,False,0.933
AU,voz,1 Free-to-air,Total TV,2026-08-17,A CURRENT AFFAIR,,7,30,Total TV avg audience,1085000,Nine,False,0.8
AU,voz,1 Free-to-air,Total TV,2026-08-17,ABC NEWS,,8,30,Total TV avg audience,960000,ABC,False,0.767
AU,voz,1 Free-to-air,Total TV,2026-08-17,ABC NEWS SUNDAY,,14,30,Total TV avg audience,828000,ABC,False,0.567
AU,voz,1 Free-to-air,Total TV,2026-08-17,ALONE AUSTRALIA,,26,30,Total TV avg audience,617000,SBS,False,0.167
AU,voz,1 Free-to-air,Total TV,2026-08-17,AUSTRALIAN STORY,,22,30,Total TV avg audience,707000,ABC,False,0.3
AU,voz,1 Free-to-air,Total TV,2026-08-17,FOUR CORNERS,,20,30,Total TV avg audience,757000,ABC,False,0.367
AU,voz,1 Free-to-air,Total TV,2026-08-17,GOGGLEBOX,,23,30,Total TV avg audience,705000,10,False,0.267
AU,voz,1 Free-to-air,Total TV,2026-08-17,GRANTCHESTER,,29,30,Total TV avg audience,598000,ABC,False,0.067
AU,voz,1 Free-to-air,Total TV,2026-08-17,HARD QUIZ,,28,30,Total TV avg audience,604000,ABC,False,0.1
AU,voz,1 Free-to-air,Total TV,2026-08-17,HAVE YOU BEEN PAYING ATTENTION?,,9,30,Total TV avg audience,919000,10,False,0.733
AU,voz,1 Free-to-air,Total TV,2026-08-17,HOME AND AWAY,,5,30,Total TV avg audience,1239000,Seven,False,0.867
AU,voz,1 Free-to-air,Total TV,2026-08-17,MEDIA WATCH,,21,30,Total TV avg audience,752000,ABC,False,0.333
AU,voz,1 Free-to-air,Total TV,2026-08-17,PORTRAIT ARTIST OF THE YEAR,,27,30,Total TV avg audience,615000,ABC,False,0.133
AU,voz,1 Free-to-air,Total TV,2026-08-17,SEVEN NEWS,,2,30,Total TV avg audience,1587000,Seven,False,0.967
AU,voz,1 Free-to-air,Total TV,2026-08-17,SEVEN’S AFL: FRIDAY NIGHT FOOTBALL,,24,30,Total TV avg audience,677000,Seven,False,0.233
AU,voz,1 Free-to-air,Total TV,2026-08-17,THE 1% CLUB UK,,12,30,Total TV avg audience,869000,Seven,False,0.633
AU,voz,1 Free-to-air,Total TV,2026-08-17,THE BLOCK,,1,30,Total TV avg audience,1645000,Nine,False,1.0
AU,voz,1 Free-to-air,Total TV,2026-08-17,THE CHASE AUSTRALIA,,19,30,Total TV avg audience,758000,Seven,False,0.4
AU,voz,1 Free-to-air,Total TV,2026-08-17,THE CHEAP SEATS,,30,30,Total TV avg audience,580000,10,False,0.033
AU,voz,1 Free-to-air,Total TV,2026-08-17,THE FRONT BAR,,17,30,Total TV avg audience,787000,Seven,False,0.467
AU,voz,1 Free-to-air,Total TV,2026-08-17,THE ROOKIE,,10,30,Total TV avg audience,908000,Seven,False,0.7
AU,voz,1 Free-to-air,Total TV,2026-08-17,THE TRAITORS AUSTRALIA,,15,30,Total TV avg audience,808000,10,False,0.533
AU,voz,1 Free-to-air,Total TV,2026-08-17,THE VOICE,,6,30,Total TV avg audience,1231000,Seven,False,0.833
AU,voz,1 Free-to-air,Total TV,2026-08-17,THURSDAY NIGHT NRL LIVE,,25,30,Total TV avg audience,671000,Nine,False,0.2
AU,voz,1 Free-to-air,Total TV,2026-08-17,TIPPING POINT AUSTRALIA,,11,30,Total TV avg audience,884000,Nine,False,0.667
AU,voz,1 Free-to-air,Total TV,2026-08-24,60 MINUTES,,8,30,Total TV avg audience,983000,Nine,False,0.767
AU,voz,1 Free-to-air,Total TV,2026-08-24,7.30,,20,30,Total TV avg audience,805000,ABC,False,0.367
AU,voz,1 Free-to-air,Total TV,2026-08-24,7NEWS SPOTLIGHT,,24,30,Total TV avg audience,715000,Seven,False,0.233
AU,voz,1 Free-to-air,Total TV,2026-08-24,9NEWS,,4,30,Total TV avg audience,1415000,Nine,False,0.9
AU,voz,1 Free-to-air,Total TV,2026-08-24,9NEWS SATURDAY,,13,30,Total TV avg audience,905000,Nine,False,0.6
AU,voz,1 Free-to-air,Total TV,2026-08-24,9NEWS SUNDAY,,3,30,Total TV avg audience,1430000,Nine,False,0.933
AU,voz,1 Free-to-air,Total TV,2026-08-24,A CURRENT AFFAIR,,7,30,Total TV avg audience,1160000,Nine,False,0.8
AU,voz,1 Free-to-air,Total TV,2026-08-24,ABC NEWS,,11,30,Total TV avg audience,927000,ABC,False,0.667
AU,voz,1 Free-to-air,Total TV,2026-08-24,ABC NEWS SUNDAY,,18,30,Total TV avg audience,845000,ABC,False,0.433
AU,voz,1 Free-to-air,Total TV,2026-08-24,AFL: LEGENDS GAME FOR PROSTRATE CANCER,,16,30,Total TV avg audience,862000,Seven,False,0.5
AU,voz,1 Free-to-air,Total TV,2026-08-24,AUSTRALIAN STORY,,22,30,Total TV avg audience,739000,ABC,False,0.3
AU,voz,1 Free-to-air,Total TV,2026-08-24,FOUR CORNERS,,25,30,Total TV avg audience,698000,ABC,False,0.2
AU,voz,1 Free-to-air,Total TV,2026-08-24,FRIDAY NIGHT NRL LIVE,,30,30,Total TV avg audience,645000,Nine,False,0.033
AU,voz,1 Free-to-air,Total TV,2026-08-24,GOGGLEBOX,,27,30,Total TV avg audience,692000,10,False,0.133
AU,voz,1 Free-to-air,Total TV,2026-08-24,HAVE YOU BEEN PAYING ATTENTION?,,14,30,Total TV avg audience,902000,10,False,0.567
AU,voz,1 Free-to-air,Total TV,2026-08-24,HOME AND AWAY,,6,30,Total TV avg audience,1221000,Seven,False,0.833
AU,voz,1 Free-to-air,Total TV,2026-08-24,MEDIA WATCH,,21,30,Total TV avg audience,780000,ABC,False,0.333
AU,voz,1 Free-to-air,Total TV,2026-08-24,PORTRAIT ARTIST OF THE YEAR,,29,30,Total TV avg audience,647000,ABC,False,0.067
AU,voz,1 Free-to-air,Total TV,2026-08-24,SEVEN NEWS,,2,30,Total TV avg audience,1517000,Seven,False,0.967
AU,voz,1 Free-to-air,Total TV,2026-08-24,SEVEN’S AFL: FRIDAY NIGHT FOOTBALL FINALS,,9,30,Total TV avg audience,976000,Seven,False,0.733
AU,voz,1 Free-to-air,Total TV,2026-08-24,SEVEN’S AFL: SATURDAY NIGHT FOOTBALL FINALS,,10,30,Total TV avg audience,929000,Seven,False,0.7
AU,voz,1 Free-to-air,Total TV,2026-08-24,THE 1% CLUB UK,,15,30,Total TV avg audience,888000,Seven,False,0.533
AU,voz,1 Free-to-air,Total TV,2026-08-24,THE BLOCK,,1,30,Total TV avg audience,1603000,Nine,False,1.0
AU,voz,1 Free-to-air,Total TV,2026-08-24,THE CHASE AUSTRALIA,,23,30,Total TV avg audience,718000,Seven,False,0.267
AU,voz,1 Free-to-air,Total TV,2026-08-24,THE FRONT BAR,,28,30,Total TV avg audience,686000,Seven,False,0.1
AU,voz,1 Free-to-air,Total TV,2026-08-24,THE ROOKIE,,12,30,Total TV avg audience,925000,Seven,False,0.633
AU,voz,1 Free-to-air,Total TV,2026-08-24,THE TRAITORS AUSTRALIA,,19,30,Total TV avg audience,810000,10,False,0.4
AU,voz,1 Free-to-air,Total TV,2026-08-24,THE VOICE,,5,30,Total TV avg audience,1357000,Seven,False,0.867
AU,voz,1 Free-to-air,Total TV,2026-08-24,THURSDAY NIGHT NRL LIVE,,26,30,Total TV avg audience,695000,Nine,False,0.167
AU,voz,1 Free-to-air,Total TV,2026-08-24,TIPPING POINT AUSTRALIA,,17,30,Total TV avg audience,850000,Nine,False,0.467
AU,voz,1 Free-to-air,Total TV,2026-08-31,60 MINUTES,,28,30,Total TV avg audience,686000,Nine,False,0.1
AU,voz,1 Free-to-air,Total TV,2026-08-31,7.30,,19,30,Total TV avg audience,839000,ABC,False,0.4
AU,voz,1 Free-to-air,Total TV,2026-08-31,7NEWS SPOTLIGHT,,11,30,Total TV avg audience,991000,Seven,False,0.667
AU,voz,1 Free-to-air,Total TV,2026-08-31,9NEWS,,3,30,Total TV avg audience,1361000,Nine,False,0.933
AU,voz,1 Free-to-air,Total TV,2026-08-31,9NEWS SATURDAY,,10,30,Total TV avg audience,1019000,Nine,False,0.7
AU,voz,1 Free-to-air,Total TV,2026-08-31,9NEWS SUNDAY,,5,30,Total TV avg audience,1328000,Nine,False,0.867
AU,voz,1 Free-to-air,Total TV,2026-08-31,A CURRENT AFFAIR,,7,30,Total TV avg audience,1098000,Nine,False,0.8
AU,voz,1 Free-to-air,Total TV,2026-08-31,ABC NEWS,,12,30,Total TV avg audience,969000,ABC,False,0.633
AU,voz,1 Free-to-air,Total TV,2026-08-31,ABC NEWS SUNDAY,,21,30,Total TV avg audience,812000,ABC,False,0.333
AU,voz,1 Free-to-air,Total TV,2026-08-31,AUSTRALIAN STORY,,23,30,Total TV avg audience,770000,ABC,False,0.267
AU,voz,1 Free-to-air,Total TV,2026-08-31,FRIDAY NIGHT NRL LIVE,,24,30,Total TV avg audience,756000,Nine,False,0.233
AU,voz,1 Free-to-air,Total TV,2026-08-31,GOGGLEBOX,,30,30,Total TV avg audience,663000,10,False,0.033
AU,voz,1 Free-to-air,Total TV,2026-08-31,HAVE YOU BEEN PAYING ATTENTION?,,13,30,Total TV avg audience,942000,10,False,0.6
AU,voz,1 Free-to-air,Total TV,2026-08-31,HOME AND AWAY,,6,30,Total TV avg audience,1198000,Seven,False,0.833
AU,voz,1 Free-to-air,Total TV,2026-08-31,MEDIA WATCH,,25,30,Total TV avg audience,744000,ABC,False,0.2
AU,voz,1 Free-to-air,Total TV,2026-08-31,SEVEN NEWS,,2,30,Total TV avg audience,1488000,Seven,False,0.967
AU,voz,1 Free-to-air,Total TV,2026-08-31,SEVEN’S AFL: FRIDAY NIGHT FOOTBALL FINALS,,8,30,Total TV avg audience,1092000,Seven,False,0.767
AU,voz,1 Free-to-air,Total TV,2026-08-31,SEVEN’S AFL: SATURDAY AFTERNOON FOOTBALL FINALS,,22,30,Total TV avg audience,791000,Seven,False,0.3
AU,voz,1 Free-to-air,Total TV,2026-08-31,SEVEN’S AFL: SATURDAY NIGHT FOOTBALL FINALS,,14,30,Total TV avg audience,937000,Seven,False,0.567
AU,voz,1 Free-to-air,Total TV,2026-08-31,SEVEN’S AFL: THURSDAY NIGHT FOOTBALL FINALS,,9,30,Total TV avg audience,1064000,Seven,False,0.733
AU,voz,1 Free-to-air,Total TV,2026-08-31,STEVE IRWIN: A WILD LIFE,,18,30,Total TV avg audience,843000,Nine,False,0.433
AU,voz,1 Free-to-air,Total TV,2026-08-31,THE 1% CLUB UK,,17,30,Total TV avg audience,847000,Seven,False,0.467
AU,voz,1 Free-to-air,Total TV,2026-08-31,THE BLOCK,,1,30,Total TV avg audience,1657000,Nine,False,1.0
AU,voz,1 Free-to-air,Total TV,2026-08-31,THE CHASE AUSTRALIA,,27,30,Total TV avg audience,692000,Seven,False,0.133
AU,voz,1 Free-to-air,Total TV,2026-08-31,THE FRONT BAR,,26,30,Total TV avg audience,698000,Seven,False,0.167
AU,voz,1 Free-to-air,Total TV,2026-08-31,THE ROOKIE,,15,30,Total TV avg audience,871000,Seven,False,0.533
AU,voz,1 Free-to-air,Total TV,2026-08-31,THE TRAITORS AUSTRALIA,,20,30,Total TV avg audience,828000,10,False,0.367
AU,voz,1 Free-to-air,Total TV,2026-08-31,THE VOICE,,4,30,Total TV avg audience,1360000,Seven,False,0.9
AU,voz,1 Free-to-air,Total TV,2026-08-31,TIPPING POINT AUSTRALIA,,16,30,Total TV avg audience,859000,Nine,False,0.5
AU,voz,1 Free-to-air,Total TV,2026-08-31,TRAVEL GUIDES,,29,30,Total TV avg audience,664000,Nine,False,0.067
AU,voz,1 Free-to-air,Total TV,2026-09-07,60 MINUTES,,23,30,Total TV avg audience,808000,Nine,False,0.267
AU,voz,1 Free-to-air,Total TV,2026-09-07,7.30,,24,30,Total TV avg audience,778000,ABC,False,0.233
AU,voz,1 Free-to-air,Total TV,2026-09-07,9NEWS,,4,30,Total TV avg audience,1275000,Nine,False,0.9
AU,voz,1 Free-to-air,Total TV,2026-09-07,9NEWS SATURDAY,,8,30,Total TV avg audience,1138000,Nine,False,0.767
AU,voz,1 Free-to-air,Total TV,2026-09-07,9NEWS SUNDAY,,3,30,Total TV avg audience,1502000,Nine,False,0.933
AU,voz,1 Free-to-air,Total TV,2026-09-07,A CURRENT AFFAIR,,9,30,Total TV avg audience,1107000,Nine,False,0.733
AU,voz,1 Free-to-air,Total TV,2026-09-07,ABC NEWS,,15,30,Total TV avg audience,926000,ABC,False,0.533
AU,voz,1 Free-to-air,Total TV,2026-09-07,ABC NEWS SUNDAY,,20,30,Total TV avg audience,828000,ABC,False,0.367
AU,voz,1 Free-to-air,Total TV,2026-09-07,AUSTRALIAN STORY,,29,30,Total TV avg audience,681000,ABC,False,0.067
AU,voz,1 Free-to-air,Total TV,2026-09-07,FOUR CORNERS,,30,30,Total TV avg audience,679000,ABC,False,0.033
AU,voz,1 Free-to-air,Total TV,2026-09-07,HAVE YOU BEEN PAYING ATTENTION?,,14,30,Total TV avg audience,940000,10,False,0.567
AU,voz,1 Free-to-air,Total TV,2026-09-07,HOME AND AWAY,,7,30,Total TV avg audience,1208000,Seven,False,0.8
AU,voz,1 Free-to-air,Total TV,2026-09-07,MEDIA WATCH,,28,30,Total TV avg audience,686000,ABC,False,0.1
AU,voz,1 Free-to-air,Total TV,2026-09-07,NFL,,12,30,Total TV avg audience,950000,Seven,False,0.633
AU,voz,1 Free-to-air,Total TV,2026-09-07,NRL LIVE FINAL SERIES EF1,,13,30,Total TV avg audience,945000,Nine,False,0.6
AU,voz,1 Free-to-air,Total TV,2026-09-07,NRL LIVE FINAL SERIES EF2,,22,30,Total TV avg audience,813000,Nine,False,0.3
AU,voz,1 Free-to-air,Total TV,2026-09-07,NRL LIVE FINAL SERIES QF1,,25,30,Total TV avg audience,752000,Nine,False,0.2
AU,voz,1 Free-to-air,Total TV,2026-09-07,NRL LIVE FINAL SERIES QF2,,10,30,Total TV avg audience,1008000,Nine,False,0.7
AU,voz,1 Free-to-air,Total TV,2026-09-07,SEVEN NEWS,,2,30,Total TV avg audience,1516000,Seven,False,0.967
AU,voz,1 Free-to-air,Total TV,2026-09-07,SEVEN’S AFL: FRIDAY NIGHT FOOTBALL FINALS,,6,30,Total TV avg audience,1209000,Seven,False,0.833
AU,voz,1 Free-to-air,Total TV,2026-09-07,SEVEN’S AFL: SATURDAY NIGHT FOOTBALL FINALS,,11,30,Total TV avg audience,993000,Seven,False,0.667
AU,voz,1 Free-to-air,Total TV,2026-09-07,THE 1% CLUB UK,,19,30,Total TV avg audience,859000,Seven,False,0.4
AU,voz,1 Free-to-air,Total TV,2026-09-07,THE BLOCK,,1,30,Total TV avg audience,1662000,Nine,False,1.0
AU,voz,1 Free-to-air,Total TV,2026-09-07,THE CHASE AUSTRALIA,,26,30,Total TV avg audience,734000,Seven,False,0.167
AU,voz,1 Free-to-air,Total TV,2026-09-07,THE FRONT BAR,,27,30,Total TV avg audience,696000,Seven,False,0.133
AU,voz,1 Free-to-air,Total TV,2026-09-07,THE ROOKIE,,17,30,Total TV avg audience,890000,Seven,False,0.467
AU,voz,1 Free-to-air,Total TV,2026-09-07,THE TRAITORS AUSTRALIA,,16,30,Total TV avg audience,898000,10,False,0.5
AU,voz,1 Free-to-air,Total TV,2026-09-07,THE TRAITORS AUSTRALIA GRAND FINALE,,18,30,Total TV avg audience,879000,10,False,0.433
AU,voz,1 Free-to-air,Total TV,2026-09-07,THE VOICE,,5,30,Total TV avg audience,1263000,Seven,False,0.867
AU,voz,1 Free-to-air,Total TV,2026-09-07,TIPPING POINT AUSTRALIA,,21,30,Total TV avg audience,825000,Nine,False,0.333
AU,voz,1 Free-to-air,Total TV,2026-09-14,60 MINUTES,,17,30,Total TV avg audience,833000,Nine,False,0.467
AU,voz,1 Free-to-air,Total TV,2026-09-14,7.30,,18,30,Total TV avg audience,825000,ABC,False,0.433
AU,voz,1 Free-to-air,Total TV,2026-09-14,70 YEARS OF TELEVISION,,22,30,Total TV avg audience,705000,Nine,False,0.3
AU,voz,1 Free-to-air,Total TV,2026-09-14,9NEWS,,7,30,Total TV avg audience,1365000,Nine,False,0.8
AU,voz,1 Free-to-air,Total TV,2026-09-14,9NEWS SATURDAY,,11,30,Total TV avg audience,1084000,Nine,False,0.667
AU,voz,1 Free-to-air,Total TV,2026-09-14,9NEWS SUNDAY,,5,30,Total TV avg audience,1480000,Nine,False,0.867
AU,voz,1 Free-to-air,Total TV,2026-09-14,A CURRENT AFFAIR,,10,30,Total TV avg audience,1110000,Nine,False,0.7
AU,voz,1 Free-to-air,Total TV,2026-09-14,ABC NEWS,,12,30,Total TV avg audience,1011000,ABC,False,0.633
AU,voz,1 Free-to-air,Total TV,2026-09-14,ABC NEWS SUNDAY,,20,30,Total TV avg audience,795000,ABC,False,0.367
AU,voz,1 Free-to-air,Total TV,2026-09-14,AUSTRALIAN STORY,,24,30,Total TV avg audience,703000,ABC,False,0.233
AU,voz,1 Free-to-air,Total TV,2026-09-14,FOREIGN CORRESPONDENT,,30,30,Total TV avg audience,601000,ABC,False,0.033
AU,voz,1 Free-to-air,Total TV,2026-09-14,GOGGLEBOX,,28,30,Total TV avg audience,617000,10,False,0.1
AU,voz,1 Free-to-air,Total TV,2026-09-14,HAVE YOU BEEN PAYING ATTENTION?,,14,30,Total TV avg audience,932000,10,False,0.567
AU,voz,1 Free-to-air,Total TV,2026-09-14,HOME AND AWAY,,8,30,Total TV avg audience,1171000,Seven,False,0.767
AU,voz,1 Free-to-air,Total TV,2026-09-14,JOHN FARNHAM,,26,30,Total TV avg audience,678000,Nine,False,0.167
AU,voz,1 Free-to-air,Total TV,2026-09-14,MEDIA WATCH-LE,,27,30,Total TV avg audience,629000,ABC,False,0.133
AU,voz,1 Free-to-air,Total TV,2026-09-14,NRL LIVE FINAL SERIES SF1,,13,30,Total TV avg audience,938000,Nine,False,0.6
AU,voz,1 Free-to-air,Total TV,2026-09-14,NRL LIVE FINAL SERIES SF2,,9,30,Total TV avg audience,1118000,Nine,False,0.733
AU,voz,1 Free-to-air,Total TV,2026-09-14,SEVEN NEWS,,3,30,Total TV avg audience,1523000,Seven,False,0.933
AU,voz,1 Free-to-air,Total TV,2026-09-14,SEVEN’S AFL: FRIDAY NIGHT FOOTBALL FINALS,,2,30,Total TV avg audience,1607000,Seven,False,0.967
AU,voz,1 Free-to-air,Total TV,2026-09-14,SEVEN’S AFL: SATURDAY NIGHT FOOTBALL FINALS,,4,30,Total TV avg audience,1521000,Seven,False,0.9
AU,voz,1 Free-to-air,Total TV,2026-09-14,THE 1% CLUB UK,,15,30,Total TV avg audience,898000,Seven,False,0.533
AU,voz,1 Free-to-air,Total TV,2026-09-14,THE BLOCK,,1,30,Total TV avg audience,1732000,Nine,False,1.0
AU,voz,1 Free-to-air,Total TV,2026-09-14,THE CHASE AUSTRALIA,,25,30,Total TV avg audience,695000,Seven,False,0.2
AU,voz,1 Free-to-air,Total TV,2026-09-14,THE FRONT BAR,,23,30,Total TV avg audience,705000,Seven,False,0.267
AU,voz,1 Free-to-air,Total TV,2026-09-14,THE ROOKIE,,16,30,Total TV avg audience,885000,Seven,False,0.5
AU,voz,1 Free-to-air,Total TV,2026-09-14,THE VOICE,,6,30,Total TV avg audience,1383000,Seven,False,0.833
AU,voz,1 Free-to-air,Total TV,2026-09-14,TIPPING POINT AUSTRALIA,,19,30,Total TV avg audience,814000,Nine,False,0.4
AU,voz,1 Free-to-air,Total TV,2026-09-14,TIPPING POINT: 70 YEARS OF TV,,21,30,Total TV avg audience,783000,Nine,False,0.333
AU,voz,1 Free-to-air,Total TV,2026-09-14,TRAVEL GUIDES,,29,30,Total TV avg audience,609000,Nine,False,0.067
AU,voz,1 Free-to-air,Total TV,2026-09-21,2026 AFL BROWNLOW MEDAL,,6,30,Total TV avg audience,1568000,Seven,False,0.833
AU,voz,1 Free-to-air,Total TV,2026-09-21,7.30,,19,30,Total TV avg audience,776000,ABC,False,0.4
AU,voz,1 Free-to-air,Total TV,2026-09-21,9NEWS,,9,30,Total TV avg audience,1322000,Nine,False,0.733
AU,voz,1 Free-to-air,Total TV,2026-09-21,9NEWS SATURDAY,,15,30,Total TV avg audience,871000,Nine,False,0.533
AU,voz,1 Free-to-air,Total TV,2026-09-21,A CURRENT AFFAIR,,11,30,Total TV avg audience,1069000,Nine,False,0.667
AU,voz,1 Free-to-air,Total TV,2026-09-21,ABC NEWS,,13,30,Total TV avg audience,941000,ABC,False,0.6
AU,voz,1 Free-to-air,Total TV,2026-09-21,AUSTRALIAN STORY,,24,30,Total TV avg audience,651000,ABC,False,0.233
AU,voz,1 Free-to-air,Total TV,2026-09-21,BEYOND PARADISE: CHRISTMAS SPECIAL (2024),,25,30,Total TV avg audience,579000,ABC,False,0.2
AU,voz,1 Free-to-air,Total TV,2026-09-21,FIRST DATES AUSTRALIA,,27,30,Total TV avg audience,567000,Seven,False,0.133
AU,voz,1 Free-to-air,Total TV,2026-09-21,FOREIGN CORRESPONDENT,,28,30,Total TV avg audience,545000,ABC,False,0.1
AU,voz,1 Free-to-air,Total TV,2026-09-21,FOUR CORNERS,,17,30,Total TV avg audience,853000,ABC,False,0.467
AU,voz,1 Free-to-air,Total TV,2026-09-21,GARDENING AUSTRALIA,,30,30,Total TV avg audience,536000,ABC,False,0.033
AU,voz,1 Free-to-air,Total TV,2026-09-21,HARD QUIZ,,26,30,Total TV avg audience,568000,ABC,False,0.167
AU,voz,1 Free-to-air,Total TV,2026-09-21,HAVE YOU BEEN PAYING ATTENTION?,,18,30,Total TV avg audience,786000,10,False,0.433
AU,voz,1 Free-to-air,Total TV,2026-09-21,HOME AND AWAY,,10,30,Total TV avg audience,1159000,Seven,False,0.7
AU,voz,1 Free-to-air,Total TV,2026-09-21,MEDIA WATCH-LE,,21,30,Total TV avg audience,719000,ABC,False,0.333
AU,voz,1 Free-to-air,Total TV,2026-09-21,NRL LIVE FINAL SERIES PF1,,8,30,Total TV avg audience,1333000,Nine,False,0.767
AU,voz,1 Free-to-air,Total TV,2026-09-21,SEVEN NEWS,,4,30,Total TV avg audience,2035000,Seven,False,0.9
AU,voz,1 Free-to-air,Total TV,2026-09-21,SEVEN’S AFL: GRAND FINAL: COUNTDOWN,,22,30,Total TV avg audience,695000,Seven,False,0.3
AU,voz,1 Free-to-air,Total TV,2026-09-21,SEVEN’S AFL: GRAND FINAL: FREMANTLE V BRISBANE,,1,30,Total TV avg audience,4655000,Seven,False,1.0
AU,voz,1 Free-to-air,Total TV,2026-09-21,SEVEN’S AFL: GRAND FINAL: ON THE GROUND,,3,30,Total TV avg audience,3313000,Seven,False,0.933
AU,voz,1 Free-to-air,Total TV,2026-09-21,SEVEN’S AFL: GRAND FINAL: POST MATCH,,29,30,Total TV avg audience,542000,Seven,False,0.067
AU,voz,1 Free-to-air,Total TV,2026-09-21,SEVEN’S AFL: GRAND FINAL: PRE GAME ENTERTAINMENT,,5,30,Total TV avg audience,1861000,Seven,False,0.867
AU,voz,1 Free-to-air,Total TV,2026-09-21,SEVEN’S AFL: GRAND FINAL: PRESENTATIONS,,2,30,Total TV avg audience,3510000,Seven,False,0.967
AU,voz,1 Free-to-air,Total TV,2026-09-21,THE 1% CLUB,,12,30,Total TV avg audience,943000,Seven,False,0.633
AU,voz,1 Free-to-air,Total TV,2026-09-21,THE 1% CLUB UK,,14,30,Total TV avg audience,912000,Seven,False,0.567
AU,voz,1 Free-to-air,Total TV,2026-09-21,THE BLOCK,,7,30,Total TV avg audience,1364000,Nine,False,0.8
AU,voz,1 Free-to-air,Total TV,2026-09-21,THE CHASE AUSTRALIA,,23,30,Total TV avg audience,692000,Seven,False,0.267
AU,voz,1 Free-to-air,Total TV,2026-09-21,THE FRONT BAR,,20,30,Total TV avg audience,772000,Seven,False,0.367
AU,voz,1 Free-to-air,Total TV,2026-09-21,TIPPING POINT AUSTRALIA,,16,30,Total TV avg audience,862000,Nine,False,0.5
AU,voz,2 BVOD,BVOD,2025-09-29,2025 STATE CUP CHAMPIONSHIP GRAND FINAL,,17,30,BVOD avg audience,95000,Nine,False,0.467
AU,voz,2 BVOD,BVOD,2025-09-29,7.30,,29,30,BVOD avg audience,53000,ABC,False,0.067
AU,voz,2 BVOD,BVOD,2025-09-29,9NEWS,,8,30,BVOD avg audience,171000,Nine,False,0.767
AU,voz,2 BVOD,BVOD,2025-09-29,9NEWS SATURDAY,,13,30,BVOD avg audience,112000,Nine,False,0.6
AU,voz,2 BVOD,BVOD,2025-09-29,9NEWS SUNDAY,,6,30,BVOD avg audience,196000,Nine,False,0.833
AU,voz,2 BVOD,BVOD,2025-09-29,A CURRENT AFFAIR,,9,30,BVOD avg audience,150000,Nine,False,0.733
AU,voz,2 BVOD,BVOD,2025-09-29,ABC NEWS,,28,30,BVOD avg audience,54000,ABC,False,0.1
AU,voz,2 BVOD,BVOD,2025-09-29,BETTER HOMES AND GARDENS,,26,30,BVOD avg audience,55000,Seven,False,0.167
AU,voz,2 BVOD,BVOD,2025-09-29,BEYOND PARADISE,,14,30,BVOD avg audience,108000,ABC,False,0.567
AU,voz,2 BVOD,BVOD,2025-09-29,BLEDISLOE CUP 2025,,12,30,BVOD avg audience,126000,Nine,False,0.633
AU,voz,2 BVOD,BVOD,2025-09-29,CLARKSON’S FARM,,19,30,BVOD avg audience,74000,Nine,False,0.4
AU,voz,2 BVOD,BVOD,2025-09-29,FIND MY COUNTRY HOUSE AUSTRALIA,,24,30,BVOD avg audience,60000,Nine,False,0.233
AU,voz,2 BVOD,BVOD,2025-09-29,GARDENING AUSTRALIA,,27,30,BVOD avg audience,55000,ABC,False,0.133
AU,voz,2 BVOD,BVOD,2025-09-29,GOGGLEBOX,,11,30,BVOD avg audience,127000,10,False,0.667
AU,voz,2 BVOD,BVOD,2025-09-29,HARD QUIZ,,25,30,BVOD avg audience,60000,ABC,False,0.2
AU,voz,2 BVOD,BVOD,2025-09-29,HOME AND AWAY,,3,30,BVOD avg audience,320000,Seven,False,0.933
AU,voz,2 BVOD,BVOD,2025-09-29,INSIDERS,,21,30,BVOD avg audience,64000,ABC,False,0.333
AU,voz,2 BVOD,BVOD,2025-09-29,MYSTERY ROAD: ORIGIN,,15,30,BVOD avg audience,103000,ABC,False,0.533
AU,voz,2 BVOD,BVOD,2025-09-29,NRL GRAND FINAL COUNTDOWN,,30,30,BVOD avg audience,52000,Nine,False,0.033
AU,voz,2 BVOD,BVOD,2025-09-29,NRL GRAND FINAL DAY,,1,30,BVOD avg audience,1373000,Nine,False,1.0
AU,voz,2 BVOD,BVOD,2025-09-29,NRL WOMEN’S PREMIERSHIP,,4,30,BVOD avg audience,291000,Nine,False,0.9
AU,voz,2 BVOD,BVOD,2025-09-29,OFF THE GRID WITH COLIN AND MANU,,18,30,BVOD avg audience,79000,Seven,False,0.433
AU,voz,2 BVOD,BVOD,2025-09-29,PROFESSOR T,,23,30,BVOD avg audience,61000,ABC,False,0.267
AU,voz,2 BVOD,BVOD,2025-09-29,RFDS,,5,30,BVOD avg audience,260000,Seven,False,0.867
AU,voz,2 BVOD,BVOD,2025-09-29,SEVEN NEWS,,10,30,BVOD avg audience,138000,Seven,False,0.7
AU,voz,2 BVOD,BVOD,2025-09-29,THE AMAZING RACE AUSTRALIA: CELEBRITY,,7,30,BVOD avg audience,190000,10,False,0.8
AU,voz,2 BVOD,BVOD,2025-09-29,THE BLOCK,,2,30,BVOD avg audience,454000,Nine,False,0.967
AU,voz,2 BVOD,BVOD,2025-09-29,THE CHASE AUSTRALIA,,22,30,BVOD avg audience,64000,Seven,False,0.3
AU,voz,2 BVOD,BVOD,2025-09-29,THE GRAND TOUR,,20,30,BVOD avg audience,68000,Nine,False,0.367
AU,voz,2 BVOD,BVOD,2025-09-29,TIPPING POINT AUSTRALIA,,16,30,BVOD avg audience,99000,Nine,False,0.5
AU,voz,2 BVOD,BVOD,2025-10-06,60 MINUTES,,17,30,BVOD avg audience,113000,Nine,False,0.467
AU,voz,2 BVOD,BVOD,2025-10-06,9NEWS,,11,30,BVOD avg audience,185000,Nine,False,0.667
AU,voz,2 BVOD,BVOD,2025-10-06,9NEWS SATURDAY,,19,30,BVOD avg audience,107000,Nine,False,0.4
AU,voz,2 BVOD,BVOD,2025-10-06,9NEWS SUNDAY,,13,30,BVOD avg audience,161000,Nine,False,0.6
AU,voz,2 BVOD,BVOD,2025-10-06,A CURRENT AFFAIR,,12,30,BVOD avg audience,172000,Nine,False,0.633
AU,voz,2 BVOD,BVOD,2025-10-06,AUSTRALIAN STORY,,14,30,BVOD avg audience,147000,ABC,False,0.567
AU,voz,2 BVOD,BVOD,2025-10-06,BEYOND PARADISE,,30,30,BVOD avg audience,73000,ABC,False,0.033
AU,voz,2 BVOD,BVOD,2025-10-06,BUMP,,25,30,BVOD avg audience,86000,Nine,False,0.2
AU,voz,2 BVOD,BVOD,2025-10-06,GOGGLEBOX,,15,30,BVOD avg audience,136000,10,False,0.533
AU,voz,2 BVOD,BVOD,2025-10-06,HAVE YOU BEEN PAYING ATTENTION?,,16,30,BVOD avg audience,129000,10,False,0.5
AU,voz,2 BVOD,BVOD,2025-10-06,HOME AND AWAY,,4,30,BVOD avg audience,295000,Seven,False,0.9
AU,voz,2 BVOD,BVOD,2025-10-06,I WAS ACTUALLY THERE,,23,30,BVOD avg audience,97000,ABC,False,0.267
AU,voz,2 BVOD,BVOD,2025-10-06,KING & CONQUEROR,,9,30,BVOD avg audience,199000,SBS,False,0.733
AU,voz,2 BVOD,BVOD,2025-10-06,MURDER DOWN UNDER,,18,30,BVOD avg audience,111000,Nine,False,0.433
AU,voz,2 BVOD,BVOD,2025-10-06,MURDER IN A SMALL TOWN,,22,30,BVOD avg audience,98000,Seven,False,0.3
AU,voz,2 BVOD,BVOD,2025-10-06,MY KITCHEN RULES,,2,30,BVOD avg audience,387000,Seven,False,0.967
AU,voz,2 BVOD,BVOD,2025-10-06,MYSTERY ROAD: ORIGIN,,26,30,BVOD avg audience,85000,ABC,False,0.167
AU,voz,2 BVOD,BVOD,2025-10-06,OFF THE GRID WITH COLIN AND MANU,,29,30,BVOD avg audience,76000,Seven,False,0.067
AU,voz,2 BVOD,BVOD,2025-10-06,RFDS,,5,30,BVOD avg audience,276000,Seven,False,0.867
AU,voz,2 BVOD,BVOD,2025-10-06,SEVEN NEWS,,10,30,BVOD avg audience,198000,Seven,False,0.7
AU,voz,2 BVOD,BVOD,2025-10-06,SUPERCARS CHAMPIONSHIP: BATHURST 1000 D2 TOP 10 SHOOTOUT,,20,30,BVOD avg audience,105000,Seven,False,0.367
AU,voz,2 BVOD,BVOD,2025-10-06,SUPERCARS CHAMPSIONSHIP: BATHURST 1000 D3 PODIUM,,24,30,BVOD avg audience,97000,Seven,False,0.233
AU,voz,2 BVOD,BVOD,2025-10-06,SUPERCARS CHAMPSIONSHIP: BATHURST 1000 D3 RACE,,7,30,BVOD avg audience,213000,Seven,False,0.8
AU,voz,2 BVOD,BVOD,2025-10-06,SYDNEY 2000: THE BEST EVER,,27,30,BVOD avg audience,84000,Nine,False,0.133
AU,voz,2 BVOD,BVOD,2025-10-06,THE AMAZING RACE AUSTRALIA: CELEBRITY,,8,30,BVOD avg audience,203000,10,False,0.767
AU,voz,2 BVOD,BVOD,2025-10-06,THE BLOCK,,1,30,BVOD avg audience,540000,Nine,False,1.0
AU,voz,2 BVOD,BVOD,2025-10-06,THE RISE AND FALL OF KINGS CROSS,,28,30,BVOD avg audience,81000,Seven,False,0.1
AU,voz,2 BVOD,BVOD,2025-10-06,THE ROOKIE,,3,30,BVOD avg audience,297000,Seven,False,0.933
AU,voz,2 BVOD,BVOD,2025-10-06,THE VOICE,,6,30,BVOD avg audience,255000,Seven,False,0.833
AU,voz,2 BVOD,BVOD,2025-10-06,TIPPING POINT AUSTRALIA,,21,30,BVOD avg audience,100000,Nine,False,0.333
AU,voz,2 BVOD,BVOD,2025-10-13,60 MINUTES,,15,30,BVOD avg audience,133000,Nine,False,0.533
AU,voz,2 BVOD,BVOD,2025-10-13,9NEWS,,8,30,BVOD avg audience,179000,Nine,False,0.767
AU,voz,2 BVOD,BVOD,2025-10-13,9NEWS SATURDAY,,20,30,BVOD avg audience,105000,Nine,False,0.367
AU,voz,2 BVOD,BVOD,2025-10-13,9NEWS SUNDAY,,10,30,BVOD avg audience,176000,Nine,False,0.7
AU,voz,2 BVOD,BVOD,2025-10-13,A CURRENT AFFAIR,,11,30,BVOD avg audience,170000,Nine,False,0.667
AU,voz,2 BVOD,BVOD,2025-10-13,AUSTRALIAN CRIME STORIES: THE INVESTIGATORS,,21,30,BVOD avg audience,103000,Nine,False,0.333
AU,voz,2 BVOD,BVOD,2025-10-13,AUSTRALIAN STORY,,16,30,BVOD avg audience,130000,ABC,False,0.5
AU,voz,2 BVOD,BVOD,2025-10-13,BLUE LIGHTS,,12,30,BVOD avg audience,153000,SBS,False,0.633
AU,voz,2 BVOD,BVOD,2025-10-13,BUMP,,25,30,BVOD avg audience,83000,Nine,False,0.2
AU,voz,2 BVOD,BVOD,2025-10-13,FOUR CORNERS,,18,30,BVOD avg audience,118000,ABC,False,0.433
AU,voz,2 BVOD,BVOD,2025-10-13,GOGGLEBOX,,14,30,BVOD avg audience,134000,10,False,0.567
AU,voz,2 BVOD,BVOD,2025-10-13,GRAND DESIGNS AUSTRALIA,,9,30,BVOD avg audience,179000,ABC,False,0.733
AU,voz,2 BVOD,BVOD,2025-10-13,HOME AND AWAY,,4,30,BVOD avg audience,293000,Seven,False,0.9
AU,voz,2 BVOD,BVOD,2025-10-13,I WAS ACTUALLY THERE,,27,30,BVOD avg audience,79000,ABC,False,0.133
AU,voz,2 BVOD,BVOD,2025-10-13,INSIDERS,,29,30,BVOD avg audience,67000,ABC,False,0.067
AU,voz,2 BVOD,BVOD,2025-10-13,KING & CONQUEROR,,17,30,BVOD avg audience,123000,SBS,False,0.467
AU,voz,2 BVOD,BVOD,2025-10-13,MURDER DOWN UNDER,,24,30,BVOD avg audience,93000,Nine,False,0.233
AU,voz,2 BVOD,BVOD,2025-10-13,MURDER IN A SMALL TOWN,,22,30,BVOD avg audience,103000,Seven,False,0.3
AU,voz,2 BVOD,BVOD,2025-10-13,MY KITCHEN RULES,,2,30,BVOD avg audience,389000,Seven,False,0.967
AU,voz,2 BVOD,BVOD,2025-10-13,OFF THE GRID WITH COLIN AND MANU,,26,30,BVOD avg audience,82000,Seven,False,0.167
AU,voz,2 BVOD,BVOD,2025-10-13,PACIFIC CHAMPIONSHIPS,,19,30,BVOD avg audience,112000,Nine,False,0.4
AU,voz,2 BVOD,BVOD,2025-10-13,RBT,,28,30,BVOD avg audience,78000,Nine,False,0.1
AU,voz,2 BVOD,BVOD,2025-10-13,RFDS,,5,30,BVOD avg audience,281000,Seven,False,0.867
AU,voz,2 BVOD,BVOD,2025-10-13,SAM PANG TONIGHT,,30,30,BVOD avg audience,67000,10,False,0.033
AU,voz,2 BVOD,BVOD,2025-10-13,SEVEN NEWS,,13,30,BVOD avg audience,141000,Seven,False,0.6
AU,voz,2 BVOD,BVOD,2025-10-13,THE AMAZING RACE AUSTRALIA: CELEBRITY,,7,30,BVOD avg audience,216000,10,False,0.8
AU,voz,2 BVOD,BVOD,2025-10-13,THE BLOCK,,1,30,BVOD avg audience,538000,Nine,False,1.0
AU,voz,2 BVOD,BVOD,2025-10-13,THE ROOKIE,,3,30,BVOD avg audience,327000,Seven,False,0.933
AU,voz,2 BVOD,BVOD,2025-10-13,THE VOICE,,6,30,BVOD avg audience,231000,Seven,False,0.833
AU,voz,2 BVOD,BVOD,2025-10-13,TIPPING POINT AUSTRALIA,,23,30,BVOD avg audience,100000,Nine,False,0.267
AU,voz,2 BVOD,BVOD,2025-10-20,60 MINUTES,,14,30,BVOD avg audience,129000,Nine,False,0.567
AU,voz,2 BVOD,BVOD,2025-10-20,9NEWS,,10,30,BVOD avg audience,178000,Nine,False,0.7
AU,voz,2 BVOD,BVOD,2025-10-20,9NEWS SATURDAY,,17,30,BVOD avg audience,106000,Nine,False,0.467
AU,voz,2 BVOD,BVOD,2025-10-20,9NEWS SUNDAY,,9,30,BVOD avg audience,194000,Nine,False,0.733
AU,voz,2 BVOD,BVOD,2025-10-20,A CURRENT AFFAIR,,11,30,BVOD avg audience,155000,Nine,False,0.667
AU,voz,2 BVOD,BVOD,2025-10-20,AUSTRALIAN STORY,,24,30,BVOD avg audience,84000,ABC,False,0.233
AU,voz,2 BVOD,BVOD,2025-10-20,BLUE LIGHTS,,13,30,BVOD avg audience,130000,SBS,False,0.6
AU,voz,2 BVOD,BVOD,2025-10-20,BUDGET BATTLERS,,20,30,BVOD avg audience,102000,Nine,False,0.367
AU,voz,2 BVOD,BVOD,2025-10-20,BUMP,,29,30,BVOD avg audience,66000,Nine,False,0.067
AU,voz,2 BVOD,BVOD,2025-10-20,FOUR CORNERS,,25,30,BVOD avg audience,72000,ABC,False,0.2
AU,voz,2 BVOD,BVOD,2025-10-20,GOGGLEBOX,,15,30,BVOD avg audience,119000,10,False,0.533
AU,voz,2 BVOD,BVOD,2025-10-20,GRAND DESIGNS AUSTRALIA,,21,30,BVOD avg audience,97000,ABC,False,0.333
AU,voz,2 BVOD,BVOD,2025-10-20,HARD QUIZ,,30,30,BVOD avg audience,65000,ABC,False,0.033
AU,voz,2 BVOD,BVOD,2025-10-20,HOME AND AWAY,,5,30,BVOD avg audience,301000,Seven,False,0.867
AU,voz,2 BVOD,BVOD,2025-10-20,KING & CONQUEROR,,22,30,BVOD avg audience,96000,SBS,False,0.3
AU,voz,2 BVOD,BVOD,2025-10-20,MURDER IN A SMALL TOWN,,18,30,BVOD avg audience,106000,Seven,False,0.433
AU,voz,2 BVOD,BVOD,2025-10-20,MY KITCHEN RULES,,2,30,BVOD avg audience,390000,Seven,False,0.967
AU,voz,2 BVOD,BVOD,2025-10-20,OFF THE GRID WITH COLIN AND MANU,,23,30,BVOD avg audience,90000,Seven,False,0.267
AU,voz,2 BVOD,BVOD,2025-10-20,PACIFIC CHAMPIONSHIPS,,16,30,BVOD avg audience,117000,Nine,False,0.5
AU,voz,2 BVOD,BVOD,2025-10-20,PLANET AMERICA-LE,,28,30,BVOD avg audience,70000,ABC,False,0.1
AU,voz,2 BVOD,BVOD,2025-10-20,RBT,,26,30,BVOD avg audience,71000,Nine,False,0.167
AU,voz,2 BVOD,BVOD,2025-10-20,RFDS,,6,30,BVOD avg audience,295000,Seven,False,0.833
AU,voz,2 BVOD,BVOD,2025-10-20,SEVEN NEWS,,12,30,BVOD avg audience,144000,Seven,False,0.633
AU,voz,2 BVOD,BVOD,2025-10-20,THE AMAZING RACE AUSTRALIA: CELEBRITY GRAND FINALE,,7,30,BVOD avg audience,221000,10,False,0.8
AU,voz,2 BVOD,BVOD,2025-10-20,THE BLOCK,,1,30,BVOD avg audience,565000,Nine,False,1.0
AU,voz,2 BVOD,BVOD,2025-10-20,THE CHASE AUSTRALIA,,27,30,BVOD avg audience,71000,Seven,False,0.133
AU,voz,2 BVOD,BVOD,2025-10-20,THE GOLDEN BACHELOR,,3,30,BVOD avg audience,375000,Nine,False,0.933
AU,voz,2 BVOD,BVOD,2025-10-20,THE ROOKIE,,4,30,BVOD avg audience,308000,Seven,False,0.9
AU,voz,2 BVOD,BVOD,2025-10-20,THE VOICE,,8,30,BVOD avg audience,218000,Seven,False,0.767
AU,voz,2 BVOD,BVOD,2025-10-20,TIPPING POINT AUSTRALIA,,19,30,BVOD avg audience,105000,Nine,False,0.4
AU,voz,2 BVOD,BVOD,2025-10-27,60 MINUTES,,13,30,BVOD avg audience,137000,Nine,False,0.6
AU,voz,2 BVOD,BVOD,2025-10-27,7.30,,20,30,BVOD avg audience,97000,ABC,False,0.367
AU,voz,2 BVOD,BVOD,2025-10-27,9NEWS,,9,30,BVOD avg audience,179000,Nine,False,0.733
AU,voz,2 BVOD,BVOD,2025-10-27,9NEWS SATURDAY,,16,30,BVOD avg audience,119000,Nine,False,0.5
AU,voz,2 BVOD,BVOD,2025-10-27,9NEWS SUNDAY,,10,30,BVOD avg audience,157000,Nine,False,0.7
AU,voz,2 BVOD,BVOD,2025-10-27,A CURRENT AFFAIR,,12,30,BVOD avg audience,147000,Nine,False,0.633
AU,voz,2 BVOD,BVOD,2025-10-27,AUSTRALIAN STORY,,15,30,BVOD avg audience,120000,ABC,False,0.533
AU,voz,2 BVOD,BVOD,2025-10-27,BLUE LIGHTS,,14,30,BVOD avg audience,132000,SBS,False,0.567
AU,voz,2 BVOD,BVOD,2025-10-27,BUDGET BATTLERS,,24,30,BVOD avg audience,80000,Nine,False,0.233
AU,voz,2 BVOD,BVOD,2025-10-27,FOUR CORNERS,,21,30,BVOD avg audience,97000,ABC,False,0.333
AU,voz,2 BVOD,BVOD,2025-10-27,GARDENING AUSTRALIA,,29,30,BVOD avg audience,67000,ABC,False,0.067
AU,voz,2 BVOD,BVOD,2025-10-27,GOGGLEBOX,,17,30,BVOD avg audience,112000,10,False,0.467
AU,voz,2 BVOD,BVOD,2025-10-27,GRAND DESIGNS AUSTRALIA,,30,30,BVOD avg audience,67000,ABC,False,0.033
AU,voz,2 BVOD,BVOD,2025-10-27,HARD QUIZ,,28,30,BVOD avg audience,68000,ABC,False,0.1
AU,voz,2 BVOD,BVOD,2025-10-27,HOME AND AWAY,,3,30,BVOD avg audience,303000,Seven,False,0.933
AU,voz,2 BVOD,BVOD,2025-10-27,LOVE ISLAND AUSTRALIA,,1,30,BVOD avg audience,492000,Nine,False,1.0
AU,voz,2 BVOD,BVOD,2025-10-27,MURDER IN A SMALL TOWN,,18,30,BVOD avg audience,106000,Seven,False,0.433
AU,voz,2 BVOD,BVOD,2025-10-27,MY KITCHEN RULES,,2,30,BVOD avg audience,390000,Seven,False,0.967
AU,voz,2 BVOD,BVOD,2025-10-27,OFF THE GRID WITH COLIN AND MANU,,22,30,BVOD avg audience,89000,Seven,False,0.3
AU,voz,2 BVOD,BVOD,2025-10-27,PACIFIC CHAMPIONSHIPS,,23,30,BVOD avg audience,83000,Nine,False,0.267
AU,voz,2 BVOD,BVOD,2025-10-27,PLANET AMERICA-LE,,26,30,BVOD avg audience,72000,ABC,False,0.167
AU,voz,2 BVOD,BVOD,2025-10-27,PORTRAIT ARTIST OF THE YEAR,,8,30,BVOD avg audience,189000,ABC,False,0.767
AU,voz,2 BVOD,BVOD,2025-10-27,RBT,,25,30,BVOD avg audience,76000,Nine,False,0.2
AU,voz,2 BVOD,BVOD,2025-10-27,RFDS,,5,30,BVOD avg audience,298000,Seven,False,0.867
AU,voz,2 BVOD,BVOD,2025-10-27,SEVEN NEWS,,11,30,BVOD avg audience,149000,Seven,False,0.667
AU,voz,2 BVOD,BVOD,2025-10-27,THE CHASE AUSTRALIA,,27,30,BVOD avg audience,72000,Seven,False,0.133
AU,voz,2 BVOD,BVOD,2025-10-27,THE GOLDEN BACHELOR,,6,30,BVOD avg audience,297000,Nine,False,0.833
AU,voz,2 BVOD,BVOD,2025-10-27,THE ROOKIE,,4,30,BVOD avg audience,301000,Seven,False,0.9
AU,voz,2 BVOD,BVOD,2025-10-27,THE VOICE,,7,30,BVOD avg audience,206000,Seven,False,0.8
AU,voz,2 BVOD,BVOD,2025-10-27,TIPPING POINT AUSTRALIA,,19,30,BVOD avg audience,104000,Nine,False,0.4
AU,voz,2 BVOD,BVOD,2025-11-03,60 MINUTES,,20,30,BVOD avg audience,103000,Nine,False,0.367
AU,voz,2 BVOD,BVOD,2025-11-03,9NEWS,,10,30,BVOD avg audience,175000,Nine,False,0.7
AU,voz,2 BVOD,BVOD,2025-11-03,9NEWS SATURDAY,,19,30,BVOD avg audience,109000,Nine,False,0.4
AU,voz,2 BVOD,BVOD,2025-11-03,9NEWS SUNDAY,,11,30,BVOD avg audience,171000,Nine,False,0.667
AU,voz,2 BVOD,BVOD,2025-11-03,A CURRENT AFFAIR,,12,30,BVOD avg audience,150000,Nine,False,0.633
AU,voz,2 BVOD,BVOD,2025-11-03,AUSTRALIAN CRIME STORIES: THE INVESTIGATORS,,29,30,BVOD avg audience,68000,Nine,False,0.067
AU,voz,2 BVOD,BVOD,2025-11-03,AUSTRALIAN STORY,,22,30,BVOD avg audience,97000,ABC,False,0.3
AU,voz,2 BVOD,BVOD,2025-11-03,BIG BROTHER AUSTRALIA,,8,30,BVOD avg audience,303000,10,False,0.767
AU,voz,2 BVOD,BVOD,2025-11-03,BLUE LIGHTS,,14,30,BVOD avg audience,142000,SBS,False,0.567
AU,voz,2 BVOD,BVOD,2025-11-03,BUDGET BATTLERS,,24,30,BVOD avg audience,81000,Nine,False,0.233
AU,voz,2 BVOD,BVOD,2025-11-03,CRIME NIGHT!,,17,30,BVOD avg audience,118000,ABC,False,0.467
AU,voz,2 BVOD,BVOD,2025-11-03,FOUR CORNERS,,27,30,BVOD avg audience,72000,ABC,False,0.133
AU,voz,2 BVOD,BVOD,2025-11-03,HOME AND AWAY,,6,30,BVOD avg audience,307000,Seven,False,0.833
AU,voz,2 BVOD,BVOD,2025-11-03,LOVE ISLAND AUSTRALIA,,1,30,BVOD avg audience,506000,Nine,False,1.0
AU,voz,2 BVOD,BVOD,2025-11-03,MAIGRET,,9,30,BVOD avg audience,223000,ABC,False,0.733
AU,voz,2 BVOD,BVOD,2025-11-03,MELBOURNE CUP CARNIVAL,,2,30,BVOD avg audience,464000,Nine,False,0.967
AU,voz,2 BVOD,BVOD,2025-11-03,MY KITCHEN RULES,,3,30,BVOD avg audience,389000,Seven,False,0.933
AU,voz,2 BVOD,BVOD,2025-11-03,OFF THE GRID WITH COLIN AND MANU,,23,30,BVOD avg audience,91000,Seven,False,0.267
AU,voz,2 BVOD,BVOD,2025-11-03,PACIFIC CHAMPIONSHIPS,,15,30,BVOD avg audience,142000,Nine,False,0.533
AU,voz,2 BVOD,BVOD,2025-11-03,PLANET AMERICA-LE,,28,30,BVOD avg audience,69000,ABC,False,0.1
AU,voz,2 BVOD,BVOD,2025-11-03,PORTRAIT ARTIST OF THE YEAR,,21,30,BVOD avg audience,103000,ABC,False,0.333
AU,voz,2 BVOD,BVOD,2025-11-03,RFDS,,7,30,BVOD avg audience,304000,Seven,False,0.8
AU,voz,2 BVOD,BVOD,2025-11-03,SEVEN NEWS,,13,30,BVOD avg audience,149000,Seven,False,0.6
AU,voz,2 BVOD,BVOD,2025-11-03,TARONGA: WHO’S WHO IN THE ZOO,,25,30,BVOD avg audience,74000,Nine,False,0.2
AU,voz,2 BVOD,BVOD,2025-11-03,THE CHASE AUSTRALIA,,26,30,BVOD avg audience,73000,Seven,False,0.167
AU,voz,2 BVOD,BVOD,2025-11-03,THE FORSYTES,,18,30,BVOD avg audience,113000,ABC,False,0.433
AU,voz,2 BVOD,BVOD,2025-11-03,THE GIRL WHO CAUGHT A KILLER,,30,30,BVOD avg audience,67000,Seven,False,0.033
AU,voz,2 BVOD,BVOD,2025-11-03,THE GOLDEN BACHELOR,,4,30,BVOD avg audience,318000,Nine,False,0.9
AU,voz,2 BVOD,BVOD,2025-11-03,THE ROOKIE,,5,30,BVOD avg audience,314000,Seven,False,0.867
AU,voz,2 BVOD,BVOD,2025-11-03,TIPPING POINT AUSTRALIA,,16,30,BVOD avg audience,124000,Nine,False,0.5
AU,voz,2 BVOD,BVOD,2025-11-10,60 MINUTES,,16,30,BVOD avg audience,102000,Nine,False,0.5
AU,voz,2 BVOD,BVOD,2025-11-10,9NEWS,,9,30,BVOD avg audience,172000,Nine,False,0.733
AU,voz,2 BVOD,BVOD,2025-11-10,9NEWS SATURDAY,,15,30,BVOD avg audience,103000,Nine,False,0.533
AU,voz,2 BVOD,BVOD,2025-11-10,9NEWS SUNDAY,,11,30,BVOD avg audience,142000,Nine,False,0.667
AU,voz,2 BVOD,BVOD,2025-11-10,A CURRENT AFFAIR,,10,30,BVOD avg audience,144000,Nine,False,0.7
AU,voz,2 BVOD,BVOD,2025-11-10,ABC NEWS,,30,30,BVOD avg audience,60000,ABC,False,0.033
AU,voz,2 BVOD,BVOD,2025-11-10,ANNABEL CRABB’S CIVIC DUTY,,14,30,BVOD avg audience,106000,ABC,False,0.567
AU,voz,2 BVOD,BVOD,2025-11-10,BIG BROTHER AUSTRALIA,,3,30,BVOD avg audience,316000,10,False,0.933
AU,voz,2 BVOD,BVOD,2025-11-10,BUDGET BATTLERS,,23,30,BVOD avg audience,69000,Nine,False,0.267
AU,voz,2 BVOD,BVOD,2025-11-10,GARDENING AUSTRALIA,,28,30,BVOD avg audience,62000,ABC,False,0.1
AU,voz,2 BVOD,BVOD,2025-11-10,HARD QUIZ,,29,30,BVOD avg audience,62000,ABC,False,0.067
AU,voz,2 BVOD,BVOD,2025-11-10,HOME AND AWAY,,6,30,BVOD avg audience,291000,Seven,False,0.833
AU,voz,2 BVOD,BVOD,2025-11-10,INSIDERS,,25,30,BVOD avg audience,66000,ABC,False,0.2
AU,voz,2 BVOD,BVOD,2025-11-10,LOVE ISLAND AUSTRALIA,,1,30,BVOD avg audience,526000,Nine,False,1.0
AU,voz,2 BVOD,BVOD,2025-11-10,MAIGRET,,13,30,BVOD avg audience,111000,ABC,False,0.6
AU,voz,2 BVOD,BVOD,2025-11-10,MURDER IN A SMALL TOWN,,18,30,BVOD avg audience,92000,Seven,False,0.433
AU,voz,2 BVOD,BVOD,2025-11-10,MY KITCHEN RULES,,2,30,BVOD avg audience,373000,Seven,False,0.967
AU,voz,2 BVOD,BVOD,2025-11-10,PLANET AMERICA-LE,,27,30,BVOD avg audience,63000,ABC,False,0.133
AU,voz,2 BVOD,BVOD,2025-11-10,PORTRAIT ARTIST OF THE YEAR,,19,30,BVOD avg audience,84000,ABC,False,0.4
AU,voz,2 BVOD,BVOD,2025-11-10,RBT,,26,30,BVOD avg audience,65000,Nine,False,0.167
AU,voz,2 BVOD,BVOD,2025-11-10,RETURN TO PARADISE,,8,30,BVOD avg audience,208000,ABC,False,0.767
AU,voz,2 BVOD,BVOD,2025-11-10,RFDS,,5,30,BVOD avg audience,304000,Seven,False,0.867
AU,voz,2 BVOD,BVOD,2025-11-10,SEVEN NEWS,,12,30,BVOD avg audience,142000,Seven,False,0.633
AU,voz,2 BVOD,BVOD,2025-11-10,TARONGA: WHO’S WHO IN THE ZOO,,20,30,BVOD avg audience,78000,Nine,False,0.367
AU,voz,2 BVOD,BVOD,2025-11-10,THE 1% CLUB,,22,30,BVOD avg audience,75000,Seven,False,0.3
AU,voz,2 BVOD,BVOD,2025-11-10,THE CHASE AUSTRALIA,,24,30,BVOD avg audience,69000,Seven,False,0.233
AU,voz,2 BVOD,BVOD,2025-11-10,THE FORSYTES,,21,30,BVOD avg audience,76000,ABC,False,0.333
AU,voz,2 BVOD,BVOD,2025-11-10,THE GOLDEN BACHELOR,,4,30,BVOD avg audience,306000,Nine,False,0.9
AU,voz,2 BVOD,BVOD,2025-11-10,THE ROOKIE,,7,30,BVOD avg audience,290000,Seven,False,0.8
AU,voz,2 BVOD,BVOD,2025-11-10,TIPPING POINT AUSTRALIA,,17,30,BVOD avg audience,100000,Nine,False,0.467
AU,voz,2 BVOD,BVOD,2025-11-17,60 MINUTES,,10,30,BVOD avg audience,127000,Nine,False,0.7
AU,voz,2 BVOD,BVOD,2025-11-17,9NEWS,,6,30,BVOD avg audience,168000,Nine,False,0.833
AU,voz,2 BVOD,BVOD,2025-11-17,9NEWS SATURDAY,,16,30,BVOD avg audience,92000,Nine,False,0.5
AU,voz,2 BVOD,BVOD,2025-11-17,9NEWS SUNDAY,,8,30,BVOD avg audience,140000,Nine,False,0.767
AU,voz,2 BVOD,BVOD,2025-11-17,A CURRENT AFFAIR,,9,30,BVOD avg audience,129000,Nine,False,0.733
AU,voz,2 BVOD,BVOD,2025-11-17,BIG BROTHER AUSTRALIA,,3,30,BVOD avg audience,297000,10,False,0.933
AU,voz,2 BVOD,BVOD,2025-11-17,BORDER PATROL,,30,30,BVOD avg audience,63000,Seven,False,0.033
AU,voz,2 BVOD,BVOD,2025-11-17,BUDGET BATTLERS,,20,30,BVOD avg audience,79000,Nine,False,0.367
AU,voz,2 BVOD,BVOD,2025-11-17,HOME AND AWAY,,2,30,BVOD avg audience,355000,Seven,False,0.967
AU,voz,2 BVOD,BVOD,2025-11-17,INSIDERS,,21,30,BVOD avg audience,77000,ABC,False,0.333
AU,voz,2 BVOD,BVOD,2025-11-17,LIVE AID: WHEN ROCK ‘N’ ROLL TOOK ON THE WORLD,,12,30,BVOD avg audience,103000,Nine,False,0.633
AU,voz,2 BVOD,BVOD,2025-11-17,LOVE ISLAND AUSTRALIA,,1,30,BVOD avg audience,630000,Nine,False,1.0
AU,voz,2 BVOD,BVOD,2025-11-17,MAIGRET,,18,30,BVOD avg audience,82000,ABC,False,0.433
AU,voz,2 BVOD,BVOD,2025-11-17,PLANET AMERICA-LE,,27,30,BVOD avg audience,67000,ABC,False,0.133
AU,voz,2 BVOD,BVOD,2025-11-17,PORTRAIT ARTIST OF THE YEAR,,24,30,BVOD avg audience,69000,ABC,False,0.233
AU,voz,2 BVOD,BVOD,2025-11-17,RBT,,19,30,BVOD avg audience,82000,Nine,False,0.4
AU,voz,2 BVOD,BVOD,2025-11-17,RETURN TO PARADISE,,11,30,BVOD avg audience,123000,ABC,False,0.667
AU,voz,2 BVOD,BVOD,2025-11-17,SEVEN NEWS,,7,30,BVOD avg audience,145000,Seven,False,0.8
AU,voz,2 BVOD,BVOD,2025-11-17,SEVEN’S CRICKET: FIRST TEST,,5,30,BVOD avg audience,229000,Seven,False,0.867
AU,voz,2 BVOD,BVOD,2025-11-17,TARONGA: WHO’S WHO IN THE ZOO,,22,30,BVOD avg audience,75000,Nine,False,0.3
AU,voz,2 BVOD,BVOD,2025-11-17,THE 1% CLUB,,23,30,BVOD avg audience,70000,Seven,False,0.267
AU,voz,2 BVOD,BVOD,2025-11-17,THE CHASE AUSTRALIA,,25,30,BVOD avg audience,69000,Seven,False,0.2
AU,voz,2 BVOD,BVOD,2025-11-17,THE FORSYTES,,29,30,BVOD avg audience,66000,ABC,False,0.067
AU,voz,2 BVOD,BVOD,2025-11-17,THE FRONT BAR,,28,30,BVOD avg audience,67000,Seven,False,0.1
AU,voz,2 BVOD,BVOD,2025-11-17,THE ROOKIE,,4,30,BVOD avg audience,281000,Seven,False,0.9
AU,voz,2 BVOD,BVOD,2025-11-17,TIPPING POINT AUSTRALIA,,13,30,BVOD avg audience,99000,Nine,False,0.6
AU,voz,2 BVOD,BVOD,2025-11-17,TRAVEL GUIDES,,14,30,BVOD avg audience,97000,Nine,False,0.567
AU,voz,2 BVOD,BVOD,2025-11-17,WHEN THE WAR IS OVER,,26,30,BVOD avg audience,69000,ABC,False,0.167
AU,voz,2 BVOD,BVOD,2025-11-17,WICKED: ONE WONDERFUL NIGHT,,17,30,BVOD avg audience,85000,Seven,False,0.467
AU,voz,2 BVOD,BVOD,2025-11-17,WORKING CLASS MAN,,15,30,BVOD avg audience,96000,Seven,False,0.533
AU,voz,2 BVOD,BVOD,2025-11-24,60 MINUTES,,7,30,BVOD avg audience,127000,Nine,False,0.8
AU,voz,2 BVOD,BVOD,2025-11-24,9NEWS,,4,30,BVOD avg audience,175000,Nine,False,0.9
AU,voz,2 BVOD,BVOD,2025-11-24,9NEWS SATURDAY,,10,30,BVOD avg audience,99000,Nine,False,0.7
AU,voz,2 BVOD,BVOD,2025-11-24,9NEWS SUNDAY,,5,30,BVOD avg audience,134000,Nine,False,0.867
AU,voz,2 BVOD,BVOD,2025-11-24,A CURRENT AFFAIR,,6,30,BVOD avg audience,131000,Nine,False,0.833
AU,voz,2 BVOD,BVOD,2025-11-24,ABC NEWS,,26,30,BVOD avg audience,60000,ABC,False,0.167
AU,voz,2 BVOD,BVOD,2025-11-24,BIG BROTHER AUSTRALIA,,2,30,BVOD avg audience,289000,10,False,0.967
AU,voz,2 BVOD,BVOD,2025-11-24,BORDER PATROL,,20,30,BVOD avg audience,68000,Seven,False,0.367
AU,voz,2 BVOD,BVOD,2025-11-24,BUDGET BATTLERS,,15,30,BVOD avg audience,79000,Nine,False,0.533
AU,voz,2 BVOD,BVOD,2025-11-24,FIND MY BEACH HOUSE AUSTRALIA,,21,30,BVOD avg audience,68000,Nine,False,0.333
AU,voz,2 BVOD,BVOD,2025-11-24,GARDENING AUSTRALIA,,27,30,BVOD avg audience,60000,ABC,False,0.133
AU,voz,2 BVOD,BVOD,2025-11-24,HARD QUIZ,,24,30,BVOD avg audience,62000,ABC,False,0.233
AU,voz,2 BVOD,BVOD,2025-11-24,INSIDERS,,23,30,BVOD avg audience,63000,ABC,False,0.267
AU,voz,2 BVOD,BVOD,2025-11-24,JAMIE DURIE’S FUTURE HOUSE,,13,30,BVOD avg audience,81000,Nine,False,0.6
AU,voz,2 BVOD,BVOD,2025-11-24,LIVE AID: WHEN ROCK ‘N’ ROLL TOOK ON THE WORLD,,16,30,BVOD avg audience,79000,Nine,False,0.5
AU,voz,2 BVOD,BVOD,2025-11-24,LOVE ISLAND AUSTRALIA,,1,30,BVOD avg audience,604000,Nine,False,1.0
AU,voz,2 BVOD,BVOD,2025-11-24,MAIGRET,,30,30,BVOD avg audience,59000,ABC,False,0.033
AU,voz,2 BVOD,BVOD,2025-11-24,MURDER IN A SMALL TOWN,,25,30,BVOD avg audience,62000,Seven,False,0.2
AU,voz,2 BVOD,BVOD,2025-11-24,PLANET AMERICA-LE,,22,30,BVOD avg audience,67000,ABC,False,0.3
AU,voz,2 BVOD,BVOD,2025-11-24,RBT,,17,30,BVOD avg audience,75000,Nine,False,0.467
AU,voz,2 BVOD,BVOD,2025-11-24,RETURN TO PARADISE,,12,30,BVOD avg audience,83000,ABC,False,0.633
AU,voz,2 BVOD,BVOD,2025-11-24,SAM PANG TONIGHT,,28,30,BVOD avg audience,60000,10,False,0.1
AU,voz,2 BVOD,BVOD,2025-11-24,SEVEN NEWS,,8,30,BVOD avg audience,123000,Seven,False,0.767
AU,voz,2 BVOD,BVOD,2025-11-24,TARONGA: WHO’S WHO IN THE ZOO,,14,30,BVOD avg audience,80000,Nine,False,0.567
AU,voz,2 BVOD,BVOD,2025-11-24,THE CHASE AUSTRALIA,,29,30,BVOD avg audience,60000,Seven,False,0.067
AU,voz,2 BVOD,BVOD,2025-11-24,THE FRONT BAR,,18,30,BVOD avg audience,75000,Seven,False,0.433
AU,voz,2 BVOD,BVOD,2025-11-24,THE ROOKIE,,3,30,BVOD avg audience,256000,Seven,False,0.933
AU,voz,2 BVOD,BVOD,2025-11-24,TIPPING POINT AUSTRALIA,,9,30,BVOD avg audience,102000,Nine,False,0.733
AU,voz,2 BVOD,BVOD,2025-11-24,TRAVEL GUIDES,,11,30,BVOD avg audience,88000,Nine,False,0.667
AU,voz,2 BVOD,BVOD,2025-11-24,WHEN THE WAR IS OVER,,19,30,BVOD avg audience,69000,ABC,False,0.4
AU,voz,2 BVOD,BVOD,2025-12-01,2025: THE YEAR THAT WAS,,13,30,BVOD avg audience,87000,Nine,False,0.6
AU,voz,2 BVOD,BVOD,2025-12-01,7.30,,27,30,BVOD avg audience,61000,ABC,False,0.133
AU,voz,2 BVOD,BVOD,2025-12-01,7NEWS SPOTLIGHT SUMMER,,17,30,BVOD avg audience,71000,Seven,False,0.467
AU,voz,2 BVOD,BVOD,2025-12-01,9NEWS,,5,30,BVOD avg audience,171000,Nine,False,0.867
AU,voz,2 BVOD,BVOD,2025-12-01,9NEWS SATURDAY,,12,30,BVOD avg audience,88000,Nine,False,0.633
AU,voz,2 BVOD,BVOD,2025-12-01,9NEWS SUNDAY,,8,30,BVOD avg audience,115000,Nine,False,0.767
AU,voz,2 BVOD,BVOD,2025-12-01,A CURRENT AFFAIR,,7,30,BVOD avg audience,134000,Nine,False,0.8
AU,voz,2 BVOD,BVOD,2025-12-01,ABC NEWS,,25,30,BVOD avg audience,62000,ABC,False,0.2
AU,voz,2 BVOD,BVOD,2025-12-01,BIG BROTHER AUSTRALIA,,2,30,BVOD avg audience,263000,10,False,0.967
AU,voz,2 BVOD,BVOD,2025-12-01,BORDER PATROL,,18,30,BVOD avg audience,71000,Seven,False,0.433
AU,voz,2 BVOD,BVOD,2025-12-01,EVENTS THAT CHANGED AUSTRALIA,,9,30,BVOD avg audience,97000,Nine,False,0.733
AU,voz,2 BVOD,BVOD,2025-12-01,HARD QUIZ,,26,30,BVOD avg audience,62000,ABC,False,0.167
AU,voz,2 BVOD,BVOD,2025-12-01,HOLIDAYS IN THE,,21,30,BVOD avg audience,65000,Nine,False,0.333
AU,voz,2 BVOD,BVOD,2025-12-01,INSIDERS,,20,30,BVOD avg audience,66000,ABC,False,0.367
AU,voz,2 BVOD,BVOD,2025-12-01,JAMIE DURIE’S FUTURE HOUSE,,19,30,BVOD avg audience,67000,Nine,False,0.4
AU,voz,2 BVOD,BVOD,2025-12-01,LOVE ISLAND AUSTRALIA,,1,30,BVOD avg audience,621000,Nine,False,1.0
AU,voz,2 BVOD,BVOD,2025-12-01,MURDER IN A SMALL TOWN,,15,30,BVOD avg audience,73000,Seven,False,0.533
AU,voz,2 BVOD,BVOD,2025-12-01,RBT,,14,30,BVOD avg audience,76000,Nine,False,0.567
AU,voz,2 BVOD,BVOD,2025-12-01,RETURN TO PARADISE,,22,30,BVOD avg audience,63000,ABC,False,0.3
AU,voz,2 BVOD,BVOD,2025-12-01,REVEALED: DEATH CAP MURDERS,,23,30,BVOD avg audience,63000,Nine,False,0.267
AU,voz,2 BVOD,BVOD,2025-12-01,SEVEN NEWS,,6,30,BVOD avg audience,153000,Seven,False,0.833
AU,voz,2 BVOD,BVOD,2025-12-01,SEVEN’S CRICKET: SECOND TEST,,4,30,BVOD avg audience,240000,Seven,False,0.9
AU,voz,2 BVOD,BVOD,2025-12-01,SEVEN’S CRICKET: THE SPIN,,28,30,BVOD avg audience,59000,Seven,False,0.1
AU,voz,2 BVOD,BVOD,2025-12-01,SUNRISE,,29,30,BVOD avg audience,56000,Seven,False,0.067
AU,voz,2 BVOD,BVOD,2025-12-01,TARONGA: WHO’S WHO IN THE ZOO,,16,30,BVOD avg audience,73000,Nine,False,0.5
AU,voz,2 BVOD,BVOD,2025-12-01,THE CHASE AUSTRALIA,,24,30,BVOD avg audience,63000,Seven,False,0.233
AU,voz,2 BVOD,BVOD,2025-12-01,THE ROOKIE,,3,30,BVOD avg audience,257000,Seven,False,0.933
AU,voz,2 BVOD,BVOD,2025-12-01,TIPPING POINT AUSTRALIA,,10,30,BVOD avg audience,92000,Nine,False,0.7
AU,voz,2 BVOD,BVOD,2025-12-01,TRAVEL GUIDES,,11,30,BVOD avg audience,91000,Nine,False,0.667
AU,voz,2 BVOD,BVOD,2025-12-01,UNFILTERED: CRICKET,,30,30,BVOD avg audience,56000,Seven,False,0.033
AU,voz,2 BVOD,BVOD,2025-12-08,7.30,,22,30,BVOD avg audience,60000,ABC,False,0.3
AU,voz,2 BVOD,BVOD,2025-12-08,9NEWS,,3,30,BVOD avg audience,163000,Nine,False,0.933
AU,voz,2 BVOD,BVOD,2025-12-08,9NEWS SATURDAY,,10,30,BVOD avg audience,93000,Nine,False,0.7
AU,voz,2 BVOD,BVOD,2025-12-08,9NEWS SUNDAY,,5,30,BVOD avg audience,129000,Nine,False,0.867
AU,voz,2 BVOD,BVOD,2025-12-08,A CURRENT AFFAIR,,7,30,BVOD avg audience,124000,Nine,False,0.8
AU,voz,2 BVOD,BVOD,2025-12-08,ABC NEWS,,24,30,BVOD avg audience,59000,ABC,False,0.233
AU,voz,2 BVOD,BVOD,2025-12-08,BETTER HOMES AND GARDENS SUMMER,,30,30,BVOD avg audience,53000,Seven,False,0.033
AU,voz,2 BVOD,BVOD,2025-12-08,BIG BROTHER AUSTRALIA GRAND FINALE,,2,30,BVOD avg audience,231000,10,False,0.967
AU,voz,2 BVOD,BVOD,2025-12-08,BONDI BEACH SHOOTING,,16,30,BVOD avg audience,71000,ABC,False,0.5
AU,voz,2 BVOD,BVOD,2025-12-08,BONDI BEACH TERROR ATTACK,,26,30,BVOD avg audience,57000,ABC,False,0.167
AU,voz,2 BVOD,BVOD,2025-12-08,BORDER PATROL,,17,30,BVOD avg audience,66000,Seven,False,0.467
AU,voz,2 BVOD,BVOD,2025-12-08,COUNT OF MONTE CRISTO,,9,30,BVOD avg audience,106000,SBS,False,0.733
AU,voz,2 BVOD,BVOD,2025-12-08,DEAL OR NO DEAL,,25,30,BVOD avg audience,58000,10,False,0.2
AU,voz,2 BVOD,BVOD,2025-12-08,GREAT GETAWAYS,,19,30,BVOD avg audience,63000,Nine,False,0.4
AU,voz,2 BVOD,BVOD,2025-12-08,HARD QUIZ,,18,30,BVOD avg audience,64000,ABC,False,0.433
AU,voz,2 BVOD,BVOD,2025-12-08,JAMIE DURIE’S FUTURE HOUSE,,23,30,BVOD avg audience,60000,Nine,False,0.267
AU,voz,2 BVOD,BVOD,2025-12-08,LOVE ISLAND AUSTRALIA,,1,30,BVOD avg audience,580000,Nine,False,1.0
AU,voz,2 BVOD,BVOD,2025-12-08,MURDER IN A SMALL TOWN,,14,30,BVOD avg audience,74000,Seven,False,0.567
AU,voz,2 BVOD,BVOD,2025-12-08,NEIGHBOURS,,15,30,BVOD avg audience,72000,10,False,0.533
AU,voz,2 BVOD,BVOD,2025-12-08,RBT,,13,30,BVOD avg audience,76000,Nine,False,0.6
AU,voz,2 BVOD,BVOD,2025-12-08,RETURN TO PARADISE,,21,30,BVOD avg audience,62000,ABC,False,0.333
AU,voz,2 BVOD,BVOD,2025-12-08,SEVEN NEWS,,8,30,BVOD avg audience,121000,Seven,False,0.767
AU,voz,2 BVOD,BVOD,2025-12-08,SEVEN NEWS SPECIAL,,4,30,BVOD avg audience,147000,Seven,False,0.9
AU,voz,2 BVOD,BVOD,2025-12-08,SEVEN NEWS SPECIAL-LATE,,6,30,BVOD avg audience,127000,Seven,False,0.833
AU,voz,2 BVOD,BVOD,2025-12-08,SUNRISE,,27,30,BVOD avg audience,57000,Seven,False,0.133
AU,voz,2 BVOD,BVOD,2025-12-08,TARONGA: WHO’S WHO IN THE ZOO,,20,30,BVOD avg audience,63000,Nine,False,0.367
AU,voz,2 BVOD,BVOD,2025-12-08,THE 1% CLUB UK,,29,30,BVOD avg audience,54000,Seven,False,0.067
AU,voz,2 BVOD,BVOD,2025-12-08,THE CHASE AUSTRALIA,,28,30,BVOD avg audience,57000,Seven,False,0.1
AU,voz,2 BVOD,BVOD,2025-12-08,TIPPING POINT AUSTRALIA,,11,30,BVOD avg audience,85000,Nine,False,0.667
AU,voz,2 BVOD,BVOD,2025-12-08,TRAVEL GUIDES,,12,30,BVOD avg audience,82000,Nine,False,0.633
AU,voz,2 BVOD,BVOD,2025-12-15,7.30,,15,30,BVOD avg audience,97000,ABC,False,0.533
AU,voz,2 BVOD,BVOD,2025-12-15,9NEWS,,3,30,BVOD avg audience,212000,Nine,False,0.933
AU,voz,2 BVOD,BVOD,2025-12-15,9NEWS AFTERNOON,,25,30,BVOD avg audience,66000,Nine,False,0.2
AU,voz,2 BVOD,BVOD,2025-12-15,9NEWS LATE,,29,30,BVOD avg audience,61000,Nine,False,0.067
AU,voz,2 BVOD,BVOD,2025-12-15,9NEWS MORNING,,24,30,BVOD avg audience,69000,Nine,False,0.233
AU,voz,2 BVOD,BVOD,2025-12-15,9NEWS SATURDAY,,11,30,BVOD avg audience,100000,Nine,False,0.667
AU,voz,2 BVOD,BVOD,2025-12-15,9NEWS SUNDAY,,9,30,BVOD avg audience,130000,Nine,False,0.733
AU,voz,2 BVOD,BVOD,2025-12-15,A CURRENT AFFAIR,,6,30,BVOD avg audience,166000,Nine,False,0.833
AU,voz,2 BVOD,BVOD,2025-12-15,ABC NEWS,,20,30,BVOD avg audience,81000,ABC,False,0.367
AU,voz,2 BVOD,BVOD,2025-12-15,ANIMALS ABOARD WITH DR. HARRY,,21,30,BVOD avg audience,81000,Seven,False,0.333
AU,voz,2 BVOD,BVOD,2025-12-15,CHRISTMAS WITH DELTA,,12,30,BVOD avg audience,100000,Nine,False,0.633
AU,voz,2 BVOD,BVOD,2025-12-15,GREAT GETAWAYS,,26,30,BVOD avg audience,66000,Nine,False,0.167
AU,voz,2 BVOD,BVOD,2025-12-15,HARD QUIZ BATTLE OF THE NETWORKS,,4,30,BVOD avg audience,195000,ABC,False,0.9
AU,voz,2 BVOD,BVOD,2025-12-15,JAMIE DURIE’S FUTURE HOUSE,,30,30,BVOD avg audience,60000,Nine,False,0.033
AU,voz,2 BVOD,BVOD,2025-12-15,LOVE ISLAND AUSTRALIA,,1,30,BVOD avg audience,383000,Nine,False,1.0
AU,voz,2 BVOD,BVOD,2025-12-15,PORTRAIT ARTIST OF THE YEAR-LE,,22,30,BVOD avg audience,73000,ABC,False,0.3
AU,voz,2 BVOD,BVOD,2025-12-15,RBT,,27,30,BVOD avg audience,66000,Nine,False,0.133
AU,voz,2 BVOD,BVOD,2025-12-15,SALVATION ARMY’S CAROLS IN THE DOMAIN,,7,30,BVOD avg audience,166000,Seven,False,0.8
AU,voz,2 BVOD,BVOD,2025-12-15,SEVEN NEWS,,5,30,BVOD avg audience,180000,Seven,False,0.867
AU,voz,2 BVOD,BVOD,2025-12-15,SEVEN NEWS AT 7,,8,30,BVOD avg audience,136000,Seven,False,0.767
AU,voz,2 BVOD,BVOD,2025-12-15,SEVEN’S CRICKET: BBL,,13,30,BVOD avg audience,99000,Seven,False,0.6
AU,voz,2 BVOD,BVOD,2025-12-15,SEVEN’S CRICKET: SYDNEY SIXERS V ADELAIDE,,16,30,BVOD avg audience,94000,Seven,False,0.5
AU,voz,2 BVOD,BVOD,2025-12-15,SEVEN’S CRICKET: THIRD TEST,,2,30,BVOD avg audience,225000,Seven,False,0.967
AU,voz,2 BVOD,BVOD,2025-12-15,SUNRISE,,17,30,BVOD avg audience,93000,Seven,False,0.467
AU,voz,2 BVOD,BVOD,2025-12-15,TARONGA: WHO’S WHO IN THE ZOO,,23,30,BVOD avg audience,70000,Nine,False,0.267
AU,voz,2 BVOD,BVOD,2025-12-15,TERROR IN BONDI: 7NEWS SPECIAL COVERAGE-AFTERNOON,,19,30,BVOD avg audience,82000,Seven,False,0.4
AU,voz,2 BVOD,BVOD,2025-12-15,THE CHASE AUSTRALIA,,28,30,BVOD avg audience,62000,Seven,False,0.1
AU,voz,2 BVOD,BVOD,2025-12-15,TIPPING POINT AUSTRALIA,,10,30,BVOD avg audience,104000,Nine,False,0.7
AU,voz,2 BVOD,BVOD,2025-12-15,TODAY,,14,30,BVOD avg audience,99000,Nine,False,0.567
AU,voz,2 BVOD,BVOD,2025-12-15,TRAVEL GUIDES,,18,30,BVOD avg audience,86000,Nine,False,0.433
AU,voz,2 BVOD,BVOD,2025-12-22,9NEWS,,4,30,BVOD avg audience,143000,Nine,False,0.9
AU,voz,2 BVOD,BVOD,2025-12-22,9NEWS SATURDAY,,10,30,BVOD avg audience,98000,Nine,False,0.7
AU,voz,2 BVOD,BVOD,2025-12-22,9NEWS SUNDAY,,7,30,BVOD avg audience,117000,Nine,False,0.8
AU,voz,2 BVOD,BVOD,2025-12-22,A CURRENT AFFAIR,,9,30,BVOD avg audience,104000,Nine,False,0.733
AU,voz,2 BVOD,BVOD,2025-12-22,ABC NEWS,,28,30,BVOD avg audience,48000,ABC,False,0.1
AU,voz,2 BVOD,BVOD,2025-12-22,ALL CREATURES GREAT AND SMALL,,16,30,BVOD avg audience,64000,ABC,False,0.5
AU,voz,2 BVOD,BVOD,2025-12-22,ANIMALS ABOARD WITH DR. HARRY,,15,30,BVOD avg audience,65000,Seven,False,0.533
AU,voz,2 BVOD,BVOD,2025-12-22,CALL THE MIDWIFE: CHRISTMAS SPECIAL (2024) TX 2,,23,30,BVOD avg audience,51000,ABC,False,0.267
AU,voz,2 BVOD,BVOD,2025-12-22,CAROLS BY CANDLELIGHT,,2,30,BVOD avg audience,214000,Nine,False,0.967
AU,voz,2 BVOD,BVOD,2025-12-22,CHRISTMAS WITH DELTA,,8,30,BVOD avg audience,105000,Nine,False,0.767
AU,voz,2 BVOD,BVOD,2025-12-22,DEATH IN PARADISE: CHRISTMAS SPECIAL (2024),,14,30,BVOD avg audience,66000,ABC,False,0.567
AU,voz,2 BVOD,BVOD,2025-12-22,FIND MY BEACH HOUSE AUSTRALIA,,19,30,BVOD avg audience,54000,Nine,False,0.4
AU,voz,2 BVOD,BVOD,2025-12-22,JAMIE DURIE’S FUTURE HOUSE,,24,30,BVOD avg audience,51000,Nine,False,0.233
AU,voz,2 BVOD,BVOD,2025-12-22,NATIONAL LAMPOON’S CHRISTMAS VACATION,,25,30,BVOD avg audience,51000,Nine,False,0.2
AU,voz,2 BVOD,BVOD,2025-12-22,RBT,,30,30,BVOD avg audience,45000,Nine,False,0.033
AU,voz,2 BVOD,BVOD,2025-12-22,SEVEN NEWS,,3,30,BVOD avg audience,191000,Seven,False,0.933
AU,voz,2 BVOD,BVOD,2025-12-22,SEVEN’S CRICKET: BBL,,6,30,BVOD avg audience,142000,Seven,False,0.833
AU,voz,2 BVOD,BVOD,2025-12-22,SEVEN’S CRICKET: FOURTH TEST,,1,30,BVOD avg audience,301000,Seven,False,1.0
AU,voz,2 BVOD,BVOD,2025-12-22,SUNRISE,,20,30,BVOD avg audience,54000,Seven,False,0.367
AU,voz,2 BVOD,BVOD,2025-12-22,SYDNEY 2000: THE BEST EVER,,26,30,BVOD avg audience,51000,Nine,False,0.167
AU,voz,2 BVOD,BVOD,2025-12-22,SYDNEY HOBART YACHT RACE 2025,,11,30,BVOD avg audience,80000,Nine,False,0.667
AU,voz,2 BVOD,BVOD,2025-12-22,TARONGA: WHO’S WHO IN THE ZOO,,17,30,BVOD avg audience,59000,Nine,False,0.467
AU,voz,2 BVOD,BVOD,2025-12-22,THE 1% CLUB UK,,21,30,BVOD avg audience,54000,Seven,False,0.333
AU,voz,2 BVOD,BVOD,2025-12-22,THE CHASE AUSTRALIA,,22,30,BVOD avg audience,54000,Seven,False,0.3
AU,voz,2 BVOD,BVOD,2025-12-22,THE ROYAL VARIETY PERFORMANCE 2025,,18,30,BVOD avg audience,58000,ABC,False,0.433
AU,voz,2 BVOD,BVOD,2025-12-22,THE YEARLY WITH CHARLIE PICKERING 2025,,5,30,BVOD avg audience,143000,ABC,False,0.867
AU,voz,2 BVOD,BVOD,2025-12-22,TIPPING POINT AUSTRALIA,,13,30,BVOD avg audience,74000,Nine,False,0.6
AU,voz,2 BVOD,BVOD,2025-12-22,TODAY,,29,30,BVOD avg audience,48000,Nine,False,0.067
AU,voz,2 BVOD,BVOD,2025-12-22,TRAVEL GUIDES,,12,30,BVOD avg audience,76000,Nine,False,0.633
AU,voz,2 BVOD,BVOD,2025-12-22,WEEKEND SUNRISE,,27,30,BVOD avg audience,49000,Seven,False,0.133
AU,voz,2 BVOD,BVOD,2025-12-29,2026 UNITED CUP D2,,29,30,BVOD avg audience,53000,Nine,False,0.067
AU,voz,2 BVOD,BVOD,2025-12-29,9NEWS,,9,30,BVOD avg audience,136000,Nine,False,0.733
AU,voz,2 BVOD,BVOD,2025-12-29,9NEWS SUNDAY,,10,30,BVOD avg audience,135000,Nine,False,0.7
AU,voz,2 BVOD,BVOD,2025-12-29,A CURRENT AFFAIR,,15,30,BVOD avg audience,100000,Nine,False,0.533
AU,voz,2 BVOD,BVOD,2025-12-29,ALL CREATURES GREAT AND SMALL,,21,30,BVOD avg audience,65000,ABC,False,0.333
AU,voz,2 BVOD,BVOD,2025-12-29,ART DETECTIVES,,14,30,BVOD avg audience,111000,ABC,False,0.567
AU,voz,2 BVOD,BVOD,2025-12-29,BUT ALSO JOHN CLARKE,,11,30,BVOD avg audience,116000,ABC,False,0.667
AU,voz,2 BVOD,BVOD,2025-12-29,CALL THE MIDWIFE,,22,30,BVOD avg audience,64000,ABC,False,0.3
AU,voz,2 BVOD,BVOD,2025-12-29,FIND MY BEACH HOUSE AUSTRALIA,,20,30,BVOD avg audience,66000,Nine,False,0.367
AU,voz,2 BVOD,BVOD,2025-12-29,GOOLAGONG,,3,30,BVOD avg audience,217000,ABC,False,0.933
AU,voz,2 BVOD,BVOD,2025-12-29,GREAT GETAWAYS,,28,30,BVOD avg audience,54000,Nine,False,0.1
AU,voz,2 BVOD,BVOD,2025-12-29,LONG LOST FAMILY: SHIPPED TO AUSTRALIA,,25,30,BVOD avg audience,60000,ABC,False,0.2
AU,voz,2 BVOD,BVOD,2025-12-29,MUSTER DOGS: WHERE ARE THEY NOW,,19,30,BVOD avg audience,69000,ABC,False,0.4
AU,voz,2 BVOD,BVOD,2025-12-29,NEW YEAR’S EVE 2025-LE,,30,30,BVOD avg audience,53000,ABC,False,0.033
AU,voz,2 BVOD,BVOD,2025-12-29,NEW YEAR’S EVE 2025: CALLING COUNTRY FIREWORKS,,6,30,BVOD avg audience,172000,ABC,False,0.833
AU,voz,2 BVOD,BVOD,2025-12-29,NEW YEAR’S EVE 2025: COUNTDOWN TO MIDNIGHT-LE,,2,30,BVOD avg audience,297000,ABC,False,0.967
AU,voz,2 BVOD,BVOD,2025-12-29,NEW YEAR’S EVE 2025: LIVE CONCERT FROM THE OPERA HOUSE,,5,30,BVOD avg audience,173000,ABC,False,0.867
AU,voz,2 BVOD,BVOD,2025-12-29,NEW YEAR’S EVE 2025: MIDNIGHT FIREWORKS-EM,,1,30,BVOD avg audience,376000,ABC,False,1.0
AU,voz,2 BVOD,BVOD,2025-12-29,NEW YEAR’S EVE 2025: WELCOME TO NYE,,7,30,BVOD avg audience,139000,ABC,False,0.8
AU,voz,2 BVOD,BVOD,2025-12-29,RBT,,27,30,BVOD avg audience,56000,Nine,False,0.133
AU,voz,2 BVOD,BVOD,2025-12-29,SEVEN NEWS,,8,30,BVOD avg audience,139000,Seven,False,0.767
AU,voz,2 BVOD,BVOD,2025-12-29,SEVEN NEWS AT 5,,12,30,BVOD avg audience,113000,Seven,False,0.633
AU,voz,2 BVOD,BVOD,2025-12-29,SEVEN’S CRICKET: BBL,,13,30,BVOD avg audience,112000,Seven,False,0.6
AU,voz,2 BVOD,BVOD,2025-12-29,SEVEN’S CRICKET: FIFTH TEST,,4,30,BVOD avg audience,198000,Seven,False,0.9
AU,voz,2 BVOD,BVOD,2025-12-29,SYDNEY 2000: THE BEST EVER,,24,30,BVOD avg audience,61000,Nine,False,0.233
AU,voz,2 BVOD,BVOD,2025-12-29,TARONGA: WHO’S WHO IN THE ZOO,,23,30,BVOD avg audience,63000,Nine,False,0.267
AU,voz,2 BVOD,BVOD,2025-12-29,THE CHASE AUSTRALIA,,26,30,BVOD avg audience,57000,Seven,False,0.167
AU,voz,2 BVOD,BVOD,2025-12-29,THE JETTY,,16,30,BVOD avg audience,89000,ABC,False,0.5
AU,voz,2 BVOD,BVOD,2025-12-29,TIPPING POINT AUSTRALIA,,18,30,BVOD avg audience,71000,Nine,False,0.433
AU,voz,2 BVOD,BVOD,2025-12-29,TRAVEL GUIDES,,17,30,BVOD avg audience,73000,Nine,False,0.467
AU,voz,2 BVOD,BVOD,2026-01-05,2026 UNITED CUP D10,,30,30,BVOD avg audience,50000,Nine,False,0.033
AU,voz,2 BVOD,BVOD,2026-01-05,2026 UNITED CUP D5,,25,30,BVOD avg audience,55000,Nine,False,0.2
AU,voz,2 BVOD,BVOD,2026-01-05,2026 UNITED CUP D8,,24,30,BVOD avg audience,56000,Nine,False,0.233
AU,voz,2 BVOD,BVOD,2026-01-05,7.30,,13,30,BVOD avg audience,71000,ABC,False,0.6
AU,voz,2 BVOD,BVOD,2026-01-05,9NEWS,,3,30,BVOD avg audience,161000,Nine,False,0.933
AU,voz,2 BVOD,BVOD,2026-01-05,9NEWS SUNDAY,,5,30,BVOD avg audience,147000,Nine,False,0.867
AU,voz,2 BVOD,BVOD,2026-01-05,A CURRENT AFFAIR,,7,30,BVOD avg audience,121000,Nine,False,0.8
AU,voz,2 BVOD,BVOD,2026-01-05,ABC NEWS,,21,30,BVOD avg audience,59000,ABC,False,0.333
AU,voz,2 BVOD,BVOD,2026-01-05,ABC NEWS SUNDAY,,27,30,BVOD avg audience,53000,ABC,False,0.133
AU,voz,2 BVOD,BVOD,2026-01-05,ALL CREATURES GREAT AND SMALL,,18,30,BVOD avg audience,60000,ABC,False,0.433
AU,voz,2 BVOD,BVOD,2026-01-05,ART DETECTIVES,,12,30,BVOD avg audience,77000,ABC,False,0.633
AU,voz,2 BVOD,BVOD,2026-01-05,BETTER HOMES AND GARDENS SUMMER,,29,30,BVOD avg audience,51000,Seven,False,0.067
AU,voz,2 BVOD,BVOD,2026-01-05,BORDER SECURITY,,16,30,BVOD avg audience,65000,Seven,False,0.5
AU,voz,2 BVOD,BVOD,2026-01-05,DR KARL’S HOW THINGS WORK,,8,30,BVOD avg audience,110000,ABC,False,0.767
AU,voz,2 BVOD,BVOD,2026-01-05,DR KARL’S HOW THINGS WORK TX 2,,17,30,BVOD avg audience,62000,ABC,False,0.467
AU,voz,2 BVOD,BVOD,2026-01-05,GOOLAGONG,,4,30,BVOD avg audience,156000,ABC,False,0.9
AU,voz,2 BVOD,BVOD,2026-01-05,GRAND DESIGNS TRANSFORMATIONS,,6,30,BVOD avg audience,137000,ABC,False,0.833
AU,voz,2 BVOD,BVOD,2026-01-05,GREAT GETAWAYS,,15,30,BVOD avg audience,68000,Nine,False,0.533
AU,voz,2 BVOD,BVOD,2026-01-05,HARD QUIZ,,19,30,BVOD avg audience,60000,ABC,False,0.4
AU,voz,2 BVOD,BVOD,2026-01-05,RBT,,26,30,BVOD avg audience,55000,Nine,False,0.167
AU,voz,2 BVOD,BVOD,2026-01-05,SEVEN NEWS,,2,30,BVOD avg audience,201000,Seven,False,0.967
AU,voz,2 BVOD,BVOD,2026-01-05,SEVEN NEWS AT 4,,22,30,BVOD avg audience,58000,Seven,False,0.3
AU,voz,2 BVOD,BVOD,2026-01-05,SEVEN’S CRICKET: BBL,,9,30,BVOD avg audience,100000,Seven,False,0.733
AU,voz,2 BVOD,BVOD,2026-01-05,SEVEN’S CRICKET: FIFTH TEST,,1,30,BVOD avg audience,245000,Seven,False,1.0
AU,voz,2 BVOD,BVOD,2026-01-05,SUNRISE,,20,30,BVOD avg audience,60000,Seven,False,0.367
AU,voz,2 BVOD,BVOD,2026-01-05,THE CHASE AUSTRALIA,,14,30,BVOD avg audience,70000,Seven,False,0.567
AU,voz,2 BVOD,BVOD,2026-01-05,THE JETTY,,28,30,BVOD avg audience,52000,ABC,False,0.1
AU,voz,2 BVOD,BVOD,2026-01-05,TIPPING POINT AUSTRALIA,,11,30,BVOD avg audience,80000,Nine,False,0.667
AU,voz,2 BVOD,BVOD,2026-01-05,TRAVEL GUIDES,,10,30,BVOD avg audience,87000,Nine,False,0.7
AU,voz,2 BVOD,BVOD,2026-01-05,WEEKEND SUNRISE,,23,30,BVOD avg audience,58000,Seven,False,0.267
AU,voz,2 BVOD,BVOD,2026-01-12,2026 AUSTRALIAN OPEN D1,,6,30,BVOD avg audience,130000,Nine,False,0.833
AU,voz,2 BVOD,BVOD,2026-01-12,7.30,,15,30,BVOD avg audience,68000,ABC,False,0.533
AU,voz,2 BVOD,BVOD,2026-01-12,9NEWS,,2,30,BVOD avg audience,181000,Nine,False,0.967
AU,voz,2 BVOD,BVOD,2026-01-12,9NEWS SATURDAY,,7,30,BVOD avg audience,127000,Nine,False,0.8
AU,voz,2 BVOD,BVOD,2026-01-12,9NEWS SUNDAY,,3,30,BVOD avg audience,181000,Nine,False,0.933
AU,voz,2 BVOD,BVOD,2026-01-12,A CURRENT AFFAIR,,5,30,BVOD avg audience,139000,Nine,False,0.867
AU,voz,2 BVOD,BVOD,2026-01-12,ABC NEWS,,16,30,BVOD avg audience,68000,ABC,False,0.5
AU,voz,2 BVOD,BVOD,2026-01-12,ABC NEWS SUNDAY,,25,30,BVOD avg audience,54000,ABC,False,0.2
AU,voz,2 BVOD,BVOD,2026-01-12,ALL CREATURES GREAT AND SMALL,,18,30,BVOD avg audience,65000,ABC,False,0.433
AU,voz,2 BVOD,BVOD,2026-01-12,AO26,,8,30,BVOD avg audience,115000,Nine,False,0.767
AU,voz,2 BVOD,BVOD,2026-01-12,ART DETECTIVES,,28,30,BVOD avg audience,50000,ABC,False,0.1
AU,voz,2 BVOD,BVOD,2026-01-12,BORDER SECURITY,,26,30,BVOD avg audience,54000,Seven,False,0.167
AU,voz,2 BVOD,BVOD,2026-01-12,COOL RUNNINGS,,30,30,BVOD avg audience,45000,Nine,False,0.033
AU,voz,2 BVOD,BVOD,2026-01-12,DR KARL’S HOW THINGS WORK,,21,30,BVOD avg audience,59000,ABC,False,0.333
AU,voz,2 BVOD,BVOD,2026-01-12,FIND MY COUNTRY HOUSE AUSTRALIA,,27,30,BVOD avg audience,54000,Nine,False,0.133
AU,voz,2 BVOD,BVOD,2026-01-12,GOOLAGONG,,13,30,BVOD avg audience,90000,ABC,False,0.6
AU,voz,2 BVOD,BVOD,2026-01-12,GRAND DESIGNS TRANSFORMATIONS,,11,30,BVOD avg audience,92000,ABC,False,0.667
AU,voz,2 BVOD,BVOD,2026-01-12,HARD QUIZ,,19,30,BVOD avg audience,65000,ABC,False,0.4
AU,voz,2 BVOD,BVOD,2026-01-12,I’M A CELEBRITY…GET ME OUT OF HERE!,,1,30,BVOD avg audience,281000,10,False,1.0
AU,voz,2 BVOD,BVOD,2026-01-12,SEVEN NEWS,,4,30,BVOD avg audience,149000,Seven,False,0.9
AU,voz,2 BVOD,BVOD,2026-01-12,SEVEN’S CRICKET: BBL,,10,30,BVOD avg audience,98000,Seven,False,0.7
AU,voz,2 BVOD,BVOD,2026-01-12,SUNRISE,,22,30,BVOD avg audience,56000,Seven,False,0.3
AU,voz,2 BVOD,BVOD,2026-01-12,TARONGA: WHO’S WHO IN THE ZOO,,14,30,BVOD avg audience,76000,Nine,False,0.567
AU,voz,2 BVOD,BVOD,2026-01-12,THE CHASE AUSTRALIA,,17,30,BVOD avg audience,67000,Seven,False,0.467
AU,voz,2 BVOD,BVOD,2026-01-12,THE GREAT ART FRAUD,,23,30,BVOD avg audience,56000,ABC,False,0.267
AU,voz,2 BVOD,BVOD,2026-01-12,THE WEEKLY WITH CHARLIE PICKERING,,20,30,BVOD avg audience,60000,ABC,False,0.367
AU,voz,2 BVOD,BVOD,2026-01-12,TIPPING POINT AUSTRALIA,,12,30,BVOD avg audience,92000,Nine,False,0.633
AU,voz,2 BVOD,BVOD,2026-01-12,TODAY,,29,30,BVOD avg audience,48000,Nine,False,0.067
AU,voz,2 BVOD,BVOD,2026-01-12,TRAVEL GUIDES,,9,30,BVOD avg audience,99000,Nine,False,0.733
AU,voz,2 BVOD,BVOD,2026-01-12,WEEKEND SUNRISE,,24,30,BVOD avg audience,56000,Seven,False,0.233
AU,voz,2 BVOD,BVOD,2026-01-19,2026 AUSTRALIAN OPEN D2,,4,30,BVOD avg audience,219000,Nine,False,0.9
AU,voz,2 BVOD,BVOD,2026-01-19,2026 AUSTRALIAN OPEN D3,,11,30,BVOD avg audience,173000,Nine,False,0.667
AU,voz,2 BVOD,BVOD,2026-01-19,2026 AUSTRALIAN OPEN D4,,3,30,BVOD avg audience,235000,Nine,False,0.933
AU,voz,2 BVOD,BVOD,2026-01-19,2026 AUSTRALIAN OPEN D5,,8,30,BVOD avg audience,192000,Nine,False,0.767
AU,voz,2 BVOD,BVOD,2026-01-19,2026 AUSTRALIAN OPEN D6,,6,30,BVOD avg audience,212000,Nine,False,0.833
AU,voz,2 BVOD,BVOD,2026-01-19,2026 AUSTRALIAN OPEN D7,,10,30,BVOD avg audience,179000,Nine,False,0.7
AU,voz,2 BVOD,BVOD,2026-01-19,2026 AUSTRALIAN OPEN D8,,5,30,BVOD avg audience,218000,Nine,False,0.867
AU,voz,2 BVOD,BVOD,2026-01-19,7.30,,21,30,BVOD avg audience,62000,ABC,False,0.333
AU,voz,2 BVOD,BVOD,2026-01-19,9NEWS,,7,30,BVOD avg audience,207000,Nine,False,0.8
AU,voz,2 BVOD,BVOD,2026-01-19,9NEWS SATURDAY,,12,30,BVOD avg audience,173000,Nine,False,0.633
AU,voz,2 BVOD,BVOD,2026-01-19,9NEWS SUNDAY,,9,30,BVOD avg audience,184000,Nine,False,0.733
AU,voz,2 BVOD,BVOD,2026-01-19,ABC NEWS,,19,30,BVOD avg audience,68000,ABC,False,0.4
AU,voz,2 BVOD,BVOD,2026-01-19,ABC NEWS SUNDAY,,30,30,BVOD avg audience,45000,ABC,False,0.033
AU,voz,2 BVOD,BVOD,2026-01-19,ALL CREATURES GREAT AND SMALL,,22,30,BVOD avg audience,61000,ABC,False,0.3
AU,voz,2 BVOD,BVOD,2026-01-19,ALWAYS WAS TONIGHT,,27,30,BVOD avg audience,55000,ABC,False,0.133
AU,voz,2 BVOD,BVOD,2026-01-19,GRAND DESIGNS TRANSFORMATIONS,,25,30,BVOD avg audience,56000,ABC,False,0.2
AU,voz,2 BVOD,BVOD,2026-01-19,HARD QUIZ,,20,30,BVOD avg audience,66000,ABC,False,0.367
AU,voz,2 BVOD,BVOD,2026-01-19,HOME AND AWAY,,1,30,BVOD avg audience,420000,Seven,False,1.0
AU,voz,2 BVOD,BVOD,2026-01-19,INSIDERS,,16,30,BVOD avg audience,83000,ABC,False,0.5
AU,voz,2 BVOD,BVOD,2026-01-19,I’M A CELEBRITY…GET ME OUT OF HERE!,,2,30,BVOD avg audience,304000,10,False,0.967
AU,voz,2 BVOD,BVOD,2026-01-19,NINE DAYS IN AFGHANISTAN,,26,30,BVOD avg audience,56000,ABC,False,0.167
AU,voz,2 BVOD,BVOD,2026-01-19,SEVEN NEWS,,13,30,BVOD avg audience,167000,Seven,False,0.6
AU,voz,2 BVOD,BVOD,2026-01-19,SEVEN’S CRICKET: BBL,,14,30,BVOD avg audience,142000,Seven,False,0.567
AU,voz,2 BVOD,BVOD,2026-01-19,SUNRISE,,23,30,BVOD avg audience,57000,Seven,False,0.267
AU,voz,2 BVOD,BVOD,2026-01-19,THE 1% CLUB UK: ROLLOVER,,17,30,BVOD avg audience,75000,Seven,False,0.467
AU,voz,2 BVOD,BVOD,2026-01-19,THE CHASE AUSTRALIA,,15,30,BVOD avg audience,84000,Seven,False,0.533
AU,voz,2 BVOD,BVOD,2026-01-19,THE WEEKLY WITH CHARLIE PICKERING,,18,30,BVOD avg audience,72000,ABC,False,0.433
AU,voz,2 BVOD,BVOD,2026-01-19,TODAY,,28,30,BVOD avg audience,53000,Nine,False,0.1
AU,voz,2 BVOD,BVOD,2026-01-19,WEEKEND SUNRISE,,24,30,BVOD avg audience,57000,Seven,False,0.233
AU,voz,2 BVOD,BVOD,2026-01-19,WEEKEND TODAY,,29,30,BVOD avg audience,48000,Nine,False,0.067
AU,voz,2 BVOD,BVOD,2026-01-26,2026 AUSTRALIAN OPEN D10,,3,30,BVOD avg audience,458000,Nine,False,0.933
AU,voz,2 BVOD,BVOD,2026-01-26,2026 AUSTRALIAN OPEN D11,,6,30,BVOD avg audience,312000,Nine,False,0.833
AU,voz,2 BVOD,BVOD,2026-01-26,2026 AUSTRALIAN OPEN D12,,7,30,BVOD avg audience,271000,Nine,False,0.8
AU,voz,2 BVOD,BVOD,2026-01-26,2026 AUSTRALIAN OPEN D13,,4,30,BVOD avg audience,438000,Nine,False,0.9
AU,voz,2 BVOD,BVOD,2026-01-26,2026 AUSTRALIAN OPEN D14,,2,30,BVOD avg audience,504000,Nine,False,0.967
AU,voz,2 BVOD,BVOD,2026-01-26,2026 AUSTRALIAN OPEN D15,,1,30,BVOD avg audience,924000,Nine,False,1.0
AU,voz,2 BVOD,BVOD,2026-01-26,2026 AUSTRALIAN OPEN D9,,9,30,BVOD avg audience,253000,Nine,False,0.733
AU,voz,2 BVOD,BVOD,2026-01-26,9-1-1,,16,30,BVOD avg audience,121000,Seven,False,0.5
AU,voz,2 BVOD,BVOD,2026-01-26,9NEWS,,10,30,BVOD avg audience,232000,Nine,False,0.7
AU,voz,2 BVOD,BVOD,2026-01-26,9NEWS SATURDAY,,14,30,BVOD avg audience,151000,Nine,False,0.567
AU,voz,2 BVOD,BVOD,2026-01-26,9NEWS SUNDAY,,12,30,BVOD avg audience,198000,Nine,False,0.633
AU,voz,2 BVOD,BVOD,2026-01-26,9NEWS: FIRST AT FIVE,,23,30,BVOD avg audience,81000,Nine,False,0.267
AU,voz,2 BVOD,BVOD,2026-01-26,ABC NEWS,,29,30,BVOD avg audience,65000,ABC,False,0.067
AU,voz,2 BVOD,BVOD,2026-01-26,ANTIQUES ROADSHOW,,15,30,BVOD avg audience,141000,ABC,False,0.533
AU,voz,2 BVOD,BVOD,2026-01-26,BORDER SECURITY,,28,30,BVOD avg audience,66000,Seven,False,0.1
AU,voz,2 BVOD,BVOD,2026-01-26,DOC,,17,30,BVOD avg audience,111000,Seven,False,0.467
AU,voz,2 BVOD,BVOD,2026-01-26,DOG PARK,,11,30,BVOD avg audience,220000,ABC,False,0.667
AU,voz,2 BVOD,BVOD,2026-01-26,FIND MY COUNTRY HOUSE AUSTRALIA,,26,30,BVOD avg audience,71000,Nine,False,0.167
AU,voz,2 BVOD,BVOD,2026-01-26,HARD QUIZ,,30,30,BVOD avg audience,64000,ABC,False,0.033
AU,voz,2 BVOD,BVOD,2026-01-26,HOME AND AWAY,,5,30,BVOD avg audience,358000,Seven,False,0.867
AU,voz,2 BVOD,BVOD,2026-01-26,INSIDERS,,22,30,BVOD avg audience,83000,ABC,False,0.3
AU,voz,2 BVOD,BVOD,2026-01-26,I’M A CELEBRITY…GET ME OUT OF HERE!,,8,30,BVOD avg audience,261000,10,False,0.767
AU,voz,2 BVOD,BVOD,2026-01-26,M*A*S*H,,27,30,BVOD avg audience,68000,Nine,False,0.133
AU,voz,2 BVOD,BVOD,2026-01-26,MIDSOMER MURDERS,,19,30,BVOD avg audience,105000,ABC,False,0.4
AU,voz,2 BVOD,BVOD,2026-01-26,MUSTER DOGS,,18,30,BVOD avg audience,109000,ABC,False,0.433
AU,voz,2 BVOD,BVOD,2026-01-26,RBT,,20,30,BVOD avg audience,96000,Nine,False,0.367
AU,voz,2 BVOD,BVOD,2026-01-26,SEVEN NEWS,,13,30,BVOD avg audience,174000,Seven,False,0.6
AU,voz,2 BVOD,BVOD,2026-01-26,THE 1% CLUB UK: ROLLOVER,,24,30,BVOD avg audience,77000,Seven,False,0.233
AU,voz,2 BVOD,BVOD,2026-01-26,THE CHASE AUSTRALIA,,21,30,BVOD avg audience,93000,Seven,False,0.333
AU,voz,2 BVOD,BVOD,2026-01-26,THE WEEKLY WITH CHARLIE PICKERING,,25,30,BVOD avg audience,75000,ABC,False,0.2
AU,voz,2 BVOD,BVOD,2026-02-02,9-1-1,,14,30,BVOD avg audience,137000,Seven,False,0.567
AU,voz,2 BVOD,BVOD,2026-02-02,9NEWS,,9,30,BVOD avg audience,195000,Nine,False,0.733
AU,voz,2 BVOD,BVOD,2026-02-02,9NEWS SATURDAY,,12,30,BVOD avg audience,139000,Nine,False,0.633
AU,voz,2 BVOD,BVOD,2026-02-02,9NEWS SUNDAY,,6,30,BVOD avg audience,211000,Nine,False,0.833
AU,voz,2 BVOD,BVOD,2026-02-02,9NEWS: FIRST AT FIVE,,21,30,BVOD avg audience,98000,Nine,False,0.333
AU,voz,2 BVOD,BVOD,2026-02-02,A CURRENT AFFAIR,,8,30,BVOD avg audience,196000,Nine,False,0.767
AU,voz,2 BVOD,BVOD,2026-02-02,AUSTRALIAN IDOL,,3,30,BVOD avg audience,362000,Seven,False,0.933
AU,voz,2 BVOD,BVOD,2026-02-02,AUSTRALIAN STORY,,13,30,BVOD avg audience,138000,ABC,False,0.6
AU,voz,2 BVOD,BVOD,2026-02-02,BEYOND THE DREAM: ICE BREAKERS,,16,30,BVOD avg audience,121000,Nine,False,0.5
AU,voz,2 BVOD,BVOD,2026-02-02,DOC,,15,30,BVOD avg audience,128000,Seven,False,0.533
AU,voz,2 BVOD,BVOD,2026-02-02,DOG PARK,,22,30,BVOD avg audience,92000,ABC,False,0.3
AU,voz,2 BVOD,BVOD,2026-02-02,FIND MY COUNTRY HOUSE AUSTRALIA,,30,30,BVOD avg audience,69000,Nine,False,0.033
AU,voz,2 BVOD,BVOD,2026-02-02,HOME AND AWAY,,2,30,BVOD avg audience,391000,Seven,False,0.967
AU,voz,2 BVOD,BVOD,2026-02-02,INSIDERS,,29,30,BVOD avg audience,71000,ABC,False,0.067
AU,voz,2 BVOD,BVOD,2026-02-02,I’M A CELEBRITY…GET ME OUT OF HERE!,,5,30,BVOD avg audience,230000,10,False,0.867
AU,voz,2 BVOD,BVOD,2026-02-02,MARRIED AT FIRST SIGHT,,1,30,BVOD avg audience,1262000,Nine,False,1.0
AU,voz,2 BVOD,BVOD,2026-02-02,MIDSOMER MURDERS,,26,30,BVOD avg audience,81000,ABC,False,0.167
AU,voz,2 BVOD,BVOD,2026-02-02,MILLIONAIRE HOT SEAT,,18,30,BVOD avg audience,113000,10,False,0.433
AU,voz,2 BVOD,BVOD,2026-02-02,MUSTER DOGS,,28,30,BVOD avg audience,74000,ABC,False,0.1
AU,voz,2 BVOD,BVOD,2026-02-02,PLANET AMERICA-LE,,25,30,BVOD avg audience,86000,ABC,False,0.2
AU,voz,2 BVOD,BVOD,2026-02-02,SEVEN NEWS,,10,30,BVOD avg audience,171000,Seven,False,0.7
AU,voz,2 BVOD,BVOD,2026-02-02,THE 1% CLUB UK: ROLLOVER,,24,30,BVOD avg audience,88000,Seven,False,0.233
AU,voz,2 BVOD,BVOD,2026-02-02,THE CHASE AUSTRALIA,,27,30,BVOD avg audience,80000,Seven,False,0.133
AU,voz,2 BVOD,BVOD,2026-02-02,TIPPING POINT AUSTRALIA,,19,30,BVOD avg audience,105000,Nine,False,0.4
AU,voz,2 BVOD,BVOD,2026-02-02,TRESPASSES,,17,30,BVOD avg audience,121000,SBS,False,0.467
AU,voz,2 BVOD,BVOD,2026-02-02,WINTER OLYMPICS 2026,,23,30,BVOD avg audience,89000,Nine,False,0.267
AU,voz,2 BVOD,BVOD,2026-02-02,WINTER OLYMPICS 2026 D-1,,20,30,BVOD avg audience,103000,Nine,False,0.367
AU,voz,2 BVOD,BVOD,2026-02-02,WINTER OLYMPICS 2026 D0,,11,30,BVOD avg audience,150000,Nine,False,0.667
AU,voz,2 BVOD,BVOD,2026-02-02,WINTER OLYMPICS 2026 D1,,7,30,BVOD avg audience,199000,Nine,False,0.8
AU,voz,2 BVOD,BVOD,2026-02-02,WINTER OLYMPICS 2026 D2,,4,30,BVOD avg audience,255000,Nine,False,0.9
AU,voz,2 BVOD,BVOD,2026-02-09,9-1-1,,18,30,BVOD avg audience,133000,Seven,False,0.433
AU,voz,2 BVOD,BVOD,2026-02-09,9NEWS,,6,30,BVOD avg audience,203000,Nine,False,0.833
AU,voz,2 BVOD,BVOD,2026-02-09,9NEWS SATURDAY,,21,30,BVOD avg audience,121000,Nine,False,0.333
AU,voz,2 BVOD,BVOD,2026-02-09,9NEWS SUNDAY,,10,30,BVOD avg audience,194000,Nine,False,0.7
AU,voz,2 BVOD,BVOD,2026-02-09,A CURRENT AFFAIR,,8,30,BVOD avg audience,198000,Nine,False,0.767
AU,voz,2 BVOD,BVOD,2026-02-09,AUSTRALIAN IDOL,,3,30,BVOD avg audience,284000,Seven,False,0.933
AU,voz,2 BVOD,BVOD,2026-02-09,AUSTRALIAN STORY,,15,30,BVOD avg audience,162000,ABC,False,0.533
AU,voz,2 BVOD,BVOD,2026-02-09,DOC,,23,30,BVOD avg audience,102000,Seven,False,0.267
AU,voz,2 BVOD,BVOD,2026-02-09,FOUR CORNERS,,24,30,BVOD avg audience,91000,ABC,False,0.233
AU,voz,2 BVOD,BVOD,2026-02-09,HOME AND AWAY,,2,30,BVOD avg audience,337000,Seven,False,0.967
AU,voz,2 BVOD,BVOD,2026-02-09,INSIDERS,,28,30,BVOD avg audience,79000,ABC,False,0.1
AU,voz,2 BVOD,BVOD,2026-02-09,I’M A CELEBRITY…GET ME OUT OF HERE!,,7,30,BVOD avg audience,200000,10,False,0.8
AU,voz,2 BVOD,BVOD,2026-02-09,MARRIED AT FIRST SIGHT,,1,30,BVOD avg audience,1272000,Nine,False,1.0
AU,voz,2 BVOD,BVOD,2026-02-09,MILLIONAIRE HOT SEAT,,29,30,BVOD avg audience,78000,10,False,0.067
AU,voz,2 BVOD,BVOD,2026-02-09,PLANET AMERICA-LE,,25,30,BVOD avg audience,91000,ABC,False,0.2
AU,voz,2 BVOD,BVOD,2026-02-09,PROFESSOR T,,20,30,BVOD avg audience,123000,ABC,False,0.367
AU,voz,2 BVOD,BVOD,2026-02-09,RUGBY LEAGUE ALL STARS,,26,30,BVOD avg audience,87000,Nine,False,0.167
AU,voz,2 BVOD,BVOD,2026-02-09,SEVEN NEWS,,14,30,BVOD avg audience,168000,Seven,False,0.567
AU,voz,2 BVOD,BVOD,2026-02-09,SEVEN’S AFL: STATE OF ORIGIN: WA V VICTORIA,,11,30,BVOD avg audience,192000,Seven,False,0.667
AU,voz,2 BVOD,BVOD,2026-02-09,SUPER BOWL LX: PATRIOTS AT SEAHAWKS,,16,30,BVOD avg audience,148000,Seven,False,0.5
AU,voz,2 BVOD,BVOD,2026-02-09,SUPER BOWL LX: PATRIOTS AT SEAHAWKS POST GAME,,30,30,BVOD avg audience,78000,Seven,False,0.033
AU,voz,2 BVOD,BVOD,2026-02-09,THE CHASE AUSTRALIA,,27,30,BVOD avg audience,83000,Seven,False,0.133
AU,voz,2 BVOD,BVOD,2026-02-09,TIPPING POINT AUSTRALIA,,22,30,BVOD avg audience,106000,Nine,False,0.3
AU,voz,2 BVOD,BVOD,2026-02-09,WINTER OLYMPICS 2026 D3,,5,30,BVOD avg audience,206000,Nine,False,0.867
AU,voz,2 BVOD,BVOD,2026-02-09,WINTER OLYMPICS 2026 D4,,9,30,BVOD avg audience,196000,Nine,False,0.733
AU,voz,2 BVOD,BVOD,2026-02-09,WINTER OLYMPICS 2026 D5,,12,30,BVOD avg audience,186000,Nine,False,0.633
AU,voz,2 BVOD,BVOD,2026-02-09,WINTER OLYMPICS 2026 D6,,13,30,BVOD avg audience,169000,Nine,False,0.6
AU,voz,2 BVOD,BVOD,2026-02-09,WINTER OLYMPICS 2026 D7,,17,30,BVOD avg audience,134000,Nine,False,0.467
AU,voz,2 BVOD,BVOD,2026-02-09,WINTER OLYMPICS 2026 D8,,19,30,BVOD avg audience,128000,Nine,False,0.4
AU,voz,2 BVOD,BVOD,2026-02-09,WINTER OLYMPICS 2026 D9,,4,30,BVOD avg audience,252000,Nine,False,0.9
AU,voz,2 BVOD,BVOD,2026-02-16,60 MINUTES,,4,30,BVOD avg audience,207000,Nine,False,0.9
AU,voz,2 BVOD,BVOD,2026-02-16,9-1-1,,16,30,BVOD avg audience,123000,Seven,False,0.5
AU,voz,2 BVOD,BVOD,2026-02-16,9NEWS,,5,30,BVOD avg audience,196000,Nine,False,0.867
AU,voz,2 BVOD,BVOD,2026-02-16,9NEWS SATURDAY,,17,30,BVOD avg audience,116000,Nine,False,0.467
AU,voz,2 BVOD,BVOD,2026-02-16,9NEWS SUNDAY,,6,30,BVOD avg audience,195000,Nine,False,0.833
AU,voz,2 BVOD,BVOD,2026-02-16,A CURRENT AFFAIR,,7,30,BVOD avg audience,194000,Nine,False,0.8
AU,voz,2 BVOD,BVOD,2026-02-16,AUSTRALIAN IDOL,,3,30,BVOD avg audience,270000,Seven,False,0.933
AU,voz,2 BVOD,BVOD,2026-02-16,AUSTRALIAN STORY,,19,30,BVOD avg audience,113000,ABC,False,0.4
AU,voz,2 BVOD,BVOD,2026-02-16,DOC,,26,30,BVOD avg audience,89000,Seven,False,0.167
AU,voz,2 BVOD,BVOD,2026-02-16,FOUR CORNERS,,22,30,BVOD avg audience,103000,ABC,False,0.3
AU,voz,2 BVOD,BVOD,2026-02-16,GOGGLEBOX,,14,30,BVOD avg audience,144000,10,False,0.567
AU,voz,2 BVOD,BVOD,2026-02-16,HOME AND AWAY,,2,30,BVOD avg audience,348000,Seven,False,0.967
AU,voz,2 BVOD,BVOD,2026-02-16,INSIDERS,,25,30,BVOD avg audience,92000,ABC,False,0.2
AU,voz,2 BVOD,BVOD,2026-02-16,I’M A CELEBRITY…GET ME OUT OF HERE!,,8,30,BVOD avg audience,190000,10,False,0.767
AU,voz,2 BVOD,BVOD,2026-02-16,I’M A CELEBRITY…GET ME OUT OF HERE! GRAND FINALE,,9,30,BVOD avg audience,187000,10,False,0.733
AU,voz,2 BVOD,BVOD,2026-02-16,MARRIED AT FIRST SIGHT,,1,30,BVOD avg audience,1501000,Nine,False,1.0
AU,voz,2 BVOD,BVOD,2026-02-16,PLANET AMERICA-LE,,24,30,BVOD avg audience,96000,ABC,False,0.233
AU,voz,2 BVOD,BVOD,2026-02-16,PROFESSOR T,,28,30,BVOD avg audience,76000,ABC,False,0.1
AU,voz,2 BVOD,BVOD,2026-02-16,SEVEN NEWS,,13,30,BVOD avg audience,160000,Seven,False,0.6
AU,voz,2 BVOD,BVOD,2026-02-16,THE 1% CLUB UK,,27,30,BVOD avg audience,77000,Seven,False,0.133
AU,voz,2 BVOD,BVOD,2026-02-16,THE CHASE AUSTRALIA,,29,30,BVOD avg audience,76000,Seven,False,0.067
AU,voz,2 BVOD,BVOD,2026-02-16,THE WEEKLY WITH CHARLIE PICKERING,,30,30,BVOD avg audience,76000,ABC,False,0.033
AU,voz,2 BVOD,BVOD,2026-02-16,TIPPING POINT AUSTRALIA,,23,30,BVOD avg audience,102000,Nine,False,0.267
AU,voz,2 BVOD,BVOD,2026-02-16,WINTER OLYMPICS 2026 D10,,10,30,BVOD avg audience,177000,Nine,False,0.7
AU,voz,2 BVOD,BVOD,2026-02-16,WINTER OLYMPICS 2026 D11,,12,30,BVOD avg audience,164000,Nine,False,0.633
AU,voz,2 BVOD,BVOD,2026-02-16,WINTER OLYMPICS 2026 D12,,11,30,BVOD avg audience,166000,Nine,False,0.667
AU,voz,2 BVOD,BVOD,2026-02-16,WINTER OLYMPICS 2026 D13,,15,30,BVOD avg audience,128000,Nine,False,0.533
AU,voz,2 BVOD,BVOD,2026-02-16,WINTER OLYMPICS 2026 D14,,20,30,BVOD avg audience,105000,Nine,False,0.367
AU,voz,2 BVOD,BVOD,2026-02-16,WINTER OLYMPICS 2026 D15,,21,30,BVOD avg audience,105000,Nine,False,0.333
AU,voz,2 BVOD,BVOD,2026-02-16,WINTER OLYMPICS 2026 D16,,18,30,BVOD avg audience,115000,Nine,False,0.433
AU,voz,2 BVOD,BVOD,2026-02-23,60 MINUTES,,6,30,BVOD avg audience,242000,Nine,False,0.833
AU,voz,2 BVOD,BVOD,2026-02-23,7.30,,28,30,BVOD avg audience,69000,ABC,False,0.1
AU,voz,2 BVOD,BVOD,2026-02-23,9-1-1,,15,30,BVOD avg audience,114000,Seven,False,0.533
AU,voz,2 BVOD,BVOD,2026-02-23,9NEWS,,8,30,BVOD avg audience,196000,Nine,False,0.767
AU,voz,2 BVOD,BVOD,2026-02-23,9NEWS LATE,,20,30,BVOD avg audience,89000,Nine,False,0.367
AU,voz,2 BVOD,BVOD,2026-02-23,9NEWS SATURDAY,,17,30,BVOD avg audience,106000,Nine,False,0.467
AU,voz,2 BVOD,BVOD,2026-02-23,9NEWS SUNDAY,,5,30,BVOD avg audience,251000,Nine,False,0.867
AU,voz,2 BVOD,BVOD,2026-02-23,A CURRENT AFFAIR,,7,30,BVOD avg audience,203000,Nine,False,0.8
AU,voz,2 BVOD,BVOD,2026-02-23,AUSTRALIAN IDOL,,3,30,BVOD avg audience,290000,Seven,False,0.933
AU,voz,2 BVOD,BVOD,2026-02-23,AUSTRALIAN SURVIVOR,,4,30,BVOD avg audience,283000,10,False,0.9
AU,voz,2 BVOD,BVOD,2026-02-23,AUSTRALIA’S GREATEST CONMAN?,,24,30,BVOD avg audience,77000,SBS,False,0.233
AU,voz,2 BVOD,BVOD,2026-02-23,DOC,,12,30,BVOD avg audience,124000,Seven,False,0.633
AU,voz,2 BVOD,BVOD,2026-02-23,FOREIGN CORRESPONDENT,,27,30,BVOD avg audience,70000,ABC,False,0.133
AU,voz,2 BVOD,BVOD,2026-02-23,FOUR CORNERS,,13,30,BVOD avg audience,123000,ABC,False,0.6
AU,voz,2 BVOD,BVOD,2026-02-23,GOGGLEBOX,,14,30,BVOD avg audience,121000,10,False,0.567
AU,voz,2 BVOD,BVOD,2026-02-23,HOME AND AWAY,,2,30,BVOD avg audience,347000,Seven,False,0.967
AU,voz,2 BVOD,BVOD,2026-02-23,I AM CHEVY CHASE AND YOU’RE NOT,,16,30,BVOD avg audience,112000,Nine,False,0.5
AU,voz,2 BVOD,BVOD,2026-02-23,INSIDERS,,19,30,BVOD avg audience,104000,ABC,False,0.4
AU,voz,2 BVOD,BVOD,2026-02-23,MARRIED AT FIRST SIGHT,,1,30,BVOD avg audience,1447000,Nine,False,1.0
AU,voz,2 BVOD,BVOD,2026-02-23,PLANET AMERICA-LE,,23,30,BVOD avg audience,78000,ABC,False,0.267
AU,voz,2 BVOD,BVOD,2026-02-23,RBT,,25,30,BVOD avg audience,76000,Nine,False,0.2
AU,voz,2 BVOD,BVOD,2026-02-23,SEVEN NEWS,,9,30,BVOD avg audience,163000,Seven,False,0.733
AU,voz,2 BVOD,BVOD,2026-02-23,SUNDAY AFTERNOON NRL KICKOFF,,29,30,BVOD avg audience,68000,Nine,False,0.067
AU,voz,2 BVOD,BVOD,2026-02-23,SUNDAY AFTERNOON NRL LIVE,,10,30,BVOD avg audience,135000,Nine,False,0.7
AU,voz,2 BVOD,BVOD,2026-02-23,THE 1% CLUB UK,,21,30,BVOD avg audience,83000,Seven,False,0.333
AU,voz,2 BVOD,BVOD,2026-02-23,THE CHASE AUSTRALIA,,26,30,BVOD avg audience,76000,Seven,False,0.167
AU,voz,2 BVOD,BVOD,2026-02-23,THE HUNTING WIVES,,11,30,BVOD avg audience,132000,Nine,False,0.667
AU,voz,2 BVOD,BVOD,2026-02-23,THE WEEKLY WITH CHARLIE PICKERING,,22,30,BVOD avg audience,82000,ABC,False,0.3
AU,voz,2 BVOD,BVOD,2026-02-23,TIPPING POINT AUSTRALIA,,18,30,BVOD avg audience,105000,Nine,False,0.433
AU,voz,2 BVOD,BVOD,2026-02-23,TODD SAMPSON’S WHY?,,30,30,BVOD avg audience,68000,ABC,False,0.033
AU,voz,2 BVOD,BVOD,2026-03-02,60 MINUTES,,11,30,BVOD avg audience,192000,Nine,False,0.667
AU,voz,2 BVOD,BVOD,2026-03-02,9-1-1,,20,30,BVOD avg audience,125000,Seven,False,0.367
AU,voz,2 BVOD,BVOD,2026-03-02,9NEWS,,5,30,BVOD avg audience,224000,Nine,False,0.867
AU,voz,2 BVOD,BVOD,2026-03-02,9NEWS SATURDAY,,23,30,BVOD avg audience,111000,Nine,False,0.267
AU,voz,2 BVOD,BVOD,2026-03-02,9NEWS SUNDAY,,4,30,BVOD avg audience,236000,Nine,False,0.9
AU,voz,2 BVOD,BVOD,2026-03-02,A CURRENT AFFAIR,,6,30,BVOD avg audience,223000,Nine,False,0.833
AU,voz,2 BVOD,BVOD,2026-03-02,AUST FIA FORMULA ONE WORLD CHAMPIONSHIP 2026,,13,30,BVOD avg audience,177000,10,False,0.6
AU,voz,2 BVOD,BVOD,2026-03-02,AUSTRALIAN IDOL,,3,30,BVOD avg audience,286000,Seven,False,0.933
AU,voz,2 BVOD,BVOD,2026-03-02,AUSTRALIAN SURVIVOR,,7,30,BVOD avg audience,216000,10,False,0.8
AU,voz,2 BVOD,BVOD,2026-03-02,BLUE MURDER MOTEL,,16,30,BVOD avg audience,152000,ABC,False,0.5
AU,voz,2 BVOD,BVOD,2026-03-02,DIABOLICAL: THE EPSTEIN FILES,,8,30,BVOD avg audience,210000,ABC,False,0.767
AU,voz,2 BVOD,BVOD,2026-03-02,DOC,,18,30,BVOD avg audience,126000,Seven,False,0.433
AU,voz,2 BVOD,BVOD,2026-03-02,FOOTBALL: AFC WOMEN’S ASIAN CUP,,28,30,BVOD avg audience,97000,10,False,0.1
AU,voz,2 BVOD,BVOD,2026-03-02,FRIDAY NIGHT NRL LIVE,,9,30,BVOD avg audience,209000,Nine,False,0.733
AU,voz,2 BVOD,BVOD,2026-03-02,GOGGLEBOX,,26,30,BVOD avg audience,108000,10,False,0.167
AU,voz,2 BVOD,BVOD,2026-03-02,HOME AND AWAY,,2,30,BVOD avg audience,357000,Seven,False,0.967
AU,voz,2 BVOD,BVOD,2026-03-02,INSIDERS,,30,30,BVOD avg audience,94000,ABC,False,0.033
AU,voz,2 BVOD,BVOD,2026-03-02,MARRIED AT FIRST SIGHT,,1,30,BVOD avg audience,1340000,Nine,False,1.0
AU,voz,2 BVOD,BVOD,2026-03-02,NAKED CITY: HITMEN,,14,30,BVOD avg audience,177000,Nine,False,0.567
AU,voz,2 BVOD,BVOD,2026-03-02,PLANET AMERICA-LE,,27,30,BVOD avg audience,101000,ABC,False,0.133
AU,voz,2 BVOD,BVOD,2026-03-02,SEVEN NEWS,,12,30,BVOD avg audience,185000,Seven,False,0.633
AU,voz,2 BVOD,BVOD,2026-03-02,SEVEN’S AFL: FRIDAY NIGHT FOOTBALL,,24,30,BVOD avg audience,111000,Seven,False,0.233
AU,voz,2 BVOD,BVOD,2026-03-02,SEVEN’S AFL: SUNDAY NIGHT FOOTBALL,,25,30,BVOD avg audience,111000,Seven,False,0.2
AU,voz,2 BVOD,BVOD,2026-03-02,SEVEN’S AFL: THURSDAY NIGHT FOOTBALL,,17,30,BVOD avg audience,133000,Seven,False,0.467
AU,voz,2 BVOD,BVOD,2026-03-02,SUNDAY AFTERNOON NRL LIVE,,21,30,BVOD avg audience,123000,Nine,False,0.333
AU,voz,2 BVOD,BVOD,2026-03-02,THE FRONT BAR,,29,30,BVOD avg audience,97000,Seven,False,0.067
AU,voz,2 BVOD,BVOD,2026-03-02,THE HUNTING WIVES,,19,30,BVOD avg audience,126000,Nine,False,0.4
AU,voz,2 BVOD,BVOD,2026-03-02,THE RECKONING: INSIDE THE EPSTEIN FILES,,10,30,BVOD avg audience,202000,Nine,False,0.7
AU,voz,2 BVOD,BVOD,2026-03-02,THURSDAY NIGHT NRL LIVE,,15,30,BVOD avg audience,163000,Nine,False,0.533
AU,voz,2 BVOD,BVOD,2026-03-02,TIPPING POINT AUSTRALIA,,22,30,BVOD avg audience,114000,Nine,False,0.3
AU,voz,2 BVOD,BVOD,2026-03-09,60 MINUTES,,12,30,BVOD avg audience,163000,Nine,False,0.633
AU,voz,2 BVOD,BVOD,2026-03-09,9NEWS,,4,30,BVOD avg audience,221000,Nine,False,0.9
AU,voz,2 BVOD,BVOD,2026-03-09,9NEWS SATURDAY,,19,30,BVOD avg audience,101000,Nine,False,0.4
AU,voz,2 BVOD,BVOD,2026-03-09,9NEWS SUNDAY,,6,30,BVOD avg audience,202000,Nine,False,0.833
AU,voz,2 BVOD,BVOD,2026-03-09,A CURRENT AFFAIR,,5,30,BVOD avg audience,213000,Nine,False,0.867
AU,voz,2 BVOD,BVOD,2026-03-09,AUSTRALIAN IDOL,,3,30,BVOD avg audience,290000,Seven,False,0.933
AU,voz,2 BVOD,BVOD,2026-03-09,AUSTRALIAN STORY,,24,30,BVOD avg audience,94000,ABC,False,0.233
AU,voz,2 BVOD,BVOD,2026-03-09,AUSTRALIAN SURVIVOR,,8,30,BVOD avg audience,193000,10,False,0.767
AU,voz,2 BVOD,BVOD,2026-03-09,BLUE MURDER MOTEL,,28,30,BVOD avg audience,82000,ABC,False,0.1
AU,voz,2 BVOD,BVOD,2026-03-09,CAN YOU KEEP A SECRET?,,22,30,BVOD avg audience,96000,ABC,False,0.3
AU,voz,2 BVOD,BVOD,2026-03-09,DOC,,14,30,BVOD avg audience,121000,Seven,False,0.567
AU,voz,2 BVOD,BVOD,2026-03-09,FOOTBALL: AFC WOMEN’S ASIAN CUP,,29,30,BVOD avg audience,81000,10,False,0.067
AU,voz,2 BVOD,BVOD,2026-03-09,FRAUDS,,26,30,BVOD avg audience,89000,ABC,False,0.167
AU,voz,2 BVOD,BVOD,2026-03-09,FRIDAY NIGHT NRL LIVE,,10,30,BVOD avg audience,175000,Nine,False,0.7
AU,voz,2 BVOD,BVOD,2026-03-09,GOGGLEBOX,,18,30,BVOD avg audience,103000,10,False,0.433
AU,voz,2 BVOD,BVOD,2026-03-09,HOME AND AWAY,,2,30,BVOD avg audience,398000,Seven,False,0.967
AU,voz,2 BVOD,BVOD,2026-03-09,INSIDERS,,30,30,BVOD avg audience,79000,ABC,False,0.033
AU,voz,2 BVOD,BVOD,2026-03-09,MARRIED AT FIRST SIGHT,,1,30,BVOD avg audience,1288000,Nine,False,1.0
AU,voz,2 BVOD,BVOD,2026-03-09,NAKED CITY: HITMEN,,11,30,BVOD avg audience,175000,Nine,False,0.667
AU,voz,2 BVOD,BVOD,2026-03-09,PLANET AMERICA-LE,,21,30,BVOD avg audience,97000,ABC,False,0.333
AU,voz,2 BVOD,BVOD,2026-03-09,SEVEN NEWS,,9,30,BVOD avg audience,184000,Seven,False,0.733
AU,voz,2 BVOD,BVOD,2026-03-09,SEVEN’S AFL: FRIDAY NIGHT FOOTBALL,,23,30,BVOD avg audience,96000,Seven,False,0.267
AU,voz,2 BVOD,BVOD,2026-03-09,SEVEN’S AFL: THURSDAY NIGHT FOOTBALL,,17,30,BVOD avg audience,109000,Seven,False,0.467
AU,voz,2 BVOD,BVOD,2026-03-09,SUNDAY AFTERNOON NRL LIVE,,20,30,BVOD avg audience,99000,Nine,False,0.367
AU,voz,2 BVOD,BVOD,2026-03-09,THE CHASE AUSTRALIA,,27,30,BVOD avg audience,85000,Seven,False,0.133
AU,voz,2 BVOD,BVOD,2026-03-09,THE FRONT BAR,,25,30,BVOD avg audience,90000,Seven,False,0.2
AU,voz,2 BVOD,BVOD,2026-03-09,THE HUNTING WIVES,,16,30,BVOD avg audience,114000,Nine,False,0.5
AU,voz,2 BVOD,BVOD,2026-03-09,THE PIANO,,13,30,BVOD avg audience,137000,ABC,False,0.6
AU,voz,2 BVOD,BVOD,2026-03-09,THURSDAY NIGHT NRL LIVE,,7,30,BVOD avg audience,198000,Nine,False,0.8
AU,voz,2 BVOD,BVOD,2026-03-09,TIPPING POINT AUSTRALIA,,15,30,BVOD avg audience,117000,Nine,False,0.533
AU,voz,2 BVOD,BVOD,2026-03-16,60 MINUTES,,10,30,BVOD avg audience,176000,Nine,False,0.7
AU,voz,2 BVOD,BVOD,2026-03-16,9NEWS,,5,30,BVOD avg audience,216000,Nine,False,0.867
AU,voz,2 BVOD,BVOD,2026-03-16,9NEWS SATURDAY,,18,30,BVOD avg audience,118000,Nine,False,0.433
AU,voz,2 BVOD,BVOD,2026-03-16,9NEWS SUNDAY,,7,30,BVOD avg audience,204000,Nine,False,0.8
AU,voz,2 BVOD,BVOD,2026-03-16,A CURRENT AFFAIR,,6,30,BVOD avg audience,213000,Nine,False,0.833
AU,voz,2 BVOD,BVOD,2026-03-16,AUSTRALIAN IDOL,,3,30,BVOD avg audience,282000,Seven,False,0.933
AU,voz,2 BVOD,BVOD,2026-03-16,AUSTRALIAN SURVIVOR,,8,30,BVOD avg audience,202000,10,False,0.767
AU,voz,2 BVOD,BVOD,2026-03-16,DOC,,13,30,BVOD avg audience,131000,Seven,False,0.6
AU,voz,2 BVOD,BVOD,2026-03-16,FOOTBALL: AFC WOMEN’S ASIAN CUP,,4,30,BVOD avg audience,234000,10,False,0.9
AU,voz,2 BVOD,BVOD,2026-03-16,FOUR CORNERS,,30,30,BVOD avg audience,83000,ABC,False,0.033
AU,voz,2 BVOD,BVOD,2026-03-16,FRIDAY NIGHT NRL LIVE,,14,30,BVOD avg audience,131000,Nine,False,0.567
AU,voz,2 BVOD,BVOD,2026-03-16,GOGGLEBOX,,21,30,BVOD avg audience,108000,10,False,0.333
AU,voz,2 BVOD,BVOD,2026-03-16,HOME AND AWAY,,2,30,BVOD avg audience,375000,Seven,False,0.967
AU,voz,2 BVOD,BVOD,2026-03-16,INSIDERS,,25,30,BVOD avg audience,96000,ABC,False,0.2
AU,voz,2 BVOD,BVOD,2026-03-16,MARRIED AT FIRST SIGHT,,1,30,BVOD avg audience,1228000,Nine,False,1.0
AU,voz,2 BVOD,BVOD,2026-03-16,NAKED CITY: HITMEN,,11,30,BVOD avg audience,161000,Nine,False,0.667
AU,voz,2 BVOD,BVOD,2026-03-16,OSCARS RED CARPET LIVE,,16,30,BVOD avg audience,127000,Seven,False,0.5
AU,voz,2 BVOD,BVOD,2026-03-16,PLANET AMERICA-LE,,22,30,BVOD avg audience,107000,ABC,False,0.3
AU,voz,2 BVOD,BVOD,2026-03-16,SEVEN NEWS,,9,30,BVOD avg audience,185000,Seven,False,0.733
AU,voz,2 BVOD,BVOD,2026-03-16,SEVEN’S AFL: FRIDAY NIGHT FOOTBALL,,23,30,BVOD avg audience,102000,Seven,False,0.267
AU,voz,2 BVOD,BVOD,2026-03-16,SEVEN’S AFL: THURSDAY NIGHT FOOTBALL,,17,30,BVOD avg audience,127000,Seven,False,0.467
AU,voz,2 BVOD,BVOD,2026-03-16,SUNDAY AFTERNOON NRL LIVE,,24,30,BVOD avg audience,101000,Nine,False,0.233
AU,voz,2 BVOD,BVOD,2026-03-16,THE 1% CLUB UK,,26,30,BVOD avg audience,92000,Seven,False,0.167
AU,voz,2 BVOD,BVOD,2026-03-16,THE CHASE AUSTRALIA,,29,30,BVOD avg audience,85000,Seven,False,0.067
AU,voz,2 BVOD,BVOD,2026-03-16,THE FRONT BAR,,28,30,BVOD avg audience,88000,Seven,False,0.1
AU,voz,2 BVOD,BVOD,2026-03-16,THE HUNTING WIVES,,20,30,BVOD avg audience,111000,Nine,False,0.367
AU,voz,2 BVOD,BVOD,2026-03-16,THE OSCARS,,15,30,BVOD avg audience,131000,Seven,False,0.533
AU,voz,2 BVOD,BVOD,2026-03-16,THE PIANO,,27,30,BVOD avg audience,91000,ABC,False,0.133
AU,voz,2 BVOD,BVOD,2026-03-16,THURSDAY NIGHT NRL LIVE,,12,30,BVOD avg audience,134000,Nine,False,0.633
AU,voz,2 BVOD,BVOD,2026-03-16,TIPPING POINT AUSTRALIA,,19,30,BVOD avg audience,117000,Nine,False,0.4
AU,voz,2 BVOD,BVOD,2026-03-23,60 MINUTES,,11,30,BVOD avg audience,161000,Nine,False,0.667
AU,voz,2 BVOD,BVOD,2026-03-23,7.30,,30,30,BVOD avg audience,77000,ABC,False,0.033
AU,voz,2 BVOD,BVOD,2026-03-23,9-1-1,,16,30,BVOD avg audience,115000,Seven,False,0.5
AU,voz,2 BVOD,BVOD,2026-03-23,9NEWS,,5,30,BVOD avg audience,218000,Nine,False,0.867
AU,voz,2 BVOD,BVOD,2026-03-23,9NEWS SATURDAY,,15,30,BVOD avg audience,117000,Nine,False,0.533
AU,voz,2 BVOD,BVOD,2026-03-23,9NEWS SUNDAY,,6,30,BVOD avg audience,213000,Nine,False,0.833
AU,voz,2 BVOD,BVOD,2026-03-23,A CURRENT AFFAIR,,7,30,BVOD avg audience,210000,Nine,False,0.8
AU,voz,2 BVOD,BVOD,2026-03-23,AUSTRALIAN IDOL,,3,30,BVOD avg audience,276000,Seven,False,0.933
AU,voz,2 BVOD,BVOD,2026-03-23,AUSTRALIAN STORY,,29,30,BVOD avg audience,81000,ABC,False,0.067
AU,voz,2 BVOD,BVOD,2026-03-23,AUSTRALIAN SURVIVOR,,8,30,BVOD avg audience,201000,10,False,0.767
AU,voz,2 BVOD,BVOD,2026-03-23,DOC,,13,30,BVOD avg audience,126000,Seven,False,0.6
AU,voz,2 BVOD,BVOD,2026-03-23,FOUR CORNERS,,21,30,BVOD avg audience,106000,ABC,False,0.333
AU,voz,2 BVOD,BVOD,2026-03-23,FRIDAY NIGHT NRL LIVE,,10,30,BVOD avg audience,166000,Nine,False,0.7
AU,voz,2 BVOD,BVOD,2026-03-23,GOGGLEBOX,,19,30,BVOD avg audience,109000,10,False,0.4
AU,voz,2 BVOD,BVOD,2026-03-23,HOME AND AWAY,,2,30,BVOD avg audience,372000,Seven,False,0.967
AU,voz,2 BVOD,BVOD,2026-03-23,INSIDERS,,20,30,BVOD avg audience,108000,ABC,False,0.367
AU,voz,2 BVOD,BVOD,2026-03-23,MARRIED AT FIRST SIGHT,,1,30,BVOD avg audience,1149000,Nine,False,1.0
AU,voz,2 BVOD,BVOD,2026-03-23,PATIENCE,,4,30,BVOD avg audience,257000,ABC,False,0.9
AU,voz,2 BVOD,BVOD,2026-03-23,PLANET AMERICA-LE,,17,30,BVOD avg audience,110000,ABC,False,0.467
AU,voz,2 BVOD,BVOD,2026-03-23,SEVEN NEWS,,9,30,BVOD avg audience,180000,Seven,False,0.733
AU,voz,2 BVOD,BVOD,2026-03-23,SEVEN’S AFL: FRIDAY NIGHT FOOTBALL,,26,30,BVOD avg audience,89000,Seven,False,0.167
AU,voz,2 BVOD,BVOD,2026-03-23,SEVEN’S AFL: THURSDAY NIGHT FOOTBALL,,24,30,BVOD avg audience,93000,Seven,False,0.233
AU,voz,2 BVOD,BVOD,2026-03-23,SUNDAY AFTERNOON NRL LIVE,,25,30,BVOD avg audience,91000,Nine,False,0.2
AU,voz,2 BVOD,BVOD,2026-03-23,THE 1% CLUB UK,,27,30,BVOD avg audience,88000,Seven,False,0.133
AU,voz,2 BVOD,BVOD,2026-03-23,THE CHASE AUSTRALIA,,28,30,BVOD avg audience,85000,Seven,False,0.1
AU,voz,2 BVOD,BVOD,2026-03-23,THE FRONT BAR,,23,30,BVOD avg audience,98000,Seven,False,0.267
AU,voz,2 BVOD,BVOD,2026-03-23,THE GIRL FROM PLAINVILLE,,18,30,BVOD avg audience,110000,Nine,False,0.433
AU,voz,2 BVOD,BVOD,2026-03-23,THE HUNTING WIVES,,22,30,BVOD avg audience,105000,Nine,False,0.3
AU,voz,2 BVOD,BVOD,2026-03-23,THURSDAY NIGHT NRL LIVE,,12,30,BVOD avg audience,161000,Nine,False,0.633
AU,voz,2 BVOD,BVOD,2026-03-23,TIPPING POINT AUSTRALIA,,14,30,BVOD avg audience,118000,Nine,False,0.567
AU,voz,2 BVOD,BVOD,2026-03-30,60 MINUTES,,11,30,BVOD avg audience,133000,Nine,False,0.667
AU,voz,2 BVOD,BVOD,2026-03-30,7.30,,28,30,BVOD avg audience,89000,ABC,False,0.1
AU,voz,2 BVOD,BVOD,2026-03-30,9-1-1,,15,30,BVOD avg audience,121000,Seven,False,0.533
AU,voz,2 BVOD,BVOD,2026-03-30,9NEWS,,5,30,BVOD avg audience,245000,Nine,False,0.867
AU,voz,2 BVOD,BVOD,2026-03-30,9NEWS SATURDAY,,17,30,BVOD avg audience,118000,Nine,False,0.467
AU,voz,2 BVOD,BVOD,2026-03-30,9NEWS SUNDAY,,8,30,BVOD avg audience,170000,Nine,False,0.767
AU,voz,2 BVOD,BVOD,2026-03-30,A CURRENT AFFAIR,,4,30,BVOD avg audience,246000,Nine,False,0.9
AU,voz,2 BVOD,BVOD,2026-03-30,ABC NEWS,,23,30,BVOD avg audience,98000,ABC,False,0.267
AU,voz,2 BVOD,BVOD,2026-03-30,AUSTRALIAN IDOL,,3,30,BVOD avg audience,281000,Seven,False,0.933
AU,voz,2 BVOD,BVOD,2026-03-30,AUSTRALIAN STORY,,18,30,BVOD avg audience,113000,ABC,False,0.433
AU,voz,2 BVOD,BVOD,2026-03-30,AUSTRALIAN SURVIVOR,,7,30,BVOD avg audience,203000,10,False,0.8
AU,voz,2 BVOD,BVOD,2026-03-30,DOC,,16,30,BVOD avg audience,120000,Seven,False,0.5
AU,voz,2 BVOD,BVOD,2026-03-30,FOUR CORNERS,,27,30,BVOD avg audience,91000,ABC,False,0.133
AU,voz,2 BVOD,BVOD,2026-03-30,FRIDAY NIGHT NRL LIVE,,10,30,BVOD avg audience,159000,Nine,False,0.7
AU,voz,2 BVOD,BVOD,2026-03-30,GOGGLEBOX,,19,30,BVOD avg audience,111000,10,False,0.4
AU,voz,2 BVOD,BVOD,2026-03-30,GOOD FRIDAY NRL LIVE,,20,30,BVOD avg audience,109000,Nine,False,0.367
AU,voz,2 BVOD,BVOD,2026-03-30,HOME AND AWAY,,2,30,BVOD avg audience,421000,Seven,False,0.967
AU,voz,2 BVOD,BVOD,2026-03-30,MARRIED AT FIRST SIGHT,,1,30,BVOD avg audience,1249000,Nine,False,1.0
AU,voz,2 BVOD,BVOD,2026-03-30,PATIENCE,,9,30,BVOD avg audience,168000,ABC,False,0.733
AU,voz,2 BVOD,BVOD,2026-03-30,PLANET AMERICA-LE,,22,30,BVOD avg audience,104000,ABC,False,0.3
AU,voz,2 BVOD,BVOD,2026-03-30,SEVEN NEWS,,6,30,BVOD avg audience,207000,Seven,False,0.833
AU,voz,2 BVOD,BVOD,2026-03-30,SEVEN’S AFL: THURSDAY NIGHT FOOTBALL,,26,30,BVOD avg audience,93000,Seven,False,0.167
AU,voz,2 BVOD,BVOD,2026-03-30,SUNDAY AFTERNOON NRL LIVE,,30,30,BVOD avg audience,85000,Nine,False,0.033
AU,voz,2 BVOD,BVOD,2026-03-30,THE 1% CLUB UK,,24,30,BVOD avg audience,95000,Seven,False,0.233
AU,voz,2 BVOD,BVOD,2026-03-30,THE CHASE AUSTRALIA,,29,30,BVOD avg audience,89000,Seven,False,0.067
AU,voz,2 BVOD,BVOD,2026-03-30,THE FRONT BAR,,25,30,BVOD avg audience,94000,Seven,False,0.2
AU,voz,2 BVOD,BVOD,2026-03-30,THE HUNTING WIVES,,21,30,BVOD avg audience,108000,Nine,False,0.333
AU,voz,2 BVOD,BVOD,2026-03-30,THURSDAY NIGHT NRL LIVE,,13,30,BVOD avg audience,129000,Nine,False,0.6
AU,voz,2 BVOD,BVOD,2026-03-30,TIPPING POINT AUSTRALIA,,14,30,BVOD avg audience,122000,Nine,False,0.567
AU,voz,2 BVOD,BVOD,2026-03-30,TIPPING POINT: CELEBRITY SPECIAL,,12,30,BVOD avg audience,131000,Nine,False,0.633
AU,voz,2 BVOD,BVOD,2026-04-06,60 MINUTES,,7,30,BVOD avg audience,199000,Nine,False,0.8
AU,voz,2 BVOD,BVOD,2026-04-06,9-1-1,,13,30,BVOD avg audience,131000,Seven,False,0.6
AU,voz,2 BVOD,BVOD,2026-04-06,9NEWS,,5,30,BVOD avg audience,242000,Nine,False,0.867
AU,voz,2 BVOD,BVOD,2026-04-06,9NEWS LATE,,27,30,BVOD avg audience,90000,Nine,False,0.133
AU,voz,2 BVOD,BVOD,2026-04-06,9NEWS SATURDAY,,16,30,BVOD avg audience,123000,Nine,False,0.5
AU,voz,2 BVOD,BVOD,2026-04-06,9NEWS SUNDAY,,4,30,BVOD avg audience,268000,Nine,False,0.9
AU,voz,2 BVOD,BVOD,2026-04-06,A CURRENT AFFAIR,,6,30,BVOD avg audience,236000,Nine,False,0.833
AU,voz,2 BVOD,BVOD,2026-04-06,AUSTRALIAN IDOL,,3,30,BVOD avg audience,288000,Seven,False,0.933
AU,voz,2 BVOD,BVOD,2026-04-06,AUSTRALIAN STORY,,17,30,BVOD avg audience,117000,ABC,False,0.467
AU,voz,2 BVOD,BVOD,2026-04-06,AUSTRALIAN SURVIVOR,,8,30,BVOD avg audience,199000,10,False,0.767
AU,voz,2 BVOD,BVOD,2026-04-06,DOC,,12,30,BVOD avg audience,145000,Seven,False,0.633
AU,voz,2 BVOD,BVOD,2026-04-06,FOUR CORNERS,,29,30,BVOD avg audience,85000,ABC,False,0.067
AU,voz,2 BVOD,BVOD,2026-04-06,FRIDAY NIGHT NRL LIVE,,11,30,BVOD avg audience,160000,Nine,False,0.667
AU,voz,2 BVOD,BVOD,2026-04-06,GOGGLEBOX,,20,30,BVOD avg audience,112000,10,False,0.367
AU,voz,2 BVOD,BVOD,2026-04-06,HOME AND AWAY,,2,30,BVOD avg audience,400000,Seven,False,0.967
AU,voz,2 BVOD,BVOD,2026-04-06,INSIDERS,,30,30,BVOD avg audience,85000,ABC,False,0.033
AU,voz,2 BVOD,BVOD,2026-04-06,MARRIED AT FIRST SIGHT,,1,30,BVOD avg audience,1236000,Nine,False,1.0
AU,voz,2 BVOD,BVOD,2026-04-06,PATIENCE,,24,30,BVOD avg audience,101000,ABC,False,0.233
AU,voz,2 BVOD,BVOD,2026-04-06,PLANET AMERICA-LE,,23,30,BVOD avg audience,105000,ABC,False,0.267
AU,voz,2 BVOD,BVOD,2026-04-06,SEVEN NEWS,,9,30,BVOD avg audience,195000,Seven,False,0.733
AU,voz,2 BVOD,BVOD,2026-04-06,SEVEN’S AFL: FRIDAY NIGHT FOOTBALL,,15,30,BVOD avg audience,124000,Seven,False,0.533
AU,voz,2 BVOD,BVOD,2026-04-06,SEVEN’S AFL: MONDAY AFTERNOON FOOTBALL,,26,30,BVOD avg audience,98000,Seven,False,0.167
AU,voz,2 BVOD,BVOD,2026-04-06,SEVEN’S AFL: THURSDAY NIGHT FOOTBALL,,22,30,BVOD avg audience,106000,Seven,False,0.3
AU,voz,2 BVOD,BVOD,2026-04-06,SUNDAY AFTERNOON NRL LIVE,,19,30,BVOD avg audience,113000,Nine,False,0.4
AU,voz,2 BVOD,BVOD,2026-04-06,THE 1% CLUB UK,,21,30,BVOD avg audience,107000,Seven,False,0.333
AU,voz,2 BVOD,BVOD,2026-04-06,THE CHASE AUSTRALIA,,28,30,BVOD avg audience,87000,Seven,False,0.1
AU,voz,2 BVOD,BVOD,2026-04-06,THE FRONT BAR,,25,30,BVOD avg audience,101000,Seven,False,0.2
AU,voz,2 BVOD,BVOD,2026-04-06,THURSDAY NIGHT NRL LIVE,,10,30,BVOD avg audience,177000,Nine,False,0.7
AU,voz,2 BVOD,BVOD,2026-04-06,TIPPING POINT AUSTRALIA,,14,30,BVOD avg audience,130000,Nine,False,0.567
AU,voz,2 BVOD,BVOD,2026-04-06,TRAVEL GUIDES,,18,30,BVOD avg audience,116000,Nine,False,0.433
AU,voz,2 BVOD,BVOD,2026-04-13,60 MINUTES,,19,30,BVOD avg audience,125000,Nine,False,0.4
AU,voz,2 BVOD,BVOD,2026-04-13,7NEWS SPOTLIGHT,,16,30,BVOD avg audience,133000,Seven,False,0.5
AU,voz,2 BVOD,BVOD,2026-04-13,9-1-1,,12,30,BVOD avg audience,152000,Seven,False,0.633
AU,voz,2 BVOD,BVOD,2026-04-13,9NEWS,,5,30,BVOD avg audience,249000,Nine,False,0.867
AU,voz,2 BVOD,BVOD,2026-04-13,9NEWS SATURDAY,,23,30,BVOD avg audience,112000,Nine,False,0.267
AU,voz,2 BVOD,BVOD,2026-04-13,9NEWS SUNDAY,,8,30,BVOD avg audience,235000,Nine,False,0.767
AU,voz,2 BVOD,BVOD,2026-04-13,A CURRENT AFFAIR,,4,30,BVOD avg audience,251000,Nine,False,0.9
AU,voz,2 BVOD,BVOD,2026-04-13,AUSTRALIAN IDOL,,3,30,BVOD avg audience,305000,Seven,False,0.933
AU,voz,2 BVOD,BVOD,2026-04-13,AUSTRALIAN STORY,,13,30,BVOD avg audience,146000,ABC,False,0.6
AU,voz,2 BVOD,BVOD,2026-04-13,AUSTRALIAN SURVIVOR,,10,30,BVOD avg audience,191000,10,False,0.7
AU,voz,2 BVOD,BVOD,2026-04-13,AUSTRALIAN SURVIVOR GRAND FINALE,,11,30,BVOD avg audience,154000,10,False,0.667
AU,voz,2 BVOD,BVOD,2026-04-13,EVENTS THAT CHANGED AUSTRALIA,,26,30,BVOD avg audience,108000,Nine,False,0.167
AU,voz,2 BVOD,BVOD,2026-04-13,FRIDAY NIGHT NRL LIVE,,17,30,BVOD avg audience,128000,Nine,False,0.467
AU,voz,2 BVOD,BVOD,2026-04-13,GOGGLEBOX,,28,30,BVOD avg audience,96000,10,False,0.1
AU,voz,2 BVOD,BVOD,2026-04-13,GRAND DESIGNS,,27,30,BVOD avg audience,107000,ABC,False,0.133
AU,voz,2 BVOD,BVOD,2026-04-13,HOME AND AWAY,,2,30,BVOD avg audience,407000,Seven,False,0.967
AU,voz,2 BVOD,BVOD,2026-04-13,MARRIED AT FIRST SIGHT,,1,30,BVOD avg audience,1212000,Nine,False,1.0
AU,voz,2 BVOD,BVOD,2026-04-13,MASTERCHEF AUSTRALIA,,6,30,BVOD avg audience,238000,10,False,0.833
AU,voz,2 BVOD,BVOD,2026-04-13,PLANET AMERICA-LE,,20,30,BVOD avg audience,125000,ABC,False,0.367
AU,voz,2 BVOD,BVOD,2026-04-13,SEVEN NEWS,,9,30,BVOD avg audience,201000,Seven,False,0.733
AU,voz,2 BVOD,BVOD,2026-04-13,SEVEN’S AFL: THURSDAY NIGHT FOOTBALL,,21,30,BVOD avg audience,121000,Seven,False,0.333
AU,voz,2 BVOD,BVOD,2026-04-13,SUNDAY AFTERNOON NRL LIVE,,22,30,BVOD avg audience,117000,Nine,False,0.3
AU,voz,2 BVOD,BVOD,2026-04-13,THE 1% CLUB,,18,30,BVOD avg audience,128000,Seven,False,0.433
AU,voz,2 BVOD,BVOD,2026-04-13,THE 1% CLUB UK,,24,30,BVOD avg audience,112000,Seven,False,0.233
AU,voz,2 BVOD,BVOD,2026-04-13,THE CHASE AUSTRALIA,,30,30,BVOD avg audience,93000,Seven,False,0.033
AU,voz,2 BVOD,BVOD,2026-04-13,THE FLOOR,,7,30,BVOD avg audience,237000,Nine,False,0.8
AU,voz,2 BVOD,BVOD,2026-04-13,THE FRONT BAR,,29,30,BVOD avg audience,96000,Seven,False,0.067
AU,voz,2 BVOD,BVOD,2026-04-13,THURSDAY NIGHT NRL LIVE,,14,30,BVOD avg audience,135000,Nine,False,0.567
AU,voz,2 BVOD,BVOD,2026-04-13,TIPPING POINT AUSTRALIA,,15,30,BVOD avg audience,134000,Nine,False,0.533
AU,voz,2 BVOD,BVOD,2026-04-13,TRAVEL GUIDES,,25,30,BVOD avg audience,111000,Nine,False,0.2
AU,voz,2 BVOD,BVOD,2026-04-20,60 MINUTES,,21,30,BVOD avg audience,121000,Nine,False,0.333
AU,voz,2 BVOD,BVOD,2026-04-20,9-1-1,,18,30,BVOD avg audience,133000,Seven,False,0.433
AU,voz,2 BVOD,BVOD,2026-04-20,9NEWS,,6,30,BVOD avg audience,238000,Nine,False,0.833
AU,voz,2 BVOD,BVOD,2026-04-20,9NEWS SATURDAY,,16,30,BVOD avg audience,146000,Nine,False,0.5
AU,voz,2 BVOD,BVOD,2026-04-20,9NEWS SUNDAY,,8,30,BVOD avg audience,201000,Nine,False,0.767
AU,voz,2 BVOD,BVOD,2026-04-20,A CURRENT AFFAIR,,10,30,BVOD avg audience,185000,Nine,False,0.7
AU,voz,2 BVOD,BVOD,2026-04-20,ANZAC DAY NRL LIVE,,26,30,BVOD avg audience,102000,Nine,False,0.167
AU,voz,2 BVOD,BVOD,2026-04-20,AUSTRALIAN STORY,,12,30,BVOD avg audience,170000,ABC,False,0.633
AU,voz,2 BVOD,BVOD,2026-04-20,BAD COMPANY,,2,30,BVOD avg audience,291000,ABC,False,0.967
AU,voz,2 BVOD,BVOD,2026-04-20,BERGERAC,,13,30,BVOD avg audience,169000,ABC,False,0.6
AU,voz,2 BVOD,BVOD,2026-04-20,EVENTS THAT CHANGED AUSTRALIA,,22,30,BVOD avg audience,117000,Nine,False,0.3
AU,voz,2 BVOD,BVOD,2026-04-20,FOUR CORNERS,,20,30,BVOD avg audience,125000,ABC,False,0.367
AU,voz,2 BVOD,BVOD,2026-04-20,FRIDAY NIGHT NRL LIVE,,14,30,BVOD avg audience,167000,Nine,False,0.567
AU,voz,2 BVOD,BVOD,2026-04-20,GLENN & MICK’S CELEBRITY INTERVENTION,,11,30,BVOD avg audience,183000,Seven,False,0.667
AU,voz,2 BVOD,BVOD,2026-04-20,GOGGLEBOX,,24,30,BVOD avg audience,112000,10,False,0.233
AU,voz,2 BVOD,BVOD,2026-04-20,HOME AND AWAY,,1,30,BVOD avg audience,415000,Seven,False,1.0
AU,voz,2 BVOD,BVOD,2026-04-20,MASTERCHEF AUSTRALIA,,3,30,BVOD avg audience,268000,10,False,0.933
AU,voz,2 BVOD,BVOD,2026-04-20,MY RENO RULES,,5,30,BVOD avg audience,250000,Seven,False,0.867
AU,voz,2 BVOD,BVOD,2026-04-20,OUTBACK MURDER HIGHWAY,,28,30,BVOD avg audience,100000,Nine,False,0.1
AU,voz,2 BVOD,BVOD,2026-04-20,PLANET AMERICA-LE,,19,30,BVOD avg audience,133000,ABC,False,0.4
AU,voz,2 BVOD,BVOD,2026-04-20,SEVEN NEWS,,9,30,BVOD avg audience,196000,Seven,False,0.733
AU,voz,2 BVOD,BVOD,2026-04-20,SEVEN’S AFL: ANZAC DAY FOOTBALL,,23,30,BVOD avg audience,116000,Seven,False,0.267
AU,voz,2 BVOD,BVOD,2026-04-20,SUNDAY AFTERNOON NRL LIVE,,27,30,BVOD avg audience,102000,Nine,False,0.133
AU,voz,2 BVOD,BVOD,2026-04-20,THE 1% CLUB,,25,30,BVOD avg audience,111000,Seven,False,0.2
AU,voz,2 BVOD,BVOD,2026-04-20,THE CHASE AUSTRALIA,,30,30,BVOD avg audience,93000,Seven,False,0.033
AU,voz,2 BVOD,BVOD,2026-04-20,THE FLOOR,,4,30,BVOD avg audience,256000,Nine,False,0.9
AU,voz,2 BVOD,BVOD,2026-04-20,THE FRONT BAR,,29,30,BVOD avg audience,100000,Seven,False,0.067
AU,voz,2 BVOD,BVOD,2026-04-20,THURSDAY NIGHT NRL LIVE,,15,30,BVOD avg audience,149000,Nine,False,0.533
AU,voz,2 BVOD,BVOD,2026-04-20,TIPPING POINT AUSTRALIA,,17,30,BVOD avg audience,136000,Nine,False,0.467
AU,voz,2 BVOD,BVOD,2026-04-20,TRAVEL GUIDES,,7,30,BVOD avg audience,217000,Nine,False,0.8
AU,voz,2 BVOD,BVOD,2026-04-27,60 MINUTES,,24,30,BVOD avg audience,105000,Nine,False,0.233
AU,voz,2 BVOD,BVOD,2026-04-27,9-1-1,,16,30,BVOD avg audience,129000,Seven,False,0.5
AU,voz,2 BVOD,BVOD,2026-04-27,9NEWS,,4,30,BVOD avg audience,225000,Nine,False,0.9
AU,voz,2 BVOD,BVOD,2026-04-27,9NEWS SATURDAY,,21,30,BVOD avg audience,117000,Nine,False,0.333
AU,voz,2 BVOD,BVOD,2026-04-27,9NEWS SUNDAY,,9,30,BVOD avg audience,188000,Nine,False,0.733
AU,voz,2 BVOD,BVOD,2026-04-27,A CURRENT AFFAIR,,10,30,BVOD avg audience,176000,Nine,False,0.7
AU,voz,2 BVOD,BVOD,2026-04-27,BAD COMPANY,,7,30,BVOD avg audience,197000,ABC,False,0.8
AU,voz,2 BVOD,BVOD,2026-04-27,DEATH IN PARADISE,,25,30,BVOD avg audience,102000,ABC,False,0.2
AU,voz,2 BVOD,BVOD,2026-04-27,DOC,,18,30,BVOD avg audience,126000,Seven,False,0.433
AU,voz,2 BVOD,BVOD,2026-04-27,EVENTS THAT CHANGED AUSTRALIA,,22,30,BVOD avg audience,114000,Nine,False,0.3
AU,voz,2 BVOD,BVOD,2026-04-27,FOREIGN CORRESPONDENT,,29,30,BVOD avg audience,95000,ABC,False,0.067
AU,voz,2 BVOD,BVOD,2026-04-27,FRIDAY NIGHT NRL LIVE,,17,30,BVOD avg audience,128000,Nine,False,0.467
AU,voz,2 BVOD,BVOD,2026-04-27,GLENN & MICK’S CELEBRITY INTERVENTION,,13,30,BVOD avg audience,151000,Seven,False,0.6
AU,voz,2 BVOD,BVOD,2026-04-27,GRUEN,,14,30,BVOD avg audience,137000,ABC,False,0.567
AU,voz,2 BVOD,BVOD,2026-04-27,HOME AND AWAY,,1,30,BVOD avg audience,381000,Seven,False,1.0
AU,voz,2 BVOD,BVOD,2026-04-27,MASTERCHEF AUSTRALIA,,3,30,BVOD avg audience,227000,10,False,0.933
AU,voz,2 BVOD,BVOD,2026-04-27,MY RENO RULES,,6,30,BVOD avg audience,204000,Seven,False,0.833
AU,voz,2 BVOD,BVOD,2026-04-27,PLANET AMERICA-LE,,23,30,BVOD avg audience,110000,ABC,False,0.267
AU,voz,2 BVOD,BVOD,2026-04-27,SAS: AUS V ENG,,11,30,BVOD avg audience,171000,Seven,False,0.667
AU,voz,2 BVOD,BVOD,2026-04-27,SEVEN NEWS,,8,30,BVOD avg audience,195000,Seven,False,0.767
AU,voz,2 BVOD,BVOD,2026-04-27,SEVEN’S AFL: FRIDAY NIGHT FOOTBALL,,26,30,BVOD avg audience,97000,Seven,False,0.167
AU,voz,2 BVOD,BVOD,2026-04-27,SEVEN’S AFL: THURSDAY NIGHT FOOTBALL,,19,30,BVOD avg audience,121000,Seven,False,0.4
AU,voz,2 BVOD,BVOD,2026-04-27,SUNDAY AFTERNOON NRL LIVE,,30,30,BVOD avg audience,95000,Nine,False,0.033
AU,voz,2 BVOD,BVOD,2026-04-27,THE 1% CLUB,,27,30,BVOD avg audience,96000,Seven,False,0.133
AU,voz,2 BVOD,BVOD,2026-04-27,THE CHASE AUSTRALIA,,28,30,BVOD avg audience,96000,Seven,False,0.1
AU,voz,2 BVOD,BVOD,2026-04-27,THE FLOOR,,5,30,BVOD avg audience,223000,Nine,False,0.867
AU,voz,2 BVOD,BVOD,2026-04-27,THE HUNDRED WITH ANDY LEE,,20,30,BVOD avg audience,118000,Nine,False,0.367
AU,voz,2 BVOD,BVOD,2026-04-27,TIPPING POINT AUSTRALIA,,15,30,BVOD avg audience,135000,Nine,False,0.533
AU,voz,2 BVOD,BVOD,2026-04-27,URZILA,,12,30,BVOD avg audience,154000,ABC,False,0.633
AU,voz,2 BVOD,BVOD,2026-04-27,WOMEN’S STATE OF ORIGIN 1ST,,2,30,BVOD avg audience,305000,Nine,False,0.967
AU,voz,2 BVOD,BVOD,2026-05-04,60 MINUTES,,11,30,BVOD avg audience,163000,Nine,False,0.667
AU,voz,2 BVOD,BVOD,2026-05-04,9-1-1,,17,30,BVOD avg audience,129000,Seven,False,0.467
AU,voz,2 BVOD,BVOD,2026-05-04,9NEWS,,2,30,BVOD avg audience,220000,Nine,False,0.967
AU,voz,2 BVOD,BVOD,2026-05-04,9NEWS SATURDAY,,24,30,BVOD avg audience,104000,Nine,False,0.233
AU,voz,2 BVOD,BVOD,2026-05-04,9NEWS SUNDAY,,5,30,BVOD avg audience,210000,Nine,False,0.867
AU,voz,2 BVOD,BVOD,2026-05-04,A CURRENT AFFAIR,,10,30,BVOD avg audience,167000,Nine,False,0.7
AU,voz,2 BVOD,BVOD,2026-05-04,AUSTRALIAN STORY,,7,30,BVOD avg audience,185000,ABC,False,0.8
AU,voz,2 BVOD,BVOD,2026-05-04,BAD COMPANY,,13,30,BVOD avg audience,138000,ABC,False,0.6
AU,voz,2 BVOD,BVOD,2026-05-04,EVENTS THAT CHANGED AUSTRALIA,,30,30,BVOD avg audience,85000,Nine,False,0.033
AU,voz,2 BVOD,BVOD,2026-05-04,FRIDAY NIGHT NRL LIVE,,19,30,BVOD avg audience,116000,Nine,False,0.4
AU,voz,2 BVOD,BVOD,2026-05-04,GLENN & MICK’S CELEBRITY INTERVENTION,,15,30,BVOD avg audience,135000,Seven,False,0.533
AU,voz,2 BVOD,BVOD,2026-05-04,GRUEN,,18,30,BVOD avg audience,126000,ABC,False,0.433
AU,voz,2 BVOD,BVOD,2026-05-04,HAVE YOU BEEN PAYING ATTENTION?,,9,30,BVOD avg audience,169000,10,False,0.733
AU,voz,2 BVOD,BVOD,2026-05-04,HOME AND AWAY,,1,30,BVOD avg audience,358000,Seven,False,1.0
AU,voz,2 BVOD,BVOD,2026-05-04,INSIDERS,,28,30,BVOD avg audience,95000,ABC,False,0.1
AU,voz,2 BVOD,BVOD,2026-05-04,MASTERCHEF AUSTRALIA,,3,30,BVOD avg audience,220000,10,False,0.933
AU,voz,2 BVOD,BVOD,2026-05-04,MY RENO RULES,,8,30,BVOD avg audience,183000,Seven,False,0.767
AU,voz,2 BVOD,BVOD,2026-05-04,PLANET AMERICA-LE,,26,30,BVOD avg audience,102000,ABC,False,0.167
AU,voz,2 BVOD,BVOD,2026-05-04,SAS: AUS V ENG,,12,30,BVOD avg audience,145000,Seven,False,0.633
AU,voz,2 BVOD,BVOD,2026-05-04,SEVEN NEWS,,6,30,BVOD avg audience,195000,Seven,False,0.833
AU,voz,2 BVOD,BVOD,2026-05-04,SEVEN’S AFL: THURSDAY NIGHT FOOTBALL,,20,30,BVOD avg audience,114000,Seven,False,0.367
AU,voz,2 BVOD,BVOD,2026-05-04,SUNDAY AFTERNOON NRL LIVE,,22,30,BVOD avg audience,111000,Nine,False,0.3
AU,voz,2 BVOD,BVOD,2026-05-04,TASKMASTER AUSTRALIA,,21,30,BVOD avg audience,113000,10,False,0.333
AU,voz,2 BVOD,BVOD,2026-05-04,THE 1% CLUB,,25,30,BVOD avg audience,103000,Seven,False,0.2
AU,voz,2 BVOD,BVOD,2026-05-04,THE CHASE AUSTRALIA,,27,30,BVOD avg audience,97000,Seven,False,0.133
AU,voz,2 BVOD,BVOD,2026-05-04,THE FLOOR,,4,30,BVOD avg audience,213000,Nine,False,0.9
AU,voz,2 BVOD,BVOD,2026-05-04,THE FRONT BAR,,29,30,BVOD avg audience,89000,Seven,False,0.067
AU,voz,2 BVOD,BVOD,2026-05-04,THE HUNDRED WITH ANDY LEE,,23,30,BVOD avg audience,111000,Nine,False,0.267
AU,voz,2 BVOD,BVOD,2026-05-04,THURSDAY NIGHT NRL LIVE,,16,30,BVOD avg audience,134000,Nine,False,0.5
AU,voz,2 BVOD,BVOD,2026-05-04,TIPPING POINT AUSTRALIA,,14,30,BVOD avg audience,137000,Nine,False,0.567
AU,voz,2 BVOD,BVOD,2026-05-11,60 MINUTES,,26,30,BVOD avg audience,106000,Nine,False,0.167
AU,voz,2 BVOD,BVOD,2026-05-11,9-1-1,,25,30,BVOD avg audience,110000,Seven,False,0.2
AU,voz,2 BVOD,BVOD,2026-05-11,9NEWS,,4,30,BVOD avg audience,228000,Nine,False,0.9
AU,voz,2 BVOD,BVOD,2026-05-11,9NEWS SATURDAY,,19,30,BVOD avg audience,117000,Nine,False,0.4
AU,voz,2 BVOD,BVOD,2026-05-11,9NEWS SUNDAY,,5,30,BVOD avg audience,226000,Nine,False,0.867
AU,voz,2 BVOD,BVOD,2026-05-11,A CURRENT AFFAIR,,9,30,BVOD avg audience,170000,Nine,False,0.733
AU,voz,2 BVOD,BVOD,2026-05-11,AUSTRALIAN STORY,,22,30,BVOD avg audience,112000,ABC,False,0.3
AU,voz,2 BVOD,BVOD,2026-05-11,BAD COMPANY,,20,30,BVOD avg audience,115000,ABC,False,0.367
AU,voz,2 BVOD,BVOD,2026-05-11,BUDGET 2026: A 7.30 SPECIAL,,13,30,BVOD avg audience,142000,ABC,False,0.6
AU,voz,2 BVOD,BVOD,2026-05-11,BUDGET 2026: THE TREASURER’S SPEECH,,10,30,BVOD avg audience,156000,ABC,False,0.7
AU,voz,2 BVOD,BVOD,2026-05-11,EVENTS THAT CHANGED AUSTRALIA,,21,30,BVOD avg audience,113000,Nine,False,0.333
AU,voz,2 BVOD,BVOD,2026-05-11,FRIDAY NIGHT NRL LIVE,,17,30,BVOD avg audience,126000,Nine,False,0.467
AU,voz,2 BVOD,BVOD,2026-05-11,GLENN & MICK’S CELEBRITY INTERVENTION,,16,30,BVOD avg audience,131000,Seven,False,0.5
AU,voz,2 BVOD,BVOD,2026-05-11,GRUEN,,23,30,BVOD avg audience,112000,ABC,False,0.267
AU,voz,2 BVOD,BVOD,2026-05-11,HAVE YOU BEEN PAYING ATTENTION?,,11,30,BVOD avg audience,155000,10,False,0.667
AU,voz,2 BVOD,BVOD,2026-05-11,HOME AND AWAY,,1,30,BVOD avg audience,367000,Seven,False,1.0
AU,voz,2 BVOD,BVOD,2026-05-11,MASTERCHEF AUSTRALIA,,3,30,BVOD avg audience,229000,10,False,0.933
AU,voz,2 BVOD,BVOD,2026-05-11,MY RENO RULES,,8,30,BVOD avg audience,185000,Seven,False,0.767
AU,voz,2 BVOD,BVOD,2026-05-11,OOOPS I BOUGHT A PUB!,,30,30,BVOD avg audience,94000,Seven,False,0.033
AU,voz,2 BVOD,BVOD,2026-05-11,SAS: AUS V ENG,,14,30,BVOD avg audience,141000,Seven,False,0.567
AU,voz,2 BVOD,BVOD,2026-05-11,SEVEN NEWS,,7,30,BVOD avg audience,201000,Seven,False,0.8
AU,voz,2 BVOD,BVOD,2026-05-11,SEVEN’S AFL: THURSDAY NIGHT FOOTBALL,,29,30,BVOD avg audience,99000,Seven,False,0.067
AU,voz,2 BVOD,BVOD,2026-05-11,SUNDAY AFTERNOON NRL LIVE,,12,30,BVOD avg audience,147000,Nine,False,0.633
AU,voz,2 BVOD,BVOD,2026-05-11,TASKMASTER AUSTRALIA,,27,30,BVOD avg audience,103000,10,False,0.133
AU,voz,2 BVOD,BVOD,2026-05-11,THE 1% CLUB,,18,30,BVOD avg audience,119000,Seven,False,0.433
AU,voz,2 BVOD,BVOD,2026-05-11,THE CHASE AUSTRALIA,,28,30,BVOD avg audience,101000,Seven,False,0.1
AU,voz,2 BVOD,BVOD,2026-05-11,THE FLOOR,,6,30,BVOD avg audience,214000,Nine,False,0.833
AU,voz,2 BVOD,BVOD,2026-05-11,THE HUNDRED WITH ANDY LEE,,24,30,BVOD avg audience,111000,Nine,False,0.233
AU,voz,2 BVOD,BVOD,2026-05-11,TIPPING POINT AUSTRALIA,,15,30,BVOD avg audience,140000,Nine,False,0.533
AU,voz,2 BVOD,BVOD,2026-05-11,WOMEN’S STATE OF ORIGIN 2ND,,2,30,BVOD avg audience,305000,Nine,False,0.967
AU,voz,2 BVOD,BVOD,2026-05-18,60 MINUTES,,10,30,BVOD avg audience,165000,Nine,False,0.7
AU,voz,2 BVOD,BVOD,2026-05-18,9-1-1,,20,30,BVOD avg audience,121000,Seven,False,0.367
AU,voz,2 BVOD,BVOD,2026-05-18,9NEWS,,3,30,BVOD avg audience,233000,Nine,False,0.933
AU,voz,2 BVOD,BVOD,2026-05-18,9NEWS SATURDAY,,23,30,BVOD avg audience,114000,Nine,False,0.267
AU,voz,2 BVOD,BVOD,2026-05-18,9NEWS SUNDAY,,4,30,BVOD avg audience,218000,Nine,False,0.9
AU,voz,2 BVOD,BVOD,2026-05-18,A CURRENT AFFAIR,,9,30,BVOD avg audience,174000,Nine,False,0.733
AU,voz,2 BVOD,BVOD,2026-05-18,AUSTRALIAN STORY,,25,30,BVOD avg audience,103000,ABC,False,0.2
AU,voz,2 BVOD,BVOD,2026-05-18,BAD COMPANY,,28,30,BVOD avg audience,98000,ABC,False,0.1
AU,voz,2 BVOD,BVOD,2026-05-18,FRIDAY NIGHT NRL LIVE,,13,30,BVOD avg audience,145000,Nine,False,0.6
AU,voz,2 BVOD,BVOD,2026-05-18,GLENN & MICK’S CELEBRITY INTERVENTION,,21,30,BVOD avg audience,119000,Seven,False,0.333
AU,voz,2 BVOD,BVOD,2026-05-18,GRUEN,,30,30,BVOD avg audience,95000,ABC,False,0.033
AU,voz,2 BVOD,BVOD,2026-05-18,HAVE YOU BEEN PAYING ATTENTION?,,11,30,BVOD avg audience,160000,10,False,0.667
AU,voz,2 BVOD,BVOD,2026-05-18,HOME AND AWAY,,1,30,BVOD avg audience,377000,Seven,False,1.0
AU,voz,2 BVOD,BVOD,2026-05-18,MASTERCHEF AUSTRALIA,,5,30,BVOD avg audience,214000,10,False,0.867
AU,voz,2 BVOD,BVOD,2026-05-18,MY RENO RULES,,7,30,BVOD avg audience,194000,Seven,False,0.8
AU,voz,2 BVOD,BVOD,2026-05-18,OOOPS I BOUGHT A PUB!,,27,30,BVOD avg audience,100000,Seven,False,0.133
AU,voz,2 BVOD,BVOD,2026-05-18,RESTORATION AUSTRALIA,,14,30,BVOD avg audience,140000,ABC,False,0.567
AU,voz,2 BVOD,BVOD,2026-05-18,SAS: AUS V ENG,,16,30,BVOD avg audience,131000,Seven,False,0.5
AU,voz,2 BVOD,BVOD,2026-05-18,SEVEN NEWS,,6,30,BVOD avg audience,202000,Seven,False,0.833
AU,voz,2 BVOD,BVOD,2026-05-18,SEVEN’S AFL: FRIDAY NIGHT FOOTBALL,,29,30,BVOD avg audience,96000,Seven,False,0.067
AU,voz,2 BVOD,BVOD,2026-05-18,SHAUN MICALLEF’S GOING FOR BROKE,,18,30,BVOD avg audience,127000,ABC,False,0.433
AU,voz,2 BVOD,BVOD,2026-05-18,SHETLAND,,8,30,BVOD avg audience,176000,ABC,False,0.767
AU,voz,2 BVOD,BVOD,2026-05-18,SUNDAY AFTERNOON NRL LIVE,,22,30,BVOD avg audience,116000,Nine,False,0.3
AU,voz,2 BVOD,BVOD,2026-05-18,TASKMASTER AUSTRALIA,,26,30,BVOD avg audience,101000,10,False,0.167
AU,voz,2 BVOD,BVOD,2026-05-18,THE 1% CLUB,,19,30,BVOD avg audience,123000,Seven,False,0.4
AU,voz,2 BVOD,BVOD,2026-05-18,THE CHASE AUSTRALIA,,24,30,BVOD avg audience,105000,Seven,False,0.233
AU,voz,2 BVOD,BVOD,2026-05-18,THE FLOOR,,2,30,BVOD avg audience,238000,Nine,False,0.967
AU,voz,2 BVOD,BVOD,2026-05-18,THE MICHAEL JACKSON STORY,,15,30,BVOD avg audience,135000,Nine,False,0.533
AU,voz,2 BVOD,BVOD,2026-05-18,THURSDAY NIGHT NRL LIVE,,17,30,BVOD avg audience,129000,Nine,False,0.467
AU,voz,2 BVOD,BVOD,2026-05-18,TIPPING POINT AUSTRALIA,,12,30,BVOD avg audience,148000,Nine,False,0.633
AU,voz,2 BVOD,BVOD,2026-05-25,60 MINUTES,,30,30,BVOD avg audience,89000,Nine,False,0.033
AU,voz,2 BVOD,BVOD,2026-05-25,9-1-1,,15,30,BVOD avg audience,128000,Seven,False,0.533
AU,voz,2 BVOD,BVOD,2026-05-25,9NEWS,,3,30,BVOD avg audience,291000,Nine,False,0.933
AU,voz,2 BVOD,BVOD,2026-05-25,9NEWS SATURDAY,,19,30,BVOD avg audience,106000,Nine,False,0.4
AU,voz,2 BVOD,BVOD,2026-05-25,9NEWS SUNDAY,,7,30,BVOD avg audience,198000,Nine,False,0.8
AU,voz,2 BVOD,BVOD,2026-05-25,A CURRENT AFFAIR,,10,30,BVOD avg audience,171000,Nine,False,0.7
AU,voz,2 BVOD,BVOD,2026-05-25,AUSTRALIAN STORY,,9,30,BVOD avg audience,189000,ABC,False,0.733
AU,voz,2 BVOD,BVOD,2026-05-25,BAD COMPANY,,26,30,BVOD avg audience,95000,ABC,False,0.167
AU,voz,2 BVOD,BVOD,2026-05-25,DOC,,17,30,BVOD avg audience,111000,Seven,False,0.467
AU,voz,2 BVOD,BVOD,2026-05-25,FRIDAY NIGHT NRL LIVE,,16,30,BVOD avg audience,125000,Nine,False,0.5
AU,voz,2 BVOD,BVOD,2026-05-25,GLENN & MICK’S CELEBRITY INTERVENTION,,18,30,BVOD avg audience,108000,Seven,False,0.433
AU,voz,2 BVOD,BVOD,2026-05-25,GRUEN,,27,30,BVOD avg audience,94000,ABC,False,0.133
AU,voz,2 BVOD,BVOD,2026-05-25,HAVE YOU BEEN PAYING ATTENTION?,,13,30,BVOD avg audience,153000,10,False,0.6
AU,voz,2 BVOD,BVOD,2026-05-25,HOME AND AWAY,,2,30,BVOD avg audience,360000,Seven,False,0.967
AU,voz,2 BVOD,BVOD,2026-05-25,MASTERCHEF AUSTRALIA,,5,30,BVOD avg audience,224000,10,False,0.867
AU,voz,2 BVOD,BVOD,2026-05-25,MY RENO RULES,,8,30,BVOD avg audience,193000,Seven,False,0.767
AU,voz,2 BVOD,BVOD,2026-05-25,NRL ORIGIN STORY,,28,30,BVOD avg audience,91000,Nine,False,0.1
AU,voz,2 BVOD,BVOD,2026-05-25,OOOPS I BOUGHT A PUB!,,25,30,BVOD avg audience,97000,Seven,False,0.2
AU,voz,2 BVOD,BVOD,2026-05-25,SAS: AUS V ENG,,22,30,BVOD avg audience,103000,Seven,False,0.3
AU,voz,2 BVOD,BVOD,2026-05-25,SEVEN NEWS,,6,30,BVOD avg audience,204000,Seven,False,0.833
AU,voz,2 BVOD,BVOD,2026-05-25,SEVEN’S AFL: FRIDAY NIGHT FOOTBALL,,21,30,BVOD avg audience,104000,Seven,False,0.333
AU,voz,2 BVOD,BVOD,2026-05-25,SHARK!,,11,30,BVOD avg audience,168000,Nine,False,0.667
AU,voz,2 BVOD,BVOD,2026-05-25,STATE OF ORIGIN RUGBY LEAGUE NSW V QLD 1ST,,1,30,BVOD avg audience,1548000,Nine,False,1.0
AU,voz,2 BVOD,BVOD,2026-05-25,SUNDAY AFTERNOON NRL LIVE,,24,30,BVOD avg audience,100000,Nine,False,0.233
AU,voz,2 BVOD,BVOD,2026-05-25,TASKMASTER AUSTRALIA,,29,30,BVOD avg audience,90000,10,False,0.067
AU,voz,2 BVOD,BVOD,2026-05-25,THE CHASE AUSTRALIA,,20,30,BVOD avg audience,105000,Seven,False,0.367
AU,voz,2 BVOD,BVOD,2026-05-25,THE HUNDRED WITH ANDY LEE,,23,30,BVOD avg audience,101000,Nine,False,0.267
AU,voz,2 BVOD,BVOD,2026-05-25,THE MICHAEL JACKSON STORY,,14,30,BVOD avg audience,131000,Nine,False,0.567
AU,voz,2 BVOD,BVOD,2026-05-25,TIPPING POINT AUSTRALIA,,12,30,BVOD avg audience,162000,Nine,False,0.633
AU,voz,2 BVOD,BVOD,2026-05-25,WOMEN’S STATE OF ORIGIN 3RD,,4,30,BVOD avg audience,249000,Nine,False,0.9
AU,voz,2 BVOD,BVOD,2026-06-01,60 MINUTES,,26,30,BVOD avg audience,92000,Nine,False,0.167
AU,voz,2 BVOD,BVOD,2026-06-01,9-1-1,,13,30,BVOD avg audience,133000,Seven,False,0.6
AU,voz,2 BVOD,BVOD,2026-06-01,9NEWS,,2,30,BVOD avg audience,245000,Nine,False,0.967
AU,voz,2 BVOD,BVOD,2026-06-01,9NEWS SATURDAY,,15,30,BVOD avg audience,118000,Nine,False,0.533
AU,voz,2 BVOD,BVOD,2026-06-01,9NEWS SUNDAY,,8,30,BVOD avg audience,191000,Nine,False,0.767
AU,voz,2 BVOD,BVOD,2026-06-01,A CURRENT AFFAIR,,9,30,BVOD avg audience,181000,Nine,False,0.733
AU,voz,2 BVOD,BVOD,2026-06-01,AUSTRALIAN STORY,,18,30,BVOD avg audience,106000,ABC,False,0.433
AU,voz,2 BVOD,BVOD,2026-06-01,FOUR CORNERS,,28,30,BVOD avg audience,89000,ABC,False,0.1
AU,voz,2 BVOD,BVOD,2026-06-01,FRIDAY NIGHT NRL LIVE,,17,30,BVOD avg audience,114000,Nine,False,0.467
AU,voz,2 BVOD,BVOD,2026-06-01,GLENN & MICK’S CELEBRITY INTERVENTION,,14,30,BVOD avg audience,127000,Seven,False,0.567
AU,voz,2 BVOD,BVOD,2026-06-01,GROUND UP,,3,30,BVOD avg audience,228000,ABC,False,0.933
AU,voz,2 BVOD,BVOD,2026-06-01,GRUEN,,24,30,BVOD avg audience,94000,ABC,False,0.233
AU,voz,2 BVOD,BVOD,2026-06-01,HAVE YOU BEEN PAYING ATTENTION?,,12,30,BVOD avg audience,138000,10,False,0.633
AU,voz,2 BVOD,BVOD,2026-06-01,HOME AND AWAY,,1,30,BVOD avg audience,362000,Seven,False,1.0
AU,voz,2 BVOD,BVOD,2026-06-01,MASTERCHEF AUSTRALIA,,4,30,BVOD avg audience,217000,10,False,0.9
AU,voz,2 BVOD,BVOD,2026-06-01,MY RENO RULES,,5,30,BVOD avg audience,206000,Seven,False,0.867
AU,voz,2 BVOD,BVOD,2026-06-01,OOOPS I BOUGHT A PUB!,,29,30,BVOD avg audience,88000,Seven,False,0.067
AU,voz,2 BVOD,BVOD,2026-06-01,PLANET AMERICA-LE,,30,30,BVOD avg audience,88000,ABC,False,0.033
AU,voz,2 BVOD,BVOD,2026-06-01,RACE AROUND THE WORLD,,16,30,BVOD avg audience,115000,ABC,False,0.5
AU,voz,2 BVOD,BVOD,2026-06-01,SAS: AUS V ENG,,21,30,BVOD avg audience,101000,Seven,False,0.333
AU,voz,2 BVOD,BVOD,2026-06-01,SEVEN NEWS,,6,30,BVOD avg audience,200000,Seven,False,0.833
AU,voz,2 BVOD,BVOD,2026-06-01,SEVEN’S AFL: FRIDAY NIGHT FOOTBALL,,22,30,BVOD avg audience,99000,Seven,False,0.3
AU,voz,2 BVOD,BVOD,2026-06-01,SEVEN’S AFL: THURSDAY NIGHT FOOTBALL,,23,30,BVOD avg audience,97000,Seven,False,0.267
AU,voz,2 BVOD,BVOD,2026-06-01,SHARK!,,7,30,BVOD avg audience,193000,Nine,False,0.8
AU,voz,2 BVOD,BVOD,2026-06-01,SUNDAY AFTERNOON NRL LIVE,,25,30,BVOD avg audience,94000,Nine,False,0.2
AU,voz,2 BVOD,BVOD,2026-06-01,THE CHASE AUSTRALIA,,19,30,BVOD avg audience,105000,Seven,False,0.4
AU,voz,2 BVOD,BVOD,2026-06-01,THE HARDACRES,,27,30,BVOD avg audience,90000,ABC,False,0.133
AU,voz,2 BVOD,BVOD,2026-06-01,THE HUNDRED WITH ANDY LEE,,20,30,BVOD avg audience,102000,Nine,False,0.367
AU,voz,2 BVOD,BVOD,2026-06-01,THURSDAY NIGHT NRL LIVE,,11,30,BVOD avg audience,140000,Nine,False,0.667
AU,voz,2 BVOD,BVOD,2026-06-01,TIPPING POINT AUSTRALIA,,10,30,BVOD avg audience,156000,Nine,False,0.7
AU,voz,2 BVOD,BVOD,2026-06-08,2026 FIFA WORLD CUP: AUS V TUR LIVE,,1,30,BVOD avg audience,1369000,SBS,False,1.0
AU,voz,2 BVOD,BVOD,2026-06-08,2026 FIFA WORLD CUP: AUS V TUR POST-MATCH,,2,30,BVOD avg audience,658000,SBS,False,0.967
AU,voz,2 BVOD,BVOD,2026-06-08,2026 FIFA WORLD CUP: AUS V TUR PRE-MATCH,,4,30,BVOD avg audience,471000,SBS,False,0.9
AU,voz,2 BVOD,BVOD,2026-06-08,2026 FIFA WORLD CUP: BRA V MAR LIVE,,3,30,BVOD avg audience,624000,SBS,False,0.933
AU,voz,2 BVOD,BVOD,2026-06-08,2026 FIFA WORLD CUP: BRA V MAR POST-MATCH,,9,30,BVOD avg audience,335000,SBS,False,0.733
AU,voz,2 BVOD,BVOD,2026-06-08,2026 FIFA WORLD CUP: BRA V MAR PRE-MATCH,,19,30,BVOD avg audience,187000,SBS,False,0.4
AU,voz,2 BVOD,BVOD,2026-06-08,2026 FIFA WORLD CUP: CAN V BIH LIVE,,24,30,BVOD avg audience,151000,SBS,False,0.233
AU,voz,2 BVOD,BVOD,2026-06-08,2026 FIFA WORLD CUP: HAI V SCO LIVE,,7,30,BVOD avg audience,420000,SBS,False,0.8
AU,voz,2 BVOD,BVOD,2026-06-08,2026 FIFA WORLD CUP: HAI V SCO PRE-MATCH,,11,30,BVOD avg audience,263000,SBS,False,0.667
AU,voz,2 BVOD,BVOD,2026-06-08,2026 FIFA WORLD CUP: KOR V CZE LIVE,,10,30,BVOD avg audience,295000,SBS,False,0.7
AU,voz,2 BVOD,BVOD,2026-06-08,2026 FIFA WORLD CUP: MEX V RSA LIVE,,20,30,BVOD avg audience,181000,SBS,False,0.367
AU,voz,2 BVOD,BVOD,2026-06-08,2026 FIFA WORLD CUP: USA V PAR LIVE,,5,30,BVOD avg audience,457000,SBS,False,0.867
AU,voz,2 BVOD,BVOD,2026-06-08,2026 FIFA WORLD CUP: USA V PAR POST-MATCH,,17,30,BVOD avg audience,215000,SBS,False,0.467
AU,voz,2 BVOD,BVOD,2026-06-08,2026 FIFA WORLD CUP: USA V PAR PRE-MATCH,,28,30,BVOD avg audience,137000,SBS,False,0.1
AU,voz,2 BVOD,BVOD,2026-06-08,9NEWS,,15,30,BVOD avg audience,226000,Nine,False,0.533
AU,voz,2 BVOD,BVOD,2026-06-08,9NEWS SUNDAY,,12,30,BVOD avg audience,254000,Nine,False,0.633
AU,voz,2 BVOD,BVOD,2026-06-08,A CURRENT AFFAIR,,22,30,BVOD avg audience,163000,Nine,False,0.3
AU,voz,2 BVOD,BVOD,2026-06-08,FARMER WANTS A WIFE,,6,30,BVOD avg audience,456000,Seven,False,0.833
AU,voz,2 BVOD,BVOD,2026-06-08,FRIDAY NIGHT NRL LIVE,,26,30,BVOD avg audience,143000,Nine,False,0.167
AU,voz,2 BVOD,BVOD,2026-06-08,HAVE YOU BEEN PAYING ATTENTION?,,23,30,BVOD avg audience,154000,10,False,0.267
AU,voz,2 BVOD,BVOD,2026-06-08,HITLER: A LIFE IN PICTURES,,30,30,BVOD avg audience,129000,SBS,False,0.033
AU,voz,2 BVOD,BVOD,2026-06-08,HOME AND AWAY,,8,30,BVOD avg audience,391000,Seven,False,0.767
AU,voz,2 BVOD,BVOD,2026-06-08,MASTERCHEF AUSTRALIA,,14,30,BVOD avg audience,230000,10,False,0.567
AU,voz,2 BVOD,BVOD,2026-06-08,ROLF HARRIS: PRIMETIME PREDATOR,,18,30,BVOD avg audience,201000,ABC,False,0.433
AU,voz,2 BVOD,BVOD,2026-06-08,SEVEN NEWS,,16,30,BVOD avg audience,220000,Seven,False,0.5
AU,voz,2 BVOD,BVOD,2026-06-08,SEVEN’S AFL: MONDAY AFTERNOON FOOTBALL,,29,30,BVOD avg audience,130000,Seven,False,0.067
AU,voz,2 BVOD,BVOD,2026-06-08,SHARK!,,27,30,BVOD avg audience,142000,Nine,False,0.133
AU,voz,2 BVOD,BVOD,2026-06-08,THE ROOKIE,,13,30,BVOD avg audience,252000,Seven,False,0.6
AU,voz,2 BVOD,BVOD,2026-06-08,THURSDAY NIGHT NRL LIVE,,21,30,BVOD avg audience,166000,Nine,False,0.333
AU,voz,2 BVOD,BVOD,2026-06-08,TIPPING POINT AUSTRALIA,,25,30,BVOD avg audience,150000,Nine,False,0.2
AU,voz,2 BVOD,BVOD,2026-06-15,2026 FIFA WORLD CUP: ARG V ALG LIVE,,3,30,BVOD avg audience,545000,SBS,False,0.933
AU,voz,2 BVOD,BVOD,2026-06-15,2026 FIFA WORLD CUP: ARG V ALG POST-MATCH,,28,30,BVOD avg audience,234000,SBS,False,0.1
AU,voz,2 BVOD,BVOD,2026-06-15,2026 FIFA WORLD CUP: ARG V ALG PRE-MATCH,,30,30,BVOD avg audience,225000,SBS,False,0.033
AU,voz,2 BVOD,BVOD,2026-06-15,2026 FIFA WORLD CUP: AUT V JOR LIVE,,21,30,BVOD avg audience,248000,SBS,False,0.333
AU,voz,2 BVOD,BVOD,2026-06-15,2026 FIFA WORLD CUP: BRA V HAI LIVE,,11,30,BVOD avg audience,368000,SBS,False,0.667
AU,voz,2 BVOD,BVOD,2026-06-15,2026 FIFA WORLD CUP: CAN V QAT LIVE,,27,30,BVOD avg audience,237000,SBS,False,0.133
AU,voz,2 BVOD,BVOD,2026-06-15,2026 FIFA WORLD CUP: CIV V ECU LIVE,,23,30,BVOD avg audience,247000,SBS,False,0.267
AU,voz,2 BVOD,BVOD,2026-06-15,2026 FIFA WORLD CUP: ENG V CRO LIVE,,4,30,BVOD avg audience,517000,SBS,False,0.9
AU,voz,2 BVOD,BVOD,2026-06-15,2026 FIFA WORLD CUP: ENG V CRO POST-MATCH,,25,30,BVOD avg audience,240000,SBS,False,0.2
AU,voz,2 BVOD,BVOD,2026-06-15,2026 FIFA WORLD CUP: FRA V SEN LIVE,,24,30,BVOD avg audience,246000,SBS,False,0.233
AU,voz,2 BVOD,BVOD,2026-06-15,2026 FIFA WORLD CUP: GHA V PAN LIVE,,26,30,BVOD avg audience,239000,SBS,False,0.167
AU,voz,2 BVOD,BVOD,2026-06-15,2026 FIFA WORLD CUP: IRN V NZL LIVE,,7,30,BVOD avg audience,402000,SBS,False,0.8
AU,voz,2 BVOD,BVOD,2026-06-15,2026 FIFA WORLD CUP: IRQ V NOR LIVE,,13,30,BVOD avg audience,318000,SBS,False,0.6
AU,voz,2 BVOD,BVOD,2026-06-15,2026 FIFA WORLD CUP: KSA V URU LIVE,,22,30,BVOD avg audience,248000,SBS,False,0.3
AU,voz,2 BVOD,BVOD,2026-06-15,2026 FIFA WORLD CUP: MEX V KOR LIVE,,9,30,BVOD avg audience,383000,SBS,False,0.733
AU,voz,2 BVOD,BVOD,2026-06-15,2026 FIFA WORLD CUP: NED V JPN LIVE,,16,30,BVOD avg audience,286000,SBS,False,0.5
AU,voz,2 BVOD,BVOD,2026-06-15,2026 FIFA WORLD CUP: SCO V MAR LIVE,,8,30,BVOD avg audience,390000,SBS,False,0.767
AU,voz,2 BVOD,BVOD,2026-06-15,2026 FIFA WORLD CUP: SCO V MAR POST-MATCH,,29,30,BVOD avg audience,230000,SBS,False,0.067
AU,voz,2 BVOD,BVOD,2026-06-15,2026 FIFA WORLD CUP: SCO V MAR PRE-MATCH,,12,30,BVOD avg audience,323000,SBS,False,0.633
AU,voz,2 BVOD,BVOD,2026-06-15,2026 FIFA WORLD CUP: SWE V TUN LIVE,,17,30,BVOD avg audience,286000,SBS,False,0.467
AU,voz,2 BVOD,BVOD,2026-06-15,2026 FIFA WORLD CUP: TUN V JPN LIVE,,15,30,BVOD avg audience,303000,SBS,False,0.533
AU,voz,2 BVOD,BVOD,2026-06-15,2026 FIFA WORLD CUP: TUR V PAR LIVE,,14,30,BVOD avg audience,318000,SBS,False,0.567
AU,voz,2 BVOD,BVOD,2026-06-15,2026 FIFA WORLD CUP: USA V AUS LIVE,,2,30,BVOD avg audience,1017000,SBS,False,0.967
AU,voz,2 BVOD,BVOD,2026-06-15,2026 FIFA WORLD CUP: USA V AUS POST-MATCH,,5,30,BVOD avg audience,495000,SBS,False,0.867
AU,voz,2 BVOD,BVOD,2026-06-15,2026 FIFA WORLD CUP: UZB V COL LIVE,,19,30,BVOD avg audience,265000,SBS,False,0.4
AU,voz,2 BVOD,BVOD,2026-06-15,9NEWS,,18,30,BVOD avg audience,286000,Nine,False,0.433
AU,voz,2 BVOD,BVOD,2026-06-15,FARMER WANTS A WIFE,,6,30,BVOD avg audience,429000,Seven,False,0.833
AU,voz,2 BVOD,BVOD,2026-06-15,HOME AND AWAY,,10,30,BVOD avg audience,381000,Seven,False,0.7
AU,voz,2 BVOD,BVOD,2026-06-15,STATE OF ORIGIN RUGBY LEAGUE NSW V QLD 2ND,,1,30,BVOD avg audience,1737000,Nine,False,1.0
AU,voz,2 BVOD,BVOD,2026-06-15,THE ROOKIE,,20,30,BVOD avg audience,263000,Seven,False,0.367
AU,voz,2 BVOD,BVOD,2026-06-22,2026 FIFA WORLD CUP: COL V COD LIVE,,19,30,BVOD avg audience,234000,SBS,False,0.4
AU,voz,2 BVOD,BVOD,2026-06-22,2026 FIFA WORLD CUP: COL V POR LIVE,,3,30,BVOD avg audience,558000,SBS,False,0.933
AU,voz,2 BVOD,BVOD,2026-06-22,2026 FIFA WORLD CUP: COL V POR PRE-MATCH,,15,30,BVOD avg audience,284000,SBS,False,0.533
AU,voz,2 BVOD,BVOD,2026-06-22,2026 FIFA WORLD CUP: ECU V GER LIVE,,29,30,BVOD avg audience,196000,SBS,False,0.067
AU,voz,2 BVOD,BVOD,2026-06-22,2026 FIFA WORLD CUP: ENG V GHA LIVE,,8,30,BVOD avg audience,367000,SBS,False,0.767
AU,voz,2 BVOD,BVOD,2026-06-22,2026 FIFA WORLD CUP: ENG V GHA POST-MATCH,,28,30,BVOD avg audience,198000,SBS,False,0.1
AU,voz,2 BVOD,BVOD,2026-06-22,2026 FIFA WORLD CUP: FRA V IRQ WEATHER DELAY,,30,30,BVOD avg audience,193000,SBS,False,0.033
AU,voz,2 BVOD,BVOD,2026-06-22,2026 FIFA WORLD CUP: JOR V ARG LIVE,,6,30,BVOD avg audience,417000,SBS,False,0.833
AU,voz,2 BVOD,BVOD,2026-06-22,2026 FIFA WORLD CUP: JOR V ARG PRE-MATCH,,11,30,BVOD avg audience,350000,SBS,False,0.667
AU,voz,2 BVOD,BVOD,2026-06-22,2026 FIFA WORLD CUP: JPN V SWE LIVE,,14,30,BVOD avg audience,320000,SBS,False,0.567
AU,voz,2 BVOD,BVOD,2026-06-22,2026 FIFA WORLD CUP: NOR V SEN LIVE,,16,30,BVOD avg audience,283000,SBS,False,0.5
AU,voz,2 BVOD,BVOD,2026-06-22,2026 FIFA WORLD CUP: NZL V BEL LIVE,,18,30,BVOD avg audience,271000,SBS,False,0.433
AU,voz,2 BVOD,BVOD,2026-06-22,2026 FIFA WORLD CUP: NZL V EGY LIVE,,13,30,BVOD avg audience,325000,SBS,False,0.6
AU,voz,2 BVOD,BVOD,2026-06-22,2026 FIFA WORLD CUP: PAN V CRO LIVE,,20,30,BVOD avg audience,234000,SBS,False,0.367
AU,voz,2 BVOD,BVOD,2026-06-22,2026 FIFA WORLD CUP: PAN V ENG LIVE,,12,30,BVOD avg audience,344000,SBS,False,0.633
AU,voz,2 BVOD,BVOD,2026-06-22,2026 FIFA WORLD CUP: PAR V AUS LIVE,,1,30,BVOD avg audience,1454000,SBS,False,1.0
AU,voz,2 BVOD,BVOD,2026-06-22,2026 FIFA WORLD CUP: PAR V AUS POST-MATCH,,2,30,BVOD avg audience,574000,SBS,False,0.967
AU,voz,2 BVOD,BVOD,2026-06-22,2026 FIFA WORLD CUP: PAR V AUS PRE-MATCH,,4,30,BVOD avg audience,440000,SBS,False,0.9
AU,voz,2 BVOD,BVOD,2026-06-22,2026 FIFA WORLD CUP: SCO V BRA LIVE,,10,30,BVOD avg audience,360000,SBS,False,0.7
AU,voz,2 BVOD,BVOD,2026-06-22,2026 FIFA WORLD CUP: URU V CPV LIVE,,24,30,BVOD avg audience,217000,SBS,False,0.233
AU,voz,2 BVOD,BVOD,2026-06-22,2026 FIFA WORLD CUP: URU V ESP LIVE,,9,30,BVOD avg audience,362000,SBS,False,0.733
AU,voz,2 BVOD,BVOD,2026-06-22,2026 FIFA WORLD CUP: URU V ESP POST-MATCH,,23,30,BVOD avg audience,221000,SBS,False,0.267
AU,voz,2 BVOD,BVOD,2026-06-22,9NEWS,,22,30,BVOD avg audience,222000,Nine,False,0.3
AU,voz,2 BVOD,BVOD,2026-06-22,9NEWS SUNDAY,,26,30,BVOD avg audience,210000,Nine,False,0.167
AU,voz,2 BVOD,BVOD,2026-06-22,FARMER WANTS A WIFE,,5,30,BVOD avg audience,430000,Seven,False,0.867
AU,voz,2 BVOD,BVOD,2026-06-22,HOME AND AWAY,,7,30,BVOD avg audience,375000,Seven,False,0.8
AU,voz,2 BVOD,BVOD,2026-06-22,MASTERCHEF AUSTRALIA,,25,30,BVOD avg audience,217000,10,False,0.2
AU,voz,2 BVOD,BVOD,2026-06-22,SEVEN NEWS,,27,30,BVOD avg audience,203000,Seven,False,0.133
AU,voz,2 BVOD,BVOD,2026-06-22,THE ROOKIE,,17,30,BVOD avg audience,277000,Seven,False,0.467
AU,voz,2 BVOD,BVOD,2026-06-22,TRAVEL GUIDES,,21,30,BVOD avg audience,234000,Nine,False,0.333
AU,voz,2 BVOD,BVOD,2026-06-29,2026 FIFA WORLD CUP: ARG V CPV LIVE,,3,30,BVOD avg audience,664000,SBS,False,0.933
AU,voz,2 BVOD,BVOD,2026-06-29,2026 FIFA WORLD CUP: ARG V CPV POST-MATCH,,6,30,BVOD avg audience,450000,SBS,False,0.833
AU,voz,2 BVOD,BVOD,2026-06-29,2026 FIFA WORLD CUP: ARG V CPV PRE-MATCH,,23,30,BVOD avg audience,278000,SBS,False,0.267
AU,voz,2 BVOD,BVOD,2026-06-29,2026 FIFA WORLD CUP: AUS V EGY LIVE,,1,30,BVOD avg audience,1028000,SBS,False,1.0
AU,voz,2 BVOD,BVOD,2026-06-29,2026 FIFA WORLD CUP: AUS V EGY POST-MATCH,,8,30,BVOD avg audience,436000,SBS,False,0.767
AU,voz,2 BVOD,BVOD,2026-06-29,2026 FIFA WORLD CUP: BEL V SEN LIVE,,21,30,BVOD avg audience,295000,SBS,False,0.333
AU,voz,2 BVOD,BVOD,2026-06-29,2026 FIFA WORLD CUP: BEL V SEN POST-MATCH,,24,30,BVOD avg audience,272000,SBS,False,0.233
AU,voz,2 BVOD,BVOD,2026-06-29,2026 FIFA WORLD CUP: BRA V JPN LIVE,,25,30,BVOD avg audience,245000,SBS,False,0.2
AU,voz,2 BVOD,BVOD,2026-06-29,2026 FIFA WORLD CUP: COL V GHA LIVE,,14,30,BVOD avg audience,373000,SBS,False,0.567
AU,voz,2 BVOD,BVOD,2026-06-29,2026 FIFA WORLD CUP: COL V GHA PRE-MATCH,,19,30,BVOD avg audience,299000,SBS,False,0.4
AU,voz,2 BVOD,BVOD,2026-06-29,2026 FIFA WORLD CUP: FRA V SWE LIVE,,9,30,BVOD avg audience,426000,SBS,False,0.733
AU,voz,2 BVOD,BVOD,2026-06-29,2026 FIFA WORLD CUP: FRA V SWE POST-MATCH,,30,30,BVOD avg audience,213000,SBS,False,0.033
AU,voz,2 BVOD,BVOD,2026-06-29,2026 FIFA WORLD CUP: GER V PAR LIVE,,12,30,BVOD avg audience,389000,SBS,False,0.633
AU,voz,2 BVOD,BVOD,2026-06-29,2026 FIFA WORLD CUP: GER V PAR POST-MATCH,,16,30,BVOD avg audience,345000,SBS,False,0.5
AU,voz,2 BVOD,BVOD,2026-06-29,2026 FIFA WORLD CUP: MEX V ECU LIVE,,13,30,BVOD avg audience,388000,SBS,False,0.6
AU,voz,2 BVOD,BVOD,2026-06-29,2026 FIFA WORLD CUP: NED V MAR LIVE,,4,30,BVOD avg audience,547000,SBS,False,0.9
AU,voz,2 BVOD,BVOD,2026-06-29,2026 FIFA WORLD CUP: NED V MAR POST-MATCH,,17,30,BVOD avg audience,342000,SBS,False,0.467
AU,voz,2 BVOD,BVOD,2026-06-29,2026 FIFA WORLD CUP: PAR V FRA LIVE,,5,30,BVOD avg audience,463000,SBS,False,0.867
AU,voz,2 BVOD,BVOD,2026-06-29,2026 FIFA WORLD CUP: PAR V FRA POST-MATCH,,22,30,BVOD avg audience,281000,SBS,False,0.3
AU,voz,2 BVOD,BVOD,2026-06-29,2026 FIFA WORLD CUP: POR V CRO LIVE,,2,30,BVOD avg audience,725000,SBS,False,0.967
AU,voz,2 BVOD,BVOD,2026-06-29,2026 FIFA WORLD CUP: POR V CRO POST-MATCH,,11,30,BVOD avg audience,419000,SBS,False,0.667
AU,voz,2 BVOD,BVOD,2026-06-29,2026 FIFA WORLD CUP: SUI V ALG LIVE,,18,30,BVOD avg audience,318000,SBS,False,0.433
AU,voz,2 BVOD,BVOD,2026-06-29,2026 FIFA WORLD CUP: USA V BIH LIVE,,10,30,BVOD avg audience,420000,SBS,False,0.7
AU,voz,2 BVOD,BVOD,2026-06-29,2026 FIFA WORLD CUP: USA V BIH POST-MATCH,,28,30,BVOD avg audience,223000,SBS,False,0.1
AU,voz,2 BVOD,BVOD,2026-06-29,9NEWS,,27,30,BVOD avg audience,228000,Nine,False,0.133
AU,voz,2 BVOD,BVOD,2026-06-29,FARMER WANTS A WIFE,,7,30,BVOD avg audience,437000,Seven,False,0.8
AU,voz,2 BVOD,BVOD,2026-06-29,HOME AND AWAY,,15,30,BVOD avg audience,358000,Seven,False,0.533
AU,voz,2 BVOD,BVOD,2026-06-29,MASTERCHEF AUSTRALIA,,29,30,BVOD avg audience,223000,10,False,0.067
AU,voz,2 BVOD,BVOD,2026-06-29,THE ROOKIE,,20,30,BVOD avg audience,296000,Seven,False,0.367
AU,voz,2 BVOD,BVOD,2026-06-29,TRAVEL GUIDES,,26,30,BVOD avg audience,239000,Nine,False,0.167
AU,voz,2 BVOD,BVOD,2026-07-06,2026 FIFA WORLD CUP QF: ARG V SUI LIVE,,4,30,BVOD avg audience,1064000,SBS,False,0.9
AU,voz,2 BVOD,BVOD,2026-07-06,2026 FIFA WORLD CUP QF: ARG V SUI POST-MATCH,,11,30,BVOD avg audience,465000,SBS,False,0.667
AU,voz,2 BVOD,BVOD,2026-07-06,2026 FIFA WORLD CUP QF: ARG V SUI PRE-MATCH,,14,30,BVOD avg audience,407000,SBS,False,0.567
AU,voz,2 BVOD,BVOD,2026-07-06,2026 FIFA WORLD CUP QF: ESP V BEL LIVE,,13,30,BVOD avg audience,436000,SBS,False,0.6
AU,voz,2 BVOD,BVOD,2026-07-06,2026 FIFA WORLD CUP QF: ESP V BEL POST-MATCH,,29,30,BVOD avg audience,219000,SBS,False,0.067
AU,voz,2 BVOD,BVOD,2026-07-06,2026 FIFA WORLD CUP QF: FRA V MAR LIVE,,7,30,BVOD avg audience,636000,SBS,False,0.8
AU,voz,2 BVOD,BVOD,2026-07-06,2026 FIFA WORLD CUP QF: FRA V MAR POST-MATCH,,25,30,BVOD avg audience,281000,SBS,False,0.2
AU,voz,2 BVOD,BVOD,2026-07-06,2026 FIFA WORLD CUP QF: NOR V ENG LIVE,,2,30,BVOD avg audience,1357000,SBS,False,0.967
AU,voz,2 BVOD,BVOD,2026-07-06,2026 FIFA WORLD CUP QF: NOR V ENG POST-MATCH,,5,30,BVOD avg audience,851000,SBS,False,0.867
AU,voz,2 BVOD,BVOD,2026-07-06,2026 FIFA WORLD CUP QF: NOR V ENG PRE-MATCH,,28,30,BVOD avg audience,224000,SBS,False,0.1
AU,voz,2 BVOD,BVOD,2026-07-06,2026 FIFA WORLD CUP: ARG V EGY LIVE,,20,30,BVOD avg audience,343000,SBS,False,0.367
AU,voz,2 BVOD,BVOD,2026-07-06,2026 FIFA WORLD CUP: BRA V NOR LIVE,,8,30,BVOD avg audience,550000,SBS,False,0.767
AU,voz,2 BVOD,BVOD,2026-07-06,2026 FIFA WORLD CUP: BRA V NOR POST-MATCH,,18,30,BVOD avg audience,356000,SBS,False,0.433
AU,voz,2 BVOD,BVOD,2026-07-06,2026 FIFA WORLD CUP: MEX V ENG LIVE,,3,30,BVOD avg audience,1071000,SBS,False,0.933
AU,voz,2 BVOD,BVOD,2026-07-06,2026 FIFA WORLD CUP: MEX V ENG POST-MATCH,,9,30,BVOD avg audience,504000,SBS,False,0.733
AU,voz,2 BVOD,BVOD,2026-07-06,2026 FIFA WORLD CUP: MEX V ENG PRE-MATCH,,16,30,BVOD avg audience,379000,SBS,False,0.5
AU,voz,2 BVOD,BVOD,2026-07-06,2026 FIFA WORLD CUP: POR V ESP LIVE,,10,30,BVOD avg audience,493000,SBS,False,0.7
AU,voz,2 BVOD,BVOD,2026-07-06,2026 FIFA WORLD CUP: POR V ESP POST-MATCH,,24,30,BVOD avg audience,282000,SBS,False,0.233
AU,voz,2 BVOD,BVOD,2026-07-06,2026 FIFA WORLD CUP: SUI V COL LIVE,,19,30,BVOD avg audience,356000,SBS,False,0.4
AU,voz,2 BVOD,BVOD,2026-07-06,2026 FIFA WORLD CUP: SUI V COL POST-MATCH,,26,30,BVOD avg audience,249000,SBS,False,0.167
AU,voz,2 BVOD,BVOD,2026-07-06,2026 FIFA WORLD CUP: USA V BEL LIVE,,6,30,BVOD avg audience,685000,SBS,False,0.833
AU,voz,2 BVOD,BVOD,2026-07-06,2026 FIFA WORLD CUP: USA V BEL POST-MATCH,,21,30,BVOD avg audience,334000,SBS,False,0.333
AU,voz,2 BVOD,BVOD,2026-07-06,9NEWS,,23,30,BVOD avg audience,295000,Nine,False,0.267
AU,voz,2 BVOD,BVOD,2026-07-06,9NEWS SUNDAY,,30,30,BVOD avg audience,215000,Nine,False,0.033
AU,voz,2 BVOD,BVOD,2026-07-06,AL JAZEERA ENGLISH NEWS MORNING,,15,30,BVOD avg audience,392000,SBS,False,0.533
AU,voz,2 BVOD,BVOD,2026-07-06,FARMER WANTS A WIFE,,12,30,BVOD avg audience,453000,Seven,False,0.633
AU,voz,2 BVOD,BVOD,2026-07-06,HOME AND AWAY,,17,30,BVOD avg audience,367000,Seven,False,0.467
AU,voz,2 BVOD,BVOD,2026-07-06,STATE OF ORIGIN RUGBY LEAGUE QLD V NSW 3RD,,1,30,BVOD avg audience,1705000,Nine,False,1.0
AU,voz,2 BVOD,BVOD,2026-07-06,THE ROOKIE,,22,30,BVOD avg audience,313000,Seven,False,0.3
AU,voz,2 BVOD,BVOD,2026-07-06,TRAVEL GUIDES,,27,30,BVOD avg audience,244000,Nine,False,0.133
AU,voz,2 BVOD,BVOD,2026-07-13,2026 FIFA WORLD CUP 3RD PLACE: FRA V ENG LIVE,,3,30,BVOD avg audience,784000,SBS,False,0.933
AU,voz,2 BVOD,BVOD,2026-07-13,2026 FIFA WORLD CUP 3RD PLACE: FRA V ENG POST-MATCH,,7,30,BVOD avg audience,417000,SBS,False,0.8
AU,voz,2 BVOD,BVOD,2026-07-13,2026 FIFA WORLD CUP 3RD PLACE: FRA V ENG PRE-MATCH,,30,30,BVOD avg audience,111000,SBS,False,0.033
AU,voz,2 BVOD,BVOD,2026-07-13,2026 FIFA WORLD CUP SF: ENG V ARG LIVE,,1,30,BVOD avg audience,1233000,SBS,False,1.0
AU,voz,2 BVOD,BVOD,2026-07-13,2026 FIFA WORLD CUP SF: ENG V ARG POST-MATCH,,4,30,BVOD avg audience,582000,SBS,False,0.9
AU,voz,2 BVOD,BVOD,2026-07-13,2026 FIFA WORLD CUP SF: FRA V ESP LIVE,,2,30,BVOD avg audience,829000,SBS,False,0.967
AU,voz,2 BVOD,BVOD,2026-07-13,2026 FIFA WORLD CUP SF: FRA V ESP POST-MATCH,,9,30,BVOD avg audience,362000,SBS,False,0.733
AU,voz,2 BVOD,BVOD,2026-07-13,7NEWS SPOTLIGHT,,19,30,BVOD avg audience,174000,Seven,False,0.4
AU,voz,2 BVOD,BVOD,2026-07-13,9NEWS,,12,30,BVOD avg audience,238000,Nine,False,0.633
AU,voz,2 BVOD,BVOD,2026-07-13,9NEWS SATURDAY,,27,30,BVOD avg audience,121000,Nine,False,0.133
AU,voz,2 BVOD,BVOD,2026-07-13,9NEWS SUNDAY,,14,30,BVOD avg audience,214000,Nine,False,0.567
AU,voz,2 BVOD,BVOD,2026-07-13,A CURRENT AFFAIR,,20,30,BVOD avg audience,170000,Nine,False,0.367
AU,voz,2 BVOD,BVOD,2026-07-13,ALONE AUSTRALIA,,15,30,BVOD avg audience,213000,SBS,False,0.533
AU,voz,2 BVOD,BVOD,2026-07-13,AUSTRALIAN STORY,,18,30,BVOD avg audience,180000,ABC,False,0.433
AU,voz,2 BVOD,BVOD,2026-07-13,DOC,,28,30,BVOD avg audience,115000,Seven,False,0.1
AU,voz,2 BVOD,BVOD,2026-07-13,FARMER WANTS A WIFE,,5,30,BVOD avg audience,445000,Seven,False,0.867
AU,voz,2 BVOD,BVOD,2026-07-13,FIRST DATES AUSTRALIA,,22,30,BVOD avg audience,158000,Seven,False,0.3
AU,voz,2 BVOD,BVOD,2026-07-13,FRIDAY NIGHT NRL LIVE,,26,30,BVOD avg audience,128000,Nine,False,0.167
AU,voz,2 BVOD,BVOD,2026-07-13,HAVE YOU BEEN PAYING ATTENTION?,,24,30,BVOD avg audience,138000,10,False,0.233
AU,voz,2 BVOD,BVOD,2026-07-13,HOME AND AWAY,,8,30,BVOD avg audience,373000,Seven,False,0.767
AU,voz,2 BVOD,BVOD,2026-07-13,LEGO MASTERS BRICKTACULAR,,21,30,BVOD avg audience,169000,Nine,False,0.333
AU,voz,2 BVOD,BVOD,2026-07-13,MASTERCHEF AUSTRALIA,,13,30,BVOD avg audience,221000,10,False,0.6
AU,voz,2 BVOD,BVOD,2026-07-13,SEVEN NEWS,,16,30,BVOD avg audience,211000,Seven,False,0.5
AU,voz,2 BVOD,BVOD,2026-07-13,THE HUNDRED WITH ANDY LEE,,29,30,BVOD avg audience,114000,Nine,False,0.067
AU,voz,2 BVOD,BVOD,2026-07-13,THE ROOKIE,,10,30,BVOD avg audience,333000,Seven,False,0.7
AU,voz,2 BVOD,BVOD,2026-07-13,THURSDAY NIGHT NRL LIVE,,17,30,BVOD avg audience,188000,Nine,False,0.467
AU,voz,2 BVOD,BVOD,2026-07-13,TIPPING POINT AUSTRALIA,,23,30,BVOD avg audience,149000,Nine,False,0.267
AU,voz,2 BVOD,BVOD,2026-07-13,TIPPING POINT: TRAVEL GUIDES,,25,30,BVOD avg audience,129000,Nine,False,0.2
AU,voz,2 BVOD,BVOD,2026-07-13,TRAVEL GUIDES,,11,30,BVOD avg audience,254000,Nine,False,0.667
AU,voz,2 BVOD,BVOD,2026-07-13,TREASURE & DIRT,,6,30,BVOD avg audience,420000,ABC,False,0.833
AU,voz,2 BVOD,BVOD,2026-07-20,2026 FIFA WORLD CUP FINAL: ESP V ARG LIVE,,1,30,BVOD avg audience,1529000,SBS,False,1.0
AU,voz,2 BVOD,BVOD,2026-07-20,2026 FIFA WORLD CUP FINAL: ESP V ARG POST-MATCH,,2,30,BVOD avg audience,856000,SBS,False,0.967
AU,voz,2 BVOD,BVOD,2026-07-20,2026 FIFA WORLD CUP FINAL: ESP V ARG PRE-MATCH,,29,30,BVOD avg audience,110000,SBS,False,0.067
AU,voz,2 BVOD,BVOD,2026-07-20,9NEWS,,5,30,BVOD avg audience,237000,Nine,False,0.867
AU,voz,2 BVOD,BVOD,2026-07-20,9NEWS SATURDAY,,26,30,BVOD avg audience,119000,Nine,False,0.167
AU,voz,2 BVOD,BVOD,2026-07-20,9NEWS SUNDAY,,10,30,BVOD avg audience,206000,Nine,False,0.7
AU,voz,2 BVOD,BVOD,2026-07-20,A CURRENT AFFAIR,,12,30,BVOD avg audience,171000,Nine,False,0.633
AU,voz,2 BVOD,BVOD,2026-07-20,ALONE AUSTRALIA,,8,30,BVOD avg audience,211000,SBS,False,0.767
AU,voz,2 BVOD,BVOD,2026-07-20,DOC,,23,30,BVOD avg audience,127000,Seven,False,0.267
AU,voz,2 BVOD,BVOD,2026-07-20,FIRST DATES AUSTRALIA,,13,30,BVOD avg audience,157000,Seven,False,0.6
AU,voz,2 BVOD,BVOD,2026-07-20,FOREIGN CORRESPONDENT,,27,30,BVOD avg audience,119000,ABC,False,0.133
AU,voz,2 BVOD,BVOD,2026-07-20,FOUR CORNERS,,28,30,BVOD avg audience,117000,ABC,False,0.1
AU,voz,2 BVOD,BVOD,2026-07-20,FRIDAY NIGHT NRL LIVE,,30,30,BVOD avg audience,110000,Nine,False,0.033
AU,voz,2 BVOD,BVOD,2026-07-20,GLASGOW 2026 COMMONWEALTH GAMES: DAY 3 EVENING,,16,30,BVOD avg audience,152000,Seven,False,0.5
AU,voz,2 BVOD,BVOD,2026-07-20,GLASGOW 2026 COMMONWEALTH GAMES: DAY 3 NIGHT,,24,30,BVOD avg audience,124000,Seven,False,0.233
AU,voz,2 BVOD,BVOD,2026-07-20,HAVE YOU BEEN PAYING ATTENTION?,,21,30,BVOD avg audience,138000,10,False,0.333
AU,voz,2 BVOD,BVOD,2026-07-20,HOME AND AWAY,,3,30,BVOD avg audience,369000,Seven,False,0.933
AU,voz,2 BVOD,BVOD,2026-07-20,KITCHEN CABINET,,20,30,BVOD avg audience,141000,ABC,False,0.367
AU,voz,2 BVOD,BVOD,2026-07-20,LEGO MASTERS BRICKTACULAR,,15,30,BVOD avg audience,155000,Nine,False,0.533
AU,voz,2 BVOD,BVOD,2026-07-20,MASTERCHEF AUSTRALIA,,6,30,BVOD avg audience,235000,10,False,0.833
AU,voz,2 BVOD,BVOD,2026-07-20,NEW ZEALAND SPY,,11,30,BVOD avg audience,173000,ABC,False,0.667
AU,voz,2 BVOD,BVOD,2026-07-20,SEVEN NEWS,,9,30,BVOD avg audience,208000,Seven,False,0.733
AU,voz,2 BVOD,BVOD,2026-07-20,THE CHASE AUSTRALIA,,25,30,BVOD avg audience,124000,Seven,False,0.2
AU,voz,2 BVOD,BVOD,2026-07-20,THE ROOKIE,,4,30,BVOD avg audience,326000,Seven,False,0.9
AU,voz,2 BVOD,BVOD,2026-07-20,THURSDAY NIGHT NRL LIVE,,19,30,BVOD avg audience,143000,Nine,False,0.4
AU,voz,2 BVOD,BVOD,2026-07-20,TIPPING POINT,,22,30,BVOD avg audience,130000,Nine,False,0.3
AU,voz,2 BVOD,BVOD,2026-07-20,TIPPING POINT AUSTRALIA,,18,30,BVOD avg audience,149000,Nine,False,0.433
AU,voz,2 BVOD,BVOD,2026-07-20,TRAVEL GUIDES,,7,30,BVOD avg audience,231000,Nine,False,0.8
AU,voz,2 BVOD,BVOD,2026-07-20,TREASURE & DIRT,,14,30,BVOD avg audience,157000,ABC,False,0.567
AU,voz,2 BVOD,BVOD,2026-07-20,WOGBALL: AUSTRALIA’S BEAUTIFUL GAME,,17,30,BVOD avg audience,151000,SBS,False,0.467
AU,voz,2 BVOD,BVOD,2026-07-27,9NEWS,,7,30,BVOD avg audience,218000,Nine,False,0.8
AU,voz,2 BVOD,BVOD,2026-07-27,9NEWS SATURDAY,,22,30,BVOD avg audience,119000,Nine,False,0.3
AU,voz,2 BVOD,BVOD,2026-07-27,9NEWS SUNDAY,,10,30,BVOD avg audience,196000,Nine,False,0.7
AU,voz,2 BVOD,BVOD,2026-07-27,A CURRENT AFFAIR,,13,30,BVOD avg audience,165000,Nine,False,0.6
AU,voz,2 BVOD,BVOD,2026-07-27,ALONE AUSTRALIA,,6,30,BVOD avg audience,221000,SBS,False,0.833
AU,voz,2 BVOD,BVOD,2026-07-27,AUSTRALIAN STORY,,23,30,BVOD avg audience,119000,ABC,False,0.267
AU,voz,2 BVOD,BVOD,2026-07-27,FARMER WANTS A WIFE,,1,30,BVOD avg audience,457000,Seven,False,1.0
AU,voz,2 BVOD,BVOD,2026-07-27,FOUR CORNERS,,5,30,BVOD avg audience,227000,ABC,False,0.867
AU,voz,2 BVOD,BVOD,2026-07-27,FRIDAY NIGHT NRL LIVE,,20,30,BVOD avg audience,127000,Nine,False,0.367
AU,voz,2 BVOD,BVOD,2026-07-27,GLASGOW 2026 COMMONWEALTH GAMES: DAY 4 EVENING,,16,30,BVOD avg audience,149000,Seven,False,0.5
AU,voz,2 BVOD,BVOD,2026-07-27,GLASGOW 2026 COMMONWEALTH GAMES: DAY 4 NIGHT,,17,30,BVOD avg audience,149000,Seven,False,0.467
AU,voz,2 BVOD,BVOD,2026-07-27,GLASGOW 2026 COMMONWEALTH GAMES: DAY 5 EVENING,,15,30,BVOD avg audience,157000,Seven,False,0.533
AU,voz,2 BVOD,BVOD,2026-07-27,GLASGOW 2026 COMMONWEALTH GAMES: DAY 5 NIGHT,,12,30,BVOD avg audience,167000,Seven,False,0.633
AU,voz,2 BVOD,BVOD,2026-07-27,GLASGOW 2026 COMMONWEALTH GAMES: DAY 6 EVENING,,14,30,BVOD avg audience,159000,Seven,False,0.567
AU,voz,2 BVOD,BVOD,2026-07-27,GLASGOW 2026 COMMONWEALTH GAMES: DAY 6 NIGHT,,11,30,BVOD avg audience,174000,Seven,False,0.667
AU,voz,2 BVOD,BVOD,2026-07-27,GLASGOW 2026 COMMONWEALTH GAMES: DAY 7 NIGHT,,24,30,BVOD avg audience,108000,Seven,False,0.233
AU,voz,2 BVOD,BVOD,2026-07-27,GLASGOW 2026 COMMONWEALTH GAMES: DAY 9 LATE,,27,30,BVOD avg audience,101000,Seven,False,0.133
AU,voz,2 BVOD,BVOD,2026-07-27,GRANTCHESTER,,30,30,BVOD avg audience,96000,ABC,False,0.033
AU,voz,2 BVOD,BVOD,2026-07-27,HAVE YOU BEEN PAYING ATTENTION?,,19,30,BVOD avg audience,136000,10,False,0.4
AU,voz,2 BVOD,BVOD,2026-07-27,MASTERCHEF AUSTRALIA,,4,30,BVOD avg audience,235000,10,False,0.9
AU,voz,2 BVOD,BVOD,2026-07-27,RACE AROUND THE WORLD,,28,30,BVOD avg audience,99000,ABC,False,0.1
AU,voz,2 BVOD,BVOD,2026-07-27,SEVEN NEWS,,9,30,BVOD avg audience,207000,Seven,False,0.733
AU,voz,2 BVOD,BVOD,2026-07-27,SEVEN’S AFL: THURSDAY NIGHT FOOTBALL,,26,30,BVOD avg audience,102000,Seven,False,0.167
AU,voz,2 BVOD,BVOD,2026-07-27,SUNDAY AFTERNOON NRL LIVE,,29,30,BVOD avg audience,99000,Nine,False,0.067
AU,voz,2 BVOD,BVOD,2026-07-27,THE BLOCK,,2,30,BVOD avg audience,421000,Nine,False,0.967
AU,voz,2 BVOD,BVOD,2026-07-27,THE CHASE AUSTRALIA,,25,30,BVOD avg audience,104000,Seven,False,0.2
AU,voz,2 BVOD,BVOD,2026-07-27,THE VOICE,,3,30,BVOD avg audience,353000,Seven,False,0.933
AU,voz,2 BVOD,BVOD,2026-07-27,THURSDAY NIGHT NRL LIVE,,21,30,BVOD avg audience,127000,Nine,False,0.333
AU,voz,2 BVOD,BVOD,2026-07-27,TIPPING POINT AUSTRALIA,,18,30,BVOD avg audience,139000,Nine,False,0.433
AU,voz,2 BVOD,BVOD,2026-07-27,TRAVEL GUIDES,,8,30,BVOD avg audience,210000,Nine,False,0.767
AU,voz,2 BVOD,BVOD,2026-08-03,60 MINUTES,,11,30,BVOD avg audience,158000,Nine,False,0.667
AU,voz,2 BVOD,BVOD,2026-08-03,9NEWS,,7,30,BVOD avg audience,234000,Nine,False,0.8
AU,voz,2 BVOD,BVOD,2026-08-03,9NEWS SATURDAY,,17,30,BVOD avg audience,120000,Nine,False,0.467
AU,voz,2 BVOD,BVOD,2026-08-03,9NEWS SUNDAY,,8,30,BVOD avg audience,226000,Nine,False,0.767
AU,voz,2 BVOD,BVOD,2026-08-03,A CURRENT AFFAIR,,10,30,BVOD avg audience,202000,Nine,False,0.7
AU,voz,2 BVOD,BVOD,2026-08-03,ALONE AUSTRALIA,,4,30,BVOD avg audience,250000,SBS,False,0.9
AU,voz,2 BVOD,BVOD,2026-08-03,AUSTRALIAN STORY,,26,30,BVOD avg audience,83000,ABC,False,0.167
AU,voz,2 BVOD,BVOD,2026-08-03,FOUR CORNERS,,12,30,BVOD avg audience,154000,ABC,False,0.633
AU,voz,2 BVOD,BVOD,2026-08-03,FRIDAY NIGHT NRL LIVE,,15,30,BVOD avg audience,136000,Nine,False,0.533
AU,voz,2 BVOD,BVOD,2026-08-03,HAVE YOU BEEN PAYING ATTENTION?,,13,30,BVOD avg audience,147000,10,False,0.6
AU,voz,2 BVOD,BVOD,2026-08-03,HOME AND AWAY,,2,30,BVOD avg audience,396000,Seven,False,0.967
AU,voz,2 BVOD,BVOD,2026-08-03,INSIDERS,,24,30,BVOD avg audience,93000,ABC,False,0.233
AU,voz,2 BVOD,BVOD,2026-08-03,KITCHEN CABINET,,25,30,BVOD avg audience,88000,ABC,False,0.2
AU,voz,2 BVOD,BVOD,2026-08-03,MADONNA & GRAHAM,,28,30,BVOD avg audience,81000,Seven,False,0.1
AU,voz,2 BVOD,BVOD,2026-08-03,MASTERCHEF AUSTRALIA,,6,30,BVOD avg audience,236000,10,False,0.833
AU,voz,2 BVOD,BVOD,2026-08-03,RACE AROUND THE WORLD,,18,30,BVOD avg audience,109000,ABC,False,0.433
AU,voz,2 BVOD,BVOD,2026-08-03,SEVEN NEWS,,9,30,BVOD avg audience,207000,Seven,False,0.733
AU,voz,2 BVOD,BVOD,2026-08-03,SEVEN’S AFL: FRIDAY NIGHT FOOTBALL,,19,30,BVOD avg audience,106000,Seven,False,0.4
AU,voz,2 BVOD,BVOD,2026-08-03,SEVEN’S AFL: THURSDAY NIGHT FOOTBALL,,27,30,BVOD avg audience,83000,Seven,False,0.133
AU,voz,2 BVOD,BVOD,2026-08-03,SUNDAY AFTERNOON NRL LIVE,,20,30,BVOD avg audience,105000,Nine,False,0.367
AU,voz,2 BVOD,BVOD,2026-08-03,SUNRISE,,29,30,BVOD avg audience,77000,Seven,False,0.067
AU,voz,2 BVOD,BVOD,2026-08-03,THE 1% CLUB UK,,23,30,BVOD avg audience,95000,Seven,False,0.267
AU,voz,2 BVOD,BVOD,2026-08-03,THE BLOCK,,1,30,BVOD avg audience,523000,Nine,False,1.0
AU,voz,2 BVOD,BVOD,2026-08-03,THE CHASE AUSTRALIA,,22,30,BVOD avg audience,102000,Seven,False,0.3
AU,voz,2 BVOD,BVOD,2026-08-03,THE F WARD,,30,30,BVOD avg audience,77000,Nine,False,0.033
AU,voz,2 BVOD,BVOD,2026-08-03,THE FRONT BAR,,21,30,BVOD avg audience,103000,Seven,False,0.333
AU,voz,2 BVOD,BVOD,2026-08-03,THE TRAITORS AUSTRALIA,,5,30,BVOD avg audience,239000,10,False,0.867
AU,voz,2 BVOD,BVOD,2026-08-03,THE VOICE,,3,30,BVOD avg audience,347000,Seven,False,0.933
AU,voz,2 BVOD,BVOD,2026-08-03,THURSDAY NIGHT NRL LIVE,,16,30,BVOD avg audience,124000,Nine,False,0.5
AU,voz,2 BVOD,BVOD,2026-08-03,TIPPING POINT AUSTRALIA,,14,30,BVOD avg audience,145000,Nine,False,0.567
AU,voz,2 BVOD,BVOD,2026-08-10,60 MINUTES,,16,30,BVOD avg audience,136000,Nine,False,0.5
AU,voz,2 BVOD,BVOD,2026-08-10,9NEWS,,7,30,BVOD avg audience,236000,Nine,False,0.8
AU,voz,2 BVOD,BVOD,2026-08-10,9NEWS SATURDAY,,19,30,BVOD avg audience,123000,Nine,False,0.4
AU,voz,2 BVOD,BVOD,2026-08-10,9NEWS SUNDAY,,9,30,BVOD avg audience,217000,Nine,False,0.733
AU,voz,2 BVOD,BVOD,2026-08-10,A CURRENT AFFAIR,,11,30,BVOD avg audience,199000,Nine,False,0.667
AU,voz,2 BVOD,BVOD,2026-08-10,ALONE AUSTRALIA,,5,30,BVOD avg audience,271000,SBS,False,0.867
AU,voz,2 BVOD,BVOD,2026-08-10,AUSTRALIAN STORY,,29,30,BVOD avg audience,83000,ABC,False,0.067
AU,voz,2 BVOD,BVOD,2026-08-10,BANJO AND RO’S GRAND ISLAND HOTEL,,27,30,BVOD avg audience,88000,Nine,False,0.133
AU,voz,2 BVOD,BVOD,2026-08-10,FOUR CORNERS,,28,30,BVOD avg audience,87000,ABC,False,0.1
AU,voz,2 BVOD,BVOD,2026-08-10,FRIDAY NIGHT NRL LIVE,,17,30,BVOD avg audience,132000,Nine,False,0.467
AU,voz,2 BVOD,BVOD,2026-08-10,HAVE YOU BEEN PAYING ATTENTION?,,18,30,BVOD avg audience,124000,10,False,0.433
AU,voz,2 BVOD,BVOD,2026-08-10,HOME AND AWAY,,2,30,BVOD avg audience,390000,Seven,False,0.967
AU,voz,2 BVOD,BVOD,2026-08-10,INSIDERS,,30,30,BVOD avg audience,76000,ABC,False,0.033
AU,voz,2 BVOD,BVOD,2026-08-10,LOGIES RED CARPET,,13,30,BVOD avg audience,182000,Seven,False,0.6
AU,voz,2 BVOD,BVOD,2026-08-10,PORTRAIT ARTIST OF THE YEAR,,14,30,BVOD avg audience,149000,ABC,False,0.567
AU,voz,2 BVOD,BVOD,2026-08-10,SATURDAY NIGHT NRL LIVE,,26,30,BVOD avg audience,93000,Nine,False,0.167
AU,voz,2 BVOD,BVOD,2026-08-10,SEVEN NEWS,,10,30,BVOD avg audience,208000,Seven,False,0.7
AU,voz,2 BVOD,BVOD,2026-08-10,SEVEN’S AFL: FRIDAY NIGHT FOOTBALL,,20,30,BVOD avg audience,122000,Seven,False,0.367
AU,voz,2 BVOD,BVOD,2026-08-10,SUNDAY AFTERNOON NRL LIVE,,25,30,BVOD avg audience,97000,Nine,False,0.2
AU,voz,2 BVOD,BVOD,2026-08-10,THE 1% CLUB UK,,22,30,BVOD avg audience,108000,Seven,False,0.3
AU,voz,2 BVOD,BVOD,2026-08-10,THE 66TH TV WEEK LOGIE AWARDS,,21,30,BVOD avg audience,110000,Seven,False,0.333
AU,voz,2 BVOD,BVOD,2026-08-10,THE 66TH TV WEEK LOGIE AWARDS 2026,,6,30,BVOD avg audience,248000,Seven,False,0.833
AU,voz,2 BVOD,BVOD,2026-08-10,THE BLOCK,,1,30,BVOD avg audience,504000,Nine,False,1.0
AU,voz,2 BVOD,BVOD,2026-08-10,THE CHASE AUSTRALIA,,23,30,BVOD avg audience,102000,Seven,False,0.267
AU,voz,2 BVOD,BVOD,2026-08-10,THE FRONT BAR,,24,30,BVOD avg audience,100000,Seven,False,0.233
AU,voz,2 BVOD,BVOD,2026-08-10,THE ROOKIE,,4,30,BVOD avg audience,315000,Seven,False,0.9
AU,voz,2 BVOD,BVOD,2026-08-10,THE TRAITORS AUSTRALIA,,8,30,BVOD avg audience,227000,10,False,0.767
AU,voz,2 BVOD,BVOD,2026-08-10,THE VOICE,,3,30,BVOD avg audience,339000,Seven,False,0.933
AU,voz,2 BVOD,BVOD,2026-08-10,THURSDAY NIGHT NRL LIVE,,12,30,BVOD avg audience,194000,Nine,False,0.633
AU,voz,2 BVOD,BVOD,2026-08-10,TIPPING POINT AUSTRALIA,,15,30,BVOD avg audience,148000,Nine,False,0.533
AU,voz,2 BVOD,BVOD,2026-08-17,60 MINUTES,,13,30,BVOD avg audience,137000,Nine,False,0.6
AU,voz,2 BVOD,BVOD,2026-08-17,9NEWS,,6,30,BVOD avg audience,236000,Nine,False,0.833
AU,voz,2 BVOD,BVOD,2026-08-17,9NEWS SATURDAY,,16,30,BVOD avg audience,119000,Nine,False,0.5
AU,voz,2 BVOD,BVOD,2026-08-17,9NEWS SUNDAY,,7,30,BVOD avg audience,234000,Nine,False,0.8
AU,voz,2 BVOD,BVOD,2026-08-17,A CURRENT AFFAIR,,10,30,BVOD avg audience,190000,Nine,False,0.7
AU,voz,2 BVOD,BVOD,2026-08-17,ABC NEWS,,30,30,BVOD avg audience,73000,ABC,False,0.033
AU,voz,2 BVOD,BVOD,2026-08-17,ALONE AUSTRALIA,,5,30,BVOD avg audience,258000,SBS,False,0.867
AU,voz,2 BVOD,BVOD,2026-08-17,AUSTRALIAN STORY,,18,30,BVOD avg audience,118000,ABC,False,0.433
AU,voz,2 BVOD,BVOD,2026-08-17,BANJO AND RO’S GRAND ISLAND HOTEL,,25,30,BVOD avg audience,87000,Nine,False,0.2
AU,voz,2 BVOD,BVOD,2026-08-17,FOREIGN CORRESPONDENT,,28,30,BVOD avg audience,78000,ABC,False,0.1
AU,voz,2 BVOD,BVOD,2026-08-17,FOUR CORNERS,,19,30,BVOD avg audience,116000,ABC,False,0.4
AU,voz,2 BVOD,BVOD,2026-08-17,FRIDAY NIGHT NRL LIVE,,17,30,BVOD avg audience,119000,Nine,False,0.467
AU,voz,2 BVOD,BVOD,2026-08-17,GOGGLEBOX,,14,30,BVOD avg audience,132000,10,False,0.567
AU,voz,2 BVOD,BVOD,2026-08-17,HAVE YOU BEEN PAYING ATTENTION?,,15,30,BVOD avg audience,131000,10,False,0.533
AU,voz,2 BVOD,BVOD,2026-08-17,HOME AND AWAY,,2,30,BVOD avg audience,419000,Seven,False,0.967
AU,voz,2 BVOD,BVOD,2026-08-17,INSIDERS,,29,30,BVOD avg audience,77000,ABC,False,0.067
AU,voz,2 BVOD,BVOD,2026-08-17,PLANET AMERICA-LE,,27,30,BVOD avg audience,79000,ABC,False,0.133
AU,voz,2 BVOD,BVOD,2026-08-17,PORTRAIT ARTIST OF THE YEAR,,26,30,BVOD avg audience,82000,ABC,False,0.167
AU,voz,2 BVOD,BVOD,2026-08-17,SEVEN NEWS,,9,30,BVOD avg audience,211000,Seven,False,0.733
AU,voz,2 BVOD,BVOD,2026-08-17,SEVEN’S AFL: FRIDAY NIGHT FOOTBALL,,22,30,BVOD avg audience,104000,Seven,False,0.3
AU,voz,2 BVOD,BVOD,2026-08-17,SUNDAY AFTERNOON NRL LIVE,,23,30,BVOD avg audience,104000,Nine,False,0.267
AU,voz,2 BVOD,BVOD,2026-08-17,THE 1% CLUB UK,,21,30,BVOD avg audience,113000,Seven,False,0.333
AU,voz,2 BVOD,BVOD,2026-08-17,THE BLOCK,,1,30,BVOD avg audience,492000,Nine,False,1.0
AU,voz,2 BVOD,BVOD,2026-08-17,THE CHASE AUSTRALIA,,24,30,BVOD avg audience,101000,Seven,False,0.233
AU,voz,2 BVOD,BVOD,2026-08-17,THE FRONT BAR,,20,30,BVOD avg audience,115000,Seven,False,0.367
AU,voz,2 BVOD,BVOD,2026-08-17,THE ROOKIE,,4,30,BVOD avg audience,317000,Seven,False,0.9
AU,voz,2 BVOD,BVOD,2026-08-17,THE TRAITORS AUSTRALIA,,8,30,BVOD avg audience,233000,10,False,0.767
AU,voz,2 BVOD,BVOD,2026-08-17,THE VOICE,,3,30,BVOD avg audience,349000,Seven,False,0.933
AU,voz,2 BVOD,BVOD,2026-08-17,THURSDAY NIGHT NRL LIVE,,11,30,BVOD avg audience,159000,Nine,False,0.667
AU,voz,2 BVOD,BVOD,2026-08-17,TIPPING POINT AUSTRALIA,,12,30,BVOD avg audience,147000,Nine,False,0.633
AU,voz,2 BVOD,BVOD,2026-08-24,60 MINUTES,,10,30,BVOD avg audience,220000,Nine,False,0.7
AU,voz,2 BVOD,BVOD,2026-08-24,7NEWS SPOTLIGHT,,23,30,BVOD avg audience,107000,Seven,False,0.267
AU,voz,2 BVOD,BVOD,2026-08-24,9NEWS,,8,30,BVOD avg audience,230000,Nine,False,0.767
AU,voz,2 BVOD,BVOD,2026-08-24,9NEWS SATURDAY,,20,30,BVOD avg audience,125000,Nine,False,0.367
AU,voz,2 BVOD,BVOD,2026-08-24,9NEWS SUNDAY,,9,30,BVOD avg audience,228000,Nine,False,0.733
AU,voz,2 BVOD,BVOD,2026-08-24,A CURRENT AFFAIR,,13,30,BVOD avg audience,192000,Nine,False,0.6
AU,voz,2 BVOD,BVOD,2026-08-24,AFL: LEGENDS GAME FOR PROSTRATE CANCER,,12,30,BVOD avg audience,196000,Seven,False,0.633
AU,voz,2 BVOD,BVOD,2026-08-24,ALONE AUSTRALIA,,6,30,BVOD avg audience,240000,SBS,False,0.833
AU,voz,2 BVOD,BVOD,2026-08-24,AUSTRALIAN STORY,,22,30,BVOD avg audience,110000,ABC,False,0.3
AU,voz,2 BVOD,BVOD,2026-08-24,FRIDAY NIGHT NRL LIVE,,17,30,BVOD avg audience,150000,Nine,False,0.467
AU,voz,2 BVOD,BVOD,2026-08-24,GOGGLEBOX,,19,30,BVOD avg audience,130000,10,False,0.4
AU,voz,2 BVOD,BVOD,2026-08-24,HAVE YOU BEEN PAYING ATTENTION?,,21,30,BVOD avg audience,118000,10,False,0.333
AU,voz,2 BVOD,BVOD,2026-08-24,HOME AND AWAY,,2,30,BVOD avg audience,386000,Seven,False,0.967
AU,voz,2 BVOD,BVOD,2026-08-24,INSIDERS,,30,30,BVOD avg audience,83000,ABC,False,0.033
AU,voz,2 BVOD,BVOD,2026-08-24,PLANET AMERICA-LE,,29,30,BVOD avg audience,84000,ABC,False,0.067
AU,voz,2 BVOD,BVOD,2026-08-24,SEVEN NEWS,,11,30,BVOD avg audience,201000,Seven,False,0.667
AU,voz,2 BVOD,BVOD,2026-08-24,SEVEN’S AFL: FRIDAY NIGHT FOOTBALL FINALS,,14,30,BVOD avg audience,172000,Seven,False,0.567
AU,voz,2 BVOD,BVOD,2026-08-24,SEVEN’S AFL: SATURDAY NIGHT FOOTBALL FINALS,,16,30,BVOD avg audience,159000,Seven,False,0.5
AU,voz,2 BVOD,BVOD,2026-08-24,SUNDAY AFTERNOON NRL LIVE,,26,30,BVOD avg audience,100000,Nine,False,0.167
AU,voz,2 BVOD,BVOD,2026-08-24,THE 1% CLUB UK,,24,30,BVOD avg audience,107000,Seven,False,0.233
AU,voz,2 BVOD,BVOD,2026-08-24,THE AIRPORT CHAPLAIN,,5,30,BVOD avg audience,253000,SBS,False,0.867
AU,voz,2 BVOD,BVOD,2026-08-24,THE BLOCK,,1,30,BVOD avg audience,485000,Nine,False,1.0
AU,voz,2 BVOD,BVOD,2026-08-24,THE CAGE,,28,30,BVOD avg audience,88000,ABC,False,0.1
AU,voz,2 BVOD,BVOD,2026-08-24,THE CHASE AUSTRALIA,,27,30,BVOD avg audience,97000,Seven,False,0.133
AU,voz,2 BVOD,BVOD,2026-08-24,THE FRONT BAR,,25,30,BVOD avg audience,102000,Seven,False,0.2
AU,voz,2 BVOD,BVOD,2026-08-24,THE ROOKIE,,4,30,BVOD avg audience,319000,Seven,False,0.9
AU,voz,2 BVOD,BVOD,2026-08-24,THE TRAITORS AUSTRALIA,,7,30,BVOD avg audience,239000,10,False,0.8
AU,voz,2 BVOD,BVOD,2026-08-24,THE VOICE,,3,30,BVOD avg audience,329000,Seven,False,0.933
AU,voz,2 BVOD,BVOD,2026-08-24,THURSDAY NIGHT NRL LIVE,,15,30,BVOD avg audience,162000,Nine,False,0.533
AU,voz,2 BVOD,BVOD,2026-08-24,TIPPING POINT AUSTRALIA,,18,30,BVOD avg audience,145000,Nine,False,0.433
AU,voz,2 BVOD,BVOD,2026-08-31,60 MINUTES,,24,30,BVOD avg audience,114000,Nine,False,0.233
AU,voz,2 BVOD,BVOD,2026-08-31,7NEWS SPOTLIGHT,,14,30,BVOD avg audience,157000,Seven,False,0.567
AU,voz,2 BVOD,BVOD,2026-08-31,9NEWS,,7,30,BVOD avg audience,224000,Nine,False,0.8
AU,voz,2 BVOD,BVOD,2026-08-31,9NEWS SATURDAY,,20,30,BVOD avg audience,126000,Nine,False,0.367
AU,voz,2 BVOD,BVOD,2026-08-31,9NEWS SUNDAY,,8,30,BVOD avg audience,219000,Nine,False,0.767
AU,voz,2 BVOD,BVOD,2026-08-31,A CURRENT AFFAIR,,12,30,BVOD avg audience,184000,Nine,False,0.633
AU,voz,2 BVOD,BVOD,2026-08-31,ALONE AUSTRALIA,,6,30,BVOD avg audience,237000,SBS,False,0.833
AU,voz,2 BVOD,BVOD,2026-08-31,AUSTRALIAN STORY,,23,30,BVOD avg audience,115000,ABC,False,0.267
AU,voz,2 BVOD,BVOD,2026-08-31,FIRST DATES AUSTRALIA,,25,30,BVOD avg audience,108000,Seven,False,0.2
AU,voz,2 BVOD,BVOD,2026-08-31,FRIDAY NIGHT NRL LIVE,,15,30,BVOD avg audience,157000,Nine,False,0.533
AU,voz,2 BVOD,BVOD,2026-08-31,GOGGLEBOX,,19,30,BVOD avg audience,129000,10,False,0.4
AU,voz,2 BVOD,BVOD,2026-08-31,HAVE YOU BEEN PAYING ATTENTION?,,22,30,BVOD avg audience,120000,10,False,0.3
AU,voz,2 BVOD,BVOD,2026-08-31,HOME AND AWAY,,2,30,BVOD avg audience,385000,Seven,False,0.967
AU,voz,2 BVOD,BVOD,2026-08-31,SEVEN NEWS,,11,30,BVOD avg audience,198000,Seven,False,0.667
AU,voz,2 BVOD,BVOD,2026-08-31,SEVEN’S AFL: FRIDAY NIGHT FOOTBALL FINALS,,9,30,BVOD avg audience,209000,Seven,False,0.733
AU,voz,2 BVOD,BVOD,2026-08-31,SEVEN’S AFL: SATURDAY AFTERNOON FOOTBALL FINALS,,21,30,BVOD avg audience,125000,Seven,False,0.333
AU,voz,2 BVOD,BVOD,2026-08-31,SEVEN’S AFL: SATURDAY NIGHT FOOTBALL FINALS,,16,30,BVOD avg audience,154000,Seven,False,0.5
AU,voz,2 BVOD,BVOD,2026-08-31,SEVEN’S AFL: THURSDAY NIGHT FOOTBALL FINALS,,10,30,BVOD avg audience,200000,Seven,False,0.7
AU,voz,2 BVOD,BVOD,2026-08-31,STEVE IRWIN: A WILD LIFE,,13,30,BVOD avg audience,182000,Nine,False,0.6
AU,voz,2 BVOD,BVOD,2026-08-31,SUNDAY AFTERNOON NRL LIVE,,26,30,BVOD avg audience,106000,Nine,False,0.167
AU,voz,2 BVOD,BVOD,2026-08-31,THE 1% CLUB UK,,27,30,BVOD avg audience,102000,Seven,False,0.133
AU,voz,2 BVOD,BVOD,2026-08-31,THE BLOCK,,1,30,BVOD avg audience,491000,Nine,False,1.0
AU,voz,2 BVOD,BVOD,2026-08-31,THE CHASE AUSTRALIA,,30,30,BVOD avg audience,95000,Seven,False,0.033
AU,voz,2 BVOD,BVOD,2026-08-31,THE FRONT BAR,,28,30,BVOD avg audience,101000,Seven,False,0.1
AU,voz,2 BVOD,BVOD,2026-08-31,THE ROOKIE,,4,30,BVOD avg audience,307000,Seven,False,0.9
AU,voz,2 BVOD,BVOD,2026-08-31,THE TRAITORS AUSTRALIA,,5,30,BVOD avg audience,245000,10,False,0.867
AU,voz,2 BVOD,BVOD,2026-08-31,THE VOICE,,3,30,BVOD avg audience,349000,Seven,False,0.933
AU,voz,2 BVOD,BVOD,2026-08-31,THURSDAY NIGHT NRL LIVE,,17,30,BVOD avg audience,145000,Nine,False,0.467
AU,voz,2 BVOD,BVOD,2026-08-31,TIPPING POINT AUSTRALIA,,18,30,BVOD avg audience,136000,Nine,False,0.433
AU,voz,2 BVOD,BVOD,2026-08-31,TRAVEL GUIDES,,29,30,BVOD avg audience,96000,Nine,False,0.067
AU,voz,2 BVOD,BVOD,2026-09-07,60 MINUTES,,20,30,BVOD avg audience,138000,Nine,False,0.367
AU,voz,2 BVOD,BVOD,2026-09-07,70 YEARS OF TELEVISION,,30,30,BVOD avg audience,94000,Nine,False,0.033
AU,voz,2 BVOD,BVOD,2026-09-07,9NEWS,,10,30,BVOD avg audience,225000,Nine,False,0.7
AU,voz,2 BVOD,BVOD,2026-09-07,9NEWS SATURDAY,,13,30,BVOD avg audience,203000,Nine,False,0.6
AU,voz,2 BVOD,BVOD,2026-09-07,9NEWS SUNDAY,,5,30,BVOD avg audience,272000,Nine,False,0.867
AU,voz,2 BVOD,BVOD,2026-09-07,A CURRENT AFFAIR,,16,30,BVOD avg audience,187000,Nine,False,0.5
AU,voz,2 BVOD,BVOD,2026-09-07,ALONE AUSTRALIA,,9,30,BVOD avg audience,236000,SBS,False,0.733
AU,voz,2 BVOD,BVOD,2026-09-07,DEATH VALLEY,,27,30,BVOD avg audience,99000,ABC,False,0.133
AU,voz,2 BVOD,BVOD,2026-09-07,FIRST DATES AUSTRALIA,,22,30,BVOD avg audience,125000,Seven,False,0.3
AU,voz,2 BVOD,BVOD,2026-09-07,FOUR CORNERS,,29,30,BVOD avg audience,95000,ABC,False,0.067
AU,voz,2 BVOD,BVOD,2026-09-07,GOGGLEBOX,,24,30,BVOD avg audience,118000,10,False,0.233
AU,voz,2 BVOD,BVOD,2026-09-07,HAVE YOU BEEN PAYING ATTENTION?,,23,30,BVOD avg audience,120000,10,False,0.267
AU,voz,2 BVOD,BVOD,2026-09-07,HOME AND AWAY,,2,30,BVOD avg audience,373000,Seven,False,0.967
AU,voz,2 BVOD,BVOD,2026-09-07,NFL,,19,30,BVOD avg audience,160000,Seven,False,0.4
AU,voz,2 BVOD,BVOD,2026-09-07,NRL LIVE FINAL SERIES EF1,,7,30,BVOD avg audience,243000,Nine,False,0.8
AU,voz,2 BVOD,BVOD,2026-09-07,NRL LIVE FINAL SERIES EF2,,14,30,BVOD avg audience,199000,Nine,False,0.567
AU,voz,2 BVOD,BVOD,2026-09-07,NRL LIVE FINAL SERIES QF1,,17,30,BVOD avg audience,187000,Nine,False,0.467
AU,voz,2 BVOD,BVOD,2026-09-07,NRL LIVE FINAL SERIES QF2,,6,30,BVOD avg audience,249000,Nine,False,0.833
AU,voz,2 BVOD,BVOD,2026-09-07,SEVEN NEWS,,15,30,BVOD avg audience,199000,Seven,False,0.533
AU,voz,2 BVOD,BVOD,2026-09-07,SEVEN’S AFL: FRIDAY NIGHT FOOTBALL FINALS,,8,30,BVOD avg audience,242000,Seven,False,0.767
AU,voz,2 BVOD,BVOD,2026-09-07,SEVEN’S AFL: SATURDAY NIGHT FOOTBALL FINALS,,18,30,BVOD avg audience,172000,Seven,False,0.433
AU,voz,2 BVOD,BVOD,2026-09-07,THE 1% CLUB UK,,26,30,BVOD avg audience,106000,Seven,False,0.167
AU,voz,2 BVOD,BVOD,2026-09-07,THE BLOCK,,1,30,BVOD avg audience,480000,Nine,False,1.0
AU,voz,2 BVOD,BVOD,2026-09-07,THE FRONT BAR,,25,30,BVOD avg audience,107000,Seven,False,0.2
AU,voz,2 BVOD,BVOD,2026-09-07,THE ROOKIE,,4,30,BVOD avg audience,329000,Seven,False,0.9
AU,voz,2 BVOD,BVOD,2026-09-07,THE TRAITORS AUSTRALIA,,12,30,BVOD avg audience,220000,10,False,0.633
AU,voz,2 BVOD,BVOD,2026-09-07,THE TRAITORS AUSTRALIA GRAND FINALE,,11,30,BVOD avg audience,222000,10,False,0.667
AU,voz,2 BVOD,BVOD,2026-09-07,THE VOICE,,3,30,BVOD avg audience,341000,Seven,False,0.933
AU,voz,2 BVOD,BVOD,2026-09-07,TIPPING POINT AUSTRALIA,,21,30,BVOD avg audience,138000,Nine,False,0.333
AU,voz,2 BVOD,BVOD,2026-09-07,TRAVEL GUIDES,,28,30,BVOD avg audience,99000,Nine,False,0.1
AU,voz,2 BVOD,BVOD,2026-09-14,60 MINUTES,,14,30,BVOD avg audience,143000,Nine,False,0.567
AU,voz,2 BVOD,BVOD,2026-09-14,70 YEARS OF TELEVISION,,23,30,BVOD avg audience,99000,Nine,False,0.267
AU,voz,2 BVOD,BVOD,2026-09-14,7NEWS SPOTLIGHT,,28,30,BVOD avg audience,79000,Seven,False,0.1
AU,voz,2 BVOD,BVOD,2026-09-14,9NEWS,,10,30,BVOD avg audience,220000,Nine,False,0.7
AU,voz,2 BVOD,BVOD,2026-09-14,9NEWS SATURDAY,,13,30,BVOD avg audience,144000,Nine,False,0.6
AU,voz,2 BVOD,BVOD,2026-09-14,9NEWS SUNDAY,,8,30,BVOD avg audience,287000,Nine,False,0.767
AU,voz,2 BVOD,BVOD,2026-09-14,A CURRENT AFFAIR,,12,30,BVOD avg audience,176000,Nine,False,0.633
AU,voz,2 BVOD,BVOD,2026-09-14,ABC NATIONAL FORUM,,30,30,BVOD avg audience,70000,ABC,False,0.033
AU,voz,2 BVOD,BVOD,2026-09-14,AUSTRALIAN STORY,,20,30,BVOD avg audience,113000,ABC,False,0.367
AU,voz,2 BVOD,BVOD,2026-09-14,FIRST DATES AUSTRALIA,,15,30,BVOD avg audience,135000,Seven,False,0.533
AU,voz,2 BVOD,BVOD,2026-09-14,FOREIGN CORRESPONDENT,,24,30,BVOD avg audience,91000,ABC,False,0.233
AU,voz,2 BVOD,BVOD,2026-09-14,GOGGLEBOX,,19,30,BVOD avg audience,115000,10,False,0.4
AU,voz,2 BVOD,BVOD,2026-09-14,HAVE YOU BEEN PAYING ATTENTION?,,17,30,BVOD avg audience,121000,10,False,0.467
AU,voz,2 BVOD,BVOD,2026-09-14,HOME AND AWAY,,2,30,BVOD avg audience,360000,Seven,False,0.967
AU,voz,2 BVOD,BVOD,2026-09-14,INSIDERS,,29,30,BVOD avg audience,72000,ABC,False,0.067
AU,voz,2 BVOD,BVOD,2026-09-14,NRL LIVE FINAL SERIES SF1,,9,30,BVOD avg audience,240000,Nine,False,0.733
AU,voz,2 BVOD,BVOD,2026-09-14,NRL LIVE FINAL SERIES SF2,,6,30,BVOD avg audience,292000,Nine,False,0.833
AU,voz,2 BVOD,BVOD,2026-09-14,PLANET AMERICA-LE,,26,30,BVOD avg audience,87000,ABC,False,0.167
AU,voz,2 BVOD,BVOD,2026-09-14,SEVEN NEWS,,11,30,BVOD avg audience,189000,Seven,False,0.667
AU,voz,2 BVOD,BVOD,2026-09-14,SEVEN’S AFL: FRIDAY NIGHT FOOTBALL FINALS,,5,30,BVOD avg audience,322000,Seven,False,0.867
AU,voz,2 BVOD,BVOD,2026-09-14,SEVEN’S AFL: SATURDAY NIGHT FOOTBALL FINALS,,7,30,BVOD avg audience,290000,Seven,False,0.8
AU,voz,2 BVOD,BVOD,2026-09-14,THE 1% CLUB UK,,22,30,BVOD avg audience,104000,Seven,False,0.3
AU,voz,2 BVOD,BVOD,2026-09-14,THE BLOCK,,1,30,BVOD avg audience,507000,Nine,False,1.0
AU,voz,2 BVOD,BVOD,2026-09-14,THE CHASE AUSTRALIA,,25,30,BVOD avg audience,91000,Seven,False,0.2
AU,voz,2 BVOD,BVOD,2026-09-14,THE FRONT BAR,,21,30,BVOD avg audience,108000,Seven,False,0.333
AU,voz,2 BVOD,BVOD,2026-09-14,THE ROOKIE,,4,30,BVOD avg audience,323000,Seven,False,0.9
AU,voz,2 BVOD,BVOD,2026-09-14,THE VOICE,,3,30,BVOD avg audience,357000,Seven,False,0.933
AU,voz,2 BVOD,BVOD,2026-09-14,TIPPING POINT AUSTRALIA,,16,30,BVOD avg audience,134000,Nine,False,0.5
AU,voz,2 BVOD,BVOD,2026-09-14,TIPPING POINT: 70 YEARS OF TV,,18,30,BVOD avg audience,118000,Nine,False,0.433
AU,voz,2 BVOD,BVOD,2026-09-14,TRAVEL GUIDES,,27,30,BVOD avg audience,86000,Nine,False,0.133
AU,voz,2 BVOD,BVOD,2026-09-21,2026 AFL BROWNLOW MEDAL,,7,30,BVOD avg audience,414000,Seven,False,0.8
AU,voz,2 BVOD,BVOD,2026-09-21,9NEWS,,10,30,BVOD avg audience,219000,Nine,False,0.7
AU,voz,2 BVOD,BVOD,2026-09-21,9NEWS SATURDAY,,17,30,BVOD avg audience,123000,Nine,False,0.467
AU,voz,2 BVOD,BVOD,2026-09-21,A CURRENT AFFAIR,,12,30,BVOD avg audience,182000,Nine,False,0.633
AU,voz,2 BVOD,BVOD,2026-09-21,ABC NEWS,,28,30,BVOD avg audience,68000,ABC,False,0.1
AU,voz,2 BVOD,BVOD,2026-09-21,AUSTRALIAN STORY,,25,30,BVOD avg audience,83000,ABC,False,0.2
AU,voz,2 BVOD,BVOD,2026-09-21,FIRST DATES AUSTRALIA,,18,30,BVOD avg audience,123000,Seven,False,0.433
AU,voz,2 BVOD,BVOD,2026-09-21,FOREIGN CORRESPONDENT,,24,30,BVOD avg audience,91000,ABC,False,0.233
AU,voz,2 BVOD,BVOD,2026-09-21,FOUR CORNERS,,16,30,BVOD avg audience,131000,ABC,False,0.5
AU,voz,2 BVOD,BVOD,2026-09-21,HAVE YOU BEEN PAYING ATTENTION?,,20,30,BVOD avg audience,113000,10,False,0.367
AU,voz,2 BVOD,BVOD,2026-09-21,HOME AND AWAY,,9,30,BVOD avg audience,358000,Seven,False,0.733
AU,voz,2 BVOD,BVOD,2026-09-21,NRL LIVE FINAL SERIES PF1,,8,30,BVOD avg audience,359000,Nine,False,0.767
AU,voz,2 BVOD,BVOD,2026-09-21,PLANET AMERICA-LE,,26,30,BVOD avg audience,83000,ABC,False,0.167
AU,voz,2 BVOD,BVOD,2026-09-21,SEVEN NEWS,,6,30,BVOD avg audience,426000,Seven,False,0.833
AU,voz,2 BVOD,BVOD,2026-09-21,SEVEN’S AFL: GRAND FINAL: BRUNCH,,21,30,BVOD avg audience,113000,Seven,False,0.333
AU,voz,2 BVOD,BVOD,2026-09-21,SEVEN’S AFL: GRAND FINAL: COUNTDOWN,,11,30,BVOD avg audience,184000,Seven,False,0.667
AU,voz,2 BVOD,BVOD,2026-09-21,SEVEN’S AFL: GRAND FINAL: FREMANTLE V BRISBANE,,1,30,BVOD avg audience,1448000,Seven,False,1.0
AU,voz,2 BVOD,BVOD,2026-09-21,SEVEN’S AFL: GRAND FINAL: ON THE GROUND,,3,30,BVOD avg audience,996000,Seven,False,0.933
AU,voz,2 BVOD,BVOD,2026-09-21,SEVEN’S AFL: GRAND FINAL: POST MATCH,,14,30,BVOD avg audience,160000,Seven,False,0.567
AU,voz,2 BVOD,BVOD,2026-09-21,SEVEN’S AFL: GRAND FINAL: PRE GAME ENTERTAINMENT,,4,30,BVOD avg audience,465000,Seven,False,0.9
AU,voz,2 BVOD,BVOD,2026-09-21,SEVEN’S AFL: GRAND FINAL: PRESENTATIONS,,2,30,BVOD avg audience,1087000,Seven,False,0.967
AU,voz,2 BVOD,BVOD,2026-09-21,SUNRISE,,29,30,BVOD avg audience,68000,Seven,False,0.067
AU,voz,2 BVOD,BVOD,2026-09-21,THE 1% CLUB,,13,30,BVOD avg audience,178000,Seven,False,0.6
AU,voz,2 BVOD,BVOD,2026-09-21,THE 1% CLUB UK,,22,30,BVOD avg audience,94000,Seven,False,0.3
AU,voz,2 BVOD,BVOD,2026-09-21,THE BLOCK,,5,30,BVOD avg audience,433000,Nine,False,0.867
AU,voz,2 BVOD,BVOD,2026-09-21,THE CHASE AUSTRALIA,,23,30,BVOD avg audience,92000,Seven,False,0.267
AU,voz,2 BVOD,BVOD,2026-09-21,THE FRONT BAR,,19,30,BVOD avg audience,119000,Seven,False,0.4
AU,voz,2 BVOD,BVOD,2026-09-21,THE TONY BLAIR STORY,,30,30,BVOD avg audience,67000,ABC,False,0.033
AU,voz,2 BVOD,BVOD,2026-09-21,TIPPING POINT AUSTRALIA,,15,30,BVOD avg audience,137000,Nine,False,0.533
AU,voz,2 BVOD,BVOD,2026-09-21,WEEKEND SUNRISE,,27,30,BVOD avg audience,77000,Seven,False,0.133
