family_key,tmdb_id,media_type,tmdb_name,year,primary_genre,genres,format,origin_country,original_language,networks,production_companies,is_nbcu,nbcu_studio,nbcu_network,nbcu_check_rights,chart_titles,link_type,au_fta_weeks,au_bvod_weeks,au_svod_weeks,us_netflix_weeks,us_nielsen_weeks,au_fta_best_pct,au_bvod_best_pct,au_svod_best_pct,us_netflix_best_pct,us_nielsen_best_pct,au_fta_avg_pct,au_bvod_avg_pct,au_svod_avg_pct,us_netflix_avg_pct,us_nielsen_avg_pct,au_fta_best_rank,au_bvod_best_rank,au_svod_best_rank,us_netflix_best_rank,us_nielsen_best_rank,us_nielsen_charted,us_netflix_charted,au_fta_charted,au_bvod_charted,au_svod_charted,in_us,in_au,is_us_origin
tv:66732,66732.0,tv,Stranger Things,2016.0,Action & Adventure,Action & Adventure|Mystery|Sci-Fi & Fantasy,Scripted series,US,en,Netflix,21 Laps Entertainment|Monkey Massacre Productions|Upside Down Pictures,False,,,False,Stranger Things,same TMDB title,,,10.0,10.0,4.0,,,1.0,1.0,1.0,,,0.49523809523809526,0.4766666666666667,0.95,,,1.0,1.0,1.0,True,True,False,False,True,True,True,True
movie:803796,803796.0,movie,KPop Demon Hunters,2025.0,Fantasy,Fantasy|Music|Comedy|Animation,Animated film,US,en,,Sony Pictures Animation,False,,,False,KPop Demon Hunters,same TMDB title,,,28.0,35.0,2.0,,,1.0,1.0,0.9,,,0.4642857142857143,0.5314285714285715,0.55,,,1.0,1.0,2.0,True,True,False,False,True,True,True,True
movie:1062722,1062722.0,movie,Frankenstein,2025.0,Drama,Drama|Fantasy|Horror,Film,US,en,,Double Dare You|Demilo Films|Bluegrass 7,False,,,False,Frankenstein | Frankenstein (2025),same TMDB title,,,3.0,4.0,2.0,,,1.0,1.0,1.0,,,0.7333333333333334,0.575,0.9666666666666667,,,1.0,1.0,1.0,True,True,False,False,True,True,True,True
movie:1699155,1699155.0,movie,Maternal Instinct,2026.0,Documentary,Documentary|Crime,Film,US,en,,Story Syndicate,False,,,False,Maternal Instinct,same TMDB title,,,4.0,4.0,2.0,,,1.0,1.0,0.8,,,0.675,0.85,0.6000000000000001,,,1.0,1.0,3.0,True,True,False,False,True,True,True,True
tv:285807,285807.0,tv,Nemesis,2026.0,Action & Adventure,Action & Adventure|Drama|Crime,Scripted series,US,en,Netflix,End of Episode,False,,,False,Nemesis,same TMDB title,,,3.0,4.0,2.0,,,0.8,1.0,1.0,,,0.39999999999999997,0.775,0.7,,,3.0,1.0,1.0,True,True,False,False,True,True,True,True
tv:102904,102904.0,tv,Sweet Magnolias,2020.0,Drama,Drama,Scripted series,US,en,Netflix,Daniel L. Paulson Productions,False,,,False,Sweet Magnolias,same TMDB title,,,3.0,3.0,2.0,,,0.7,0.6,0.6,,,0.5,0.5,0.55,,,4.0,5.0,5.0,True,True,False,False,True,True,True,True
tv:224941,224941.0,tv,The Boroughs,2026.0,Sci-Fi & Fantasy,Sci-Fi & Fantasy|Mystery,Scripted series,US,en,Netflix,Upside Down Pictures|Off Franklin Productions,False,,,False,The Boroughs,same TMDB title,,,4.0,3.0,2.0,,,1.0,1.0,1.0,,,0.575,0.8333333333333334,0.95,,,1.0,1.0,1.0,True,True,False,False,True,True,True,True
tv:90521,90521.0,tv,Love Island USA,2019.0,Reality,Reality,Reality / unscripted,US,en,CBS|Peacock,ITV Global Entertainment|ITV America,False,,Peacock,True,LOVE ISLAND AUSTRALIA | Love Island USA,local format version,8.0,8.0,,,2.0,0.6,1.0,,,1.0,0.40825,1.0,,,0.95,13.0,1.0,,,1.0,True,False,True,True,False,True,True,True
tv:278178,278178.0,tv,I Will Find You,2026.0,Drama,Drama|Mystery|Crime,Scripted limited series,US,en,Netflix,Final Twist Productions|Story Math,False,,,False,I Will Find You,same TMDB title,,,8.0,8.0,1.0,,,1.0,1.0,1.0,,,0.8375,0.75,1.0,,,1.0,1.0,1.0,True,True,False,False,True,True,True,True
tv:91239,91239.0,tv,Bridgerton,2020.0,Drama,Drama,Scripted series,US,en,Netflix,shondaland,False,,,False,Bridgerton,same TMDB title,,,9.0,7.0,1.0,,,1.0,1.0,1.0,,,0.6818181818181818,0.7714285714285715,1.0,,,1.0,1.0,1.0,True,True,False,False,True,True,True,True
tv:246246,246246.0,tv,Beauty in Black,2024.0,Drama,Drama,Scripted series,US,en,Netflix,Tyler Perry Studios,False,,,False,Beauty in Black,same TMDB title,,,2.0,6.0,1.0,,,0.7,1.0,1.0,,,0.55,0.7000000000000001,1.0,,,4.0,1.0,1.0,True,True,False,False,True,True,True,True
tv:250504,250504.0,tv,The Beast in Me,2025.0,Drama,Drama|Mystery,Scripted series,US,en,Netflix,Conaco|20th Television|Teakwood Lane Productions|Overall Production,False,,,False,The Beast in Me,same TMDB title,,,5.0,6.0,1.0,,,1.0,1.0,0.8,,,0.82,0.6166666666666667,0.8,,,1.0,1.0,3.0,True,True,False,False,True,True,True,True
movie:1117857,1117857.0,movie,In Your Dreams,2025.0,Adventure,Adventure|Animation|Comedy|Family|Fantasy,Animated film,US,en,,Kuku Studios|Netflix Animation Studios,False,,,False,In Your Dreams,same TMDB title,,,3.0,4.0,1.0,,,0.8,0.9,0.1,,,0.6666666666666666,0.525,0.1,,,3.0,2.0,10.0,True,True,False,False,True,True,True,True
movie:1234821,1234821.0,movie,Jurassic World Rebirth,2025.0,Science Fiction,Science Fiction|Adventure|Action,Film,US,en,,Universal Pictures|Amblin Entertainment,True,Universal Pictures,,False,Jurassic World Rebirth,same TMDB title,,,6.0,4.0,1.0,,,1.0,1.0,0.2,,,0.5833333333333334,0.7,0.2,,,1.0,1.0,9.0,True,True,False,False,True,True,True,True
movie:1330021,1330021.0,movie,Remarkably Bright Creatures,2026.0,Drama,Drama|Mystery,Film,US,en,,Anonymous Content|Night Owl Stories,False,,,False,Remarkably Bright Creatures,same TMDB title,,,4.0,4.0,1.0,,,1.0,0.9,0.5,,,0.55,0.675,0.5,,,1.0,2.0,6.0,True,True,False,False,True,True,True,True
tv:255251,255251.0,tv,Sean Combs: The Reckoning,2025.0,Documentary,Documentary|Crime,Documentary,US,en,Netflix,G-Unit Film & Television|House of NonFiction|Texas Crew Productions,False,,,False,Sean Combs: The Reckoning,same TMDB title,,,4.0,4.0,1.0,,,1.0,1.0,0.9,,,0.775,0.85,0.9,,,1.0,1.0,2.0,True,True,False,False,True,True,True,True
movie:1662317,1662317.0,movie,The Crash,2026.0,Documentary,Documentary|Crime,Film,GB,en,,RAW,False,,,False,The Crash,same TMDB title,,,4.0,4.0,1.0,,,1.0,1.0,0.8,,,0.8,0.875,0.8,,,1.0,1.0,3.0,True,True,False,False,True,True,True,False
tv:243316,243316.0,tv,The Four Seasons,2025.0,Comedy,Comedy,Scripted series,US,en,Netflix,Universal Television|Little Stranger,True,Universal Television,,False,The Four Seasons,same TMDB title,,,4.0,4.0,1.0,,,0.8,0.8,0.4,,,0.65,0.4600000000000001,0.4,,,3.0,3.0,7.0,True,True,False,False,True,True,True,True
movie:1284041,1284041.0,movie,The Last House,2026.0,Horror,Horror|Science Fiction|Thriller,Film,US,en,,Chernin Entertainment|3 Arts Entertainment,False,,,False,The Last House,same TMDB title,,,3.0,4.0,1.0,,,1.0,1.0,0.6,,,0.9,0.7,0.6,,,1.0,1.0,5.0,True,True,False,False,True,True,True,True
movie:860508,860508.0,movie,The Whisper Man,2026.0,Crime,Crime|Drama|Thriller,Film,US,en,,AGBO,False,,,False,The Whisper Man,same TMDB title,,,5.0,4.0,1.0,,,1.0,1.0,0.5,,,0.72,0.8,0.5,,,1.0,1.0,6.0,True,True,False,False,True,True,True,True
tv:88324,88324.0,tv,Virgin River,2019.0,Drama,Drama,Scripted series,US,en,Netflix,Reel World Management,False,,,False,Virgin River,same TMDB title,,,4.0,4.0,1.0,,,1.0,1.0,0.8,,,0.675,0.675,0.8,,,1.0,1.0,3.0,True,True,False,False,True,True,True,True
movie:812583,812583.0,movie,Wake Up Dead Man: A Knives Out Mystery,2025.0,Thriller,Thriller|Mystery|Comedy,Film,US,en,,T-Street,False,,,False,Wake Up Dead Man: A Knives Out Mystery,same TMDB title,,,5.0,4.0,1.0,,,1.0,1.0,0.7,,,0.72,0.85,0.7,,,1.0,1.0,4.0,True,True,False,False,True,True,True,True
movie:1265609,1265609.0,movie,War Machine,2026.0,Action,Action|Science Fiction|Thriller,Film,AU,en,,Lionsgate|Hidden Pictures|Huge Film|Range Media Partners,False,,,False,War Machine,same TMDB title,,,5.0,4.0,1.0,,,1.0,1.0,0.7,,,0.72,0.825,0.7,,,1.0,1.0,4.0,True,True,False,False,True,True,True,False
movie:1401318,1401318.0,movie,A Merry Little Ex-Mas,2025.0,Romance,Romance|Comedy,Film,US,en,,Hartbreak Films,False,,,False,A Merry Little Ex-Mas,same TMDB title,,,3.0,3.0,1.0,,,0.8,0.9,0.3,,,0.4666666666666666,0.4333333333333333,0.3,,,3.0,2.0,8.0,True,True,False,False,True,True,True,True
tv:300507,300507.0,tv,Crew Girl,2026.0,Drama,Drama,Scripted series,CA,en,Netflix,Great Pacific Media|Thunderbird Entertainment,False,,,False,Crew Girl,same TMDB title,,,3.0,3.0,1.0,,,1.0,0.9,0.5,,,0.7999999999999999,0.5666666666666668,0.5,,,1.0,2.0,6.0,True,True,False,False,True,True,True,False
tv:199001,199001.0,tv,My Life with the Walter Boys,2023.0,Drama,Drama,Scripted series,US,en,Netflix,iGeneration Studios|Nomadic Pictures|Sony Pictures Television - International Production,False,,,False,My Life With the Walter Boys | My Life with the Walter Boys,same TMDB title,,,3.0,3.0,1.0,,,1.0,1.0,0.8,,,0.9,0.8333333333333334,0.8,,,1.0,1.0,3.0,True,True,False,False,True,True,True,True
tv:37854,37854.0,tv,One Piece,1999.0,Action & Adventure,Action & Adventure|Comedy|Animation,Animated series,JP,ja,Fuji TV|Tokai Television Broadcasting,Toei Animation|Fuji Television Network|Avex Trax|Shueisha|ADK,False,,,False,ONE PIECE | One Piece,same TMDB title,,,3.0,3.0,1.0,,,0.9,0.7,0.1,,,0.7999999999999999,0.5333333333333333,0.1,,,2.0,4.0,10.0,True,True,False,False,True,True,True,False
tv:244244,244244.0,tv,Run Away,2026.0,Drama,Drama|Mystery,Scripted limited series,GB|US,en,Netflix,Quay Street Productions|Final Twist Productions,False,,,False,Run Away,same TMDB title,,,5.0,3.0,1.0,,,1.0,0.9,0.4,,,0.74,0.7000000000000001,0.4,,,1.0,2.0,7.0,True,True,False,False,True,True,True,True
tv:236235,236235.0,tv,The Gentlemen,2024.0,Comedy,Comedy|Drama|Crime,Scripted series,GB,en,Netflix,Moonage Pictures|Miramax,False,,,False,The Gentlemen,same TMDB title,,,4.0,3.0,1.0,,,1.0,0.8,0.4,,,0.675,0.425,0.4,,,1.0,3.0,7.0,True,True,False,False,True,True,True,False
tv:129552,129552.0,tv,The Night Agent,2023.0,Action & Adventure,Action & Adventure|Drama|Mystery,Scripted series,US,en,Netflix,Sony Pictures Television|MiddKid Productions|Exhibit A|Project X Entertainment|Sunset Lane Media,False,,,False,The Night Agent,same TMDB title,,,4.0,3.0,1.0,,,0.9,0.9,0.9,,,0.65,0.7666666666666666,0.9,,,2.0,2.0,2.0,True,True,False,False,True,True,True,True
movie:1522689,1522689.0,movie,Why Did I Get Married Again?,2026.0,Comedy,Comedy|Romance|Drama,Film,US,en,,Tyler Perry Studios,False,,,False,Why Did I Get Married Again?,same TMDB title,,,2.0,3.0,1.0,,,0.8,1.0,1.0,,,0.75,0.8333333333333334,1.0,,,3.0,1.0,1.0,True,True,False,False,True,True,True,True
tv:299939,299939.0,tv,Monster: The Lizzie Borden Story,2026.0,Drama,Drama|Crime,Scripted limited series,US,en,Netflix,Ryan Murphy Television|Prospect Films,False,,,False,Monster: The Lizzie Borden Story,same TMDB title,,,2.0,2.0,1.0,,,1.0,1.0,0.9,,,0.95,1.0,0.9,,,1.0,1.0,2.0,True,True,False,False,True,True,True,True
tv:71912,71912.0,tv,The Witcher,2019.0,Sci-Fi & Fantasy,Sci-Fi & Fantasy|Drama|Action & Adventure,Scripted series,US,en,Netflix,Sean Daniel Company|Platige Image|Hivemind|Little Schmidt Productions|Platige Films,False,,,False,The Witcher,same TMDB title,,,3.0,2.0,1.0,,,0.7,0.7,0.9,,,0.6666666666666666,0.6499999999999999,0.9,,,4.0,4.0,2.0,True,True,False,False,True,True,True,True
movie:578701,578701.0,movie,Those Who Wish Me Dead,2021.0,Thriller,Thriller|Action,Film,CA|US,en,,Bron Studios|New Line Cinema|Bosque Ranch Productions|Film Rites,False,,,False,Those Who Wish Me Dead,same TMDB title,,,2.0,2.0,1.0,,,0.7,0.9,0.1,,,0.5,0.75,0.1,,,4.0,2.0,10.0,True,True,False,False,True,True,True,True
movie:1426518,1426518.0,movie,Being Eddie,2025.0,Documentary,Documentary,Film,US,en,,Levels Audio|MakeMake,False,,,False,Being Eddie,same TMDB title,,,1.0,1.0,1.0,,,0.5,0.7,0.5,,,0.5,0.7,0.5,,,6.0,4.0,6.0,True,True,False,False,True,True,True,True
tv:276161,276161.0,tv,Teach You a Lesson,2026.0,Action & Adventure,Action & Adventure|Drama|Comedy,Scripted limited series,KR,ko,Netflix,GTist|YLAB,False,,,False,Teach You a Lesson,same TMDB title,,,3.0,1.0,1.0,,,0.8,0.2,0.1,,,0.4666666666666666,0.2,0.1,,,3.0,9.0,10.0,True,True,False,False,True,True,True,False
tv:325755,325755.0,tv,The Perfect Lie,2026.0,Drama,Drama,Scripted series,NL,nl,Netflix,Fiction Valley,False,,,False,The Perfect Lie,same TMDB title,,,2.0,1.0,1.0,,,0.7,0.6,0.2,,,0.5,0.6,0.2,,,4.0,5.0,9.0,True,True,False,False,True,True,True,False
movie:8871,8871.0,movie,How the Grinch Stole Christmas,2000.0,Family,Family|Comedy|Fantasy,Film,US,en,,Universal Pictures|Imagine Entertainment|LUNI Productions,True,Universal Pictures,,False,How the Grinch Stole Christmas | How the Grinch Stole Christmas (2000),same TMDB title,,,4.0,,1.0,,,0.7,,0.2,,,0.6,,0.2,,,4.0,,9.0,True,False,False,False,True,True,True,True
tv:71789,71789.0,tv,SEAL Team,2017.0,Action & Adventure,Action & Adventure|Drama|War & Politics,Scripted series,US,en,CBS|Paramount+,CBS Studios|Chulack Productions|Timberman/Beverly Productions|John Glenn Entertainment|East 25 C,False,,,False,SEAL Team | Seal Team,same TMDB title,,,1.0,,1.0,,,0.1,,0.3,,,0.1,,0.3,,,10.0,,8.0,True,False,False,False,True,True,True,True
tv:4656,4656.0,tv,Raw,1993.0,Reality,Reality,Reality / unscripted,US,en,USA Network|Spike|Netflix|The New TNN,WWE Home Video|World Wrestling Entertainment,False,,USA Network,True,Raw,same TMDB title,,,9.0,50.0,,,,0.3,0.8,,,,0.15555555555555556,0.56,,,,8.0,3.0,,False,True,False,False,True,True,True,True
tv:282238,282238.0,tv,Ms. Rachel,2025.0,Kids,Kids,Scripted series,US,en,Netflix,,False,,,False,Ms. Rachel,same TMDB title,,,1.0,32.0,,,,0.1,0.6,,,,0.1,0.225,,,,10.0,5.0,,False,True,False,False,True,True,True,True
tv:258124,258124.0,tv,Danny Go!,2019.0,Kids,Kids,Scripted series,US,en,Netflix,,False,,,False,Danny Go!,same TMDB title,,,25.0,17.0,,,,0.9,0.9,,,,0.42857142857142855,0.3,,,,2.0,2.0,,False,True,False,False,True,True,True,True
movie:9509,9509.0,movie,Man on Fire,2004.0,Action,Action|Drama|Thriller,Film,US,en,,Fox 2000 Pictures|Regency Enterprises|New Regency Pictures|Scott Free Productions|Epsilon Motion Pictures|Estudios Churubusco Azteca|20th Century Fox,False,,,False,Man on Fire,same TMDB title,,,4.0,7.0,,,,0.9,0.9,,,,0.575,0.4714285714285714,,,,2.0,2.0,,False,True,False,False,True,True,True,True
movie:1318447,1318447.0,movie,Apex,2026.0,Action,Action|Thriller,Film,US,en,,Chernin Entertainment|Ian Bryce Productions|Secret Menu|RVK Studios,False,,,False,Apex,same TMDB title,,,6.0,6.0,,,,1.0,1.0,,,,0.7666666666666666,0.5333333333333333,,,,1.0,1.0,,False,True,False,False,True,True,True,True
tv:259731,259731.0,tv,HIS & HERS,2026.0,Drama,Drama|Crime|Mystery,Scripted limited series,US,en,Netflix,Fifth Season|Freckle Films|Viva Maude|Small Wishes|Campout Productions|Headhunter Films,False,,,False,HIS & HERS,same TMDB title,,,6.0,6.0,,,,1.0,1.0,,,,0.8666666666666667,0.8333333333333334,,,,1.0,1.0,,False,True,False,False,True,True,True,True
tv:318906,318906.0,tv,Salish & Jordan Matter,2026.0,Reality,Reality|Kids,Reality / unscripted,US,en,Netflix,,False,,,False,Salish & Jordan Matter,same TMDB title,,,12.0,6.0,,,,0.9,0.8,,,,0.47692307692307695,0.3666666666666667,,,,2.0,3.0,,False,True,False,False,True,True,True,True
movie:614945,614945.0,movie,Voicemails for Isabelle,2026.0,Romance,Romance|Comedy|Drama,Film,US,en,,Escape Artists|Sony Pictures,False,,,False,Voicemails for Isabelle,same TMDB title,,,7.0,6.0,,,,1.0,1.0,,,,0.5714285714285714,0.6666666666666666,,,,1.0,1.0,,False,True,False,False,True,True,True,True
movie:949838,949838.0,movie,72 HOURS,2026.0,Comedy,Comedy|Crime,Film,US,en,,Sony Pictures|Davis Entertainment|Counterbalance Entertainment|HartBeat Productions|Will Packer Productions|The Story Company,False,,,False,72 HOURS,same TMDB title,,,4.0,5.0,,,,0.9,1.0,,,,0.65,0.6599999999999999,,,,2.0,1.0,,False,True,False,False,True,True,True,True
movie:315635,315635.0,movie,Spider-Man: Homecoming,2017.0,Action,Action|Adventure|Science Fiction,Film,US,en,,Marvel Studios|Pascal Pictures|LStar Capital|Columbia Pictures,False,,,False,Spider-Man: Homecoming,same TMDB title,,,2.0,5.0,,,,0.3,0.7,,,,0.2,0.4,,,,8.0,4.0,,False,True,False,False,True,True,True,True
movie:1007757,1007757.0,movie,Swapped,2026.0,Adventure,Adventure|Animation|Family|Fantasy,Animated film,US,en,,Skydance Animation|Skydance Animation,False,,,False,Swapped,same TMDB title,,,7.0,5.0,,,,1.0,1.0,,,,0.6285714285714287,0.76,,,,1.0,1.0,,False,True,False,False,True,True,True,True
movie:295693,295693.0,movie,The Boss Baby,2017.0,Animation,Animation|Comedy|Family,Animated film,US,en,,DreamWorks Animation,True,DreamWorks Animation,,False,The Boss Baby,same TMDB title,,,2.0,5.0,,,,0.6,0.9,,,,0.6,0.4,,,,5.0,2.0,,False,True,False,False,True,True,True,True
tv:225647,225647.0,tv,Boots,2025.0,Comedy,Comedy|Drama|War & Politics,Scripted series,US,en,Netflix,Sony Pictures Television|Act III Productions,False,,,False,Boots,same TMDB title,,,5.0,4.0,,,,0.9,0.9,,,,0.45999999999999996,0.5,,,,2.0,2.0,,False,True,False,False,True,True,True,True
tv:331616,331616.0,tv,Death of the Pastor's Wife,2026.0,Documentary,Documentary|Crime,Documentary,US,en,Netflix,The Cinemart|Crazy Legs Productions,False,,,False,Death of the Pastor's Wife,same TMDB title,,,5.0,4.0,,,,1.0,1.0,,,,0.6599999999999999,0.85,,,,1.0,1.0,,False,True,False,False,True,True,True,True
movie:1243460,1243460.0,movie,Joe's College Road Trip,2026.0,Comedy,Comedy,Film,US,en,,Tyler Perry Studios|Netflix,False,,,False,Joe’s College Road Trip,same TMDB title,,,2.0,4.0,,,,0.2,1.0,,,,0.15000000000000002,0.65,,,,9.0,1.0,,False,True,False,False,True,True,True,True
tv:1781,1781.0,tv,Little House on the Prairie,1974.0,Western,Western|Drama|Family,Scripted series,US,en,NBC,Worldvision Enterprises|Ed Friendly Productions|NBC|NBC Studios,True,NBC Studios,NBC,False,Little House on the Prairie,same TMDB title,,,3.0,4.0,,,,1.0,0.9,,,,0.7666666666666666,0.575,,,,1.0,2.0,,False,True,False,False,True,True,True,True
tv:286801,286801.0,tv,Monster: The Ed Gein Story,2025.0,Crime,Crime|Drama,Scripted limited series,US,en,Netflix,Ryan Murphy Television|Prospect Films,False,,,False,Monster: The Ed Gein Story,same TMDB title,,,4.0,4.0,,,,1.0,1.0,,,,0.8,0.875,,,,1.0,1.0,,False,True,False,False,True,True,True,True
movie:1441563,1441563.0,movie,My Secret Santa,2025.0,Comedy,Comedy|Romance,Film,US,en,,Howard Braunstein Films,False,,,False,My Secret Santa,same TMDB title,,,3.0,4.0,,,,1.0,0.9,,,,0.7666666666666666,0.55,,,,1.0,2.0,,False,True,False,False,True,True,True,True
tv:250923,250923.0,tv,Nobody Wants This,2024.0,Comedy,Comedy|Drama,Scripted series,US,en,Netflix,3 Arts Entertainment|Steven Levitan Prods|20th Television|Dunshire Productions|Fatigue Sisters Productions|Mr. D Productions,False,,,False,Nobody Wants This,same TMDB title,,,4.0,4.0,,,,1.0,1.0,,,,0.78,0.825,,,,1.0,1.0,,False,True,False,False,True,True,True,True
movie:1358005,1358005.0,movie,Office Romance,2026.0,Romance,Romance|Comedy,Film,US,en,,Ryder Picture Company|Nuyorican Productions|For the Table|Hey Buddy|Netflix,False,,,False,Office Romance,same TMDB title,,,3.0,4.0,,,,1.0,1.0,,,,0.8333333333333334,0.675,,,,1.0,1.0,,False,True,False,False,True,True,True,True
movie:1034716,1034716.0,movie,People We Meet on Vacation,2026.0,Comedy,Comedy|Romance,Film,US,en,,3000 Pictures|Temple Hill Entertainment|HarperCollins Publishers,False,,,False,People We Meet on Vacation,same TMDB title,,,4.0,4.0,,,,1.0,1.0,,,,0.8,0.725,,,,1.0,1.0,,False,True,False,False,True,True,True,True
movie:454640,454640.0,movie,The Angry Birds Movie 2,2019.0,Animation,Animation|Adventure|Comedy|Family|Action,Animated film,US,en,,Rovio Animation|Sony Pictures Animation|John Cohen Productions,False,,,False,The Angry Birds Movie 2,same TMDB title,,,2.0,4.0,,,,0.8,0.8,,,,0.6000000000000001,0.47500000000000003,,,,3.0,3.0,,False,True,False,False,True,True,True,True
tv:254528,254528.0,tv,The Hawk,2026.0,Comedy,Comedy,Scripted series,US,en,Netflix,Gloria Sanchez Productions|T-Street,False,,,False,The Hawk,same TMDB title,,,4.0,4.0,,,,1.0,1.0,,,,0.625,0.775,,,,1.0,1.0,,False,True,False,False,True,True,True,True
tv:328735,328735.0,tv,The Idaho Murders: College Nightmare,2026.0,Documentary,Documentary|Crime,Documentary,US,en,Netflix,RadicalMedia|Third Eye Motion Picture Company,False,,,False,The Idaho Murders: College Nightmare,same TMDB title,,,4.0,4.0,,,,1.0,1.0,,,,0.75,0.7,,,,1.0,1.0,,False,True,False,False,True,True,True,True
tv:116799,116799.0,tv,The Lincoln Lawyer,2022.0,Drama,Drama|Crime,Scripted series,US,en,Netflix,A+E Studios|David E. Kelley Productions|Hieronymus Pictures|Algorithm Entertainment|Fineman Entertainment,False,,,False,The Lincoln Lawyer,same TMDB title,,,4.0,4.0,,,,1.0,0.9,,,,0.7,0.675,,,,1.0,2.0,,False,True,False,False,True,True,True,True
movie:1306368,1306368.0,movie,The Rip,2026.0,Action,Action|Thriller|Crime,Film,US,en,,Artists Equity,False,,,False,The Rip,same TMDB title,,,5.0,4.0,,,,1.0,1.0,,,,0.76,0.8,,,,1.0,1.0,,False,True,False,False,True,True,True,True
tv:259259,259259.0,tv,Worst Ex Ever,2024.0,Crime,Crime|Documentary,Documentary,US,en,Netflix,Blumhouse Television|ITV America,False,,,False,Worst Ex Ever,same TMDB title,,,4.0,4.0,,,,0.8,1.0,,,,0.54,0.775,,,,3.0,1.0,,False,True,False,False,True,True,True,True
tv:325188,325188.0,tv,Worst Neighbor Ever,2026.0,Crime,Crime|Documentary,Documentary,US,en,Netflix,Blumhouse Television|ITV America,False,,,False,Worst Neighbor Ever,same TMDB title,,,3.0,4.0,,,,1.0,1.0,,,,0.8666666666666667,0.75,,,,1.0,1.0,,False,True,False,False,True,True,True,True
tv:334250,334250.0,tv,Instadocs,2026.0,Documentary,Documentary,Documentary,FR,fr,,,False,,,False,"Instadocs: Alex Murdaugh, Unconvicted | Instadocs: The Decoy Plane",same TMDB title,,,4.0,4.0,,,,0.7,0.9,,,,0.5249999999999999,0.775,,,,4.0,2.0,,False,True,False,False,True,True,True,False
movie:1290159,1290159.0,movie,A House of Dynamite,2025.0,Thriller,Thriller|Drama,Film,US,en,,First Light|Prologue Entertainment|Kingsgate Films,False,,,False,A HOUSE OF DYNAMITE,same TMDB title,,,3.0,3.0,,,,1.0,1.0,,,,0.7999999999999999,0.9,,,,1.0,1.0,,False,True,False,False,True,True,True,True
movie:1723460,1723460.0,movie,A Toxic Love Story,2026.0,Documentary,Documentary,Film,GB,en,,Curious Films,False,,,False,A Toxic Love Story,same TMDB title,,,3.0,3.0,,,,1.0,1.0,,,,0.8333333333333334,0.6666666666666666,,,,1.0,1.0,,False,True,False,False,True,True,True,False
tv:287390,287390.0,tv,Age of Attraction,2026.0,Reality,Reality,Reality / unscripted,US,en,Netflix,Velvet Hammer Media,False,,,False,Age of Attraction,same TMDB title,,,1.0,3.0,,,,0.2,0.6,,,,0.2,0.5666666666666667,,,,9.0,5.0,,False,True,False,False,True,True,True,True
tv:82452,82452.0,tv,Avatar: The Last Airbender,2024.0,Action & Adventure,Action & Adventure|Sci-Fi & Fantasy|Drama|Family,Scripted series,US,en,Netflix,Nickelodeon Productions|Rideback|Albert Kim Pictures,False,,,False,Avatar: The Last Airbender,same TMDB title,,,3.0,3.0,,,,0.8,0.9,,,,0.525,0.7000000000000001,,,,3.0,2.0,,False,True,False,False,True,True,True,True
movie:1504358,1504358.0,movie,Don't Say Good Luck,2026.0,Comedy,Comedy|Music|Drama,Film,US,en,,Original Headquarters|Range Studios|Happy Madison Productions,False,,,False,Don't Say Good Luck,same TMDB title,,,3.0,3.0,,,,1.0,1.0,,,,0.6,0.7000000000000001,,,,1.0,1.0,,False,True,False,False,True,True,True,True
tv:82596,82596.0,tv,Emily in Paris,2020.0,Drama,Drama|Comedy,Scripted series,US,en,Netflix,MTV Entertainment Studios|Jax Media|Darren Star Productions|Paramount Television Studios,False,,,False,Emily in Paris,same TMDB title,,,5.0,3.0,,,,0.9,0.9,,,,0.6599999999999999,0.7666666666666666,,,,2.0,2.0,,False,True,False,False,True,True,True,True
movie:1621552,1621552.0,movie,Facing El Chapo,2026.0,Crime,Crime|Action|Thriller,Film,MX,es,,Draco Films,False,,,False,Facing El Chapo,same TMDB title,,,2.0,3.0,,,,0.6,0.9,,,,0.44999999999999996,0.7666666666666666,,,,5.0,2.0,,False,True,False,False,True,True,True,False
movie:1397385,1397385.0,movie,Little Brother,2026.0,Comedy,Comedy,Film,US,en,,Middle Child Pictures,False,,,False,Little Brother,same TMDB title,,,2.0,3.0,,,,0.8,1.0,,,,0.8,0.7000000000000001,,,,3.0,1.0,,False,True,False,False,True,True,True,True
tv:279601,279601.0,tv,Man vs Baby,2025.0,Comedy,Comedy|Family,Scripted limited series,GB,en,Netflix,HouseSitter Productions,False,,,False,Man Vs Baby,same TMDB title,,,4.0,3.0,,,,1.0,0.8,,,,0.725,0.5,,,,1.0,3.0,,False,True,False,False,True,True,True,False
tv:323111,323111.0,tv,Michael Jackson: The Verdict,2026.0,Documentary,Documentary,Documentary,US,en,Netflix,Candle True Stories,False,,,False,Michael Jackson: The Verdict,same TMDB title,,,3.0,3.0,,,,1.0,1.0,,,,0.7000000000000001,0.7999999999999999,,,,1.0,1.0,,False,True,False,False,True,True,True,True
tv:100757,100757.0,tv,Outer Banks,2020.0,Action & Adventure,Action & Adventure|Mystery,Scripted series,US,en,Netflix,Rockfish|Red Canoe Productions,False,,,False,Outer Banks,same TMDB title,,,3.0,3.0,,,,1.0,1.0,,,,0.8333333333333334,0.7333333333333334,,,,1.0,1.0,,False,True,False,False,True,True,True,True
movie:675445,675445.0,movie,PAW Patrol: The Movie,2021.0,Action,Action|Adventure|Animation|Comedy|Family,Animated film,US,en,,Nickelodeon Movies|Paramount Pictures|Mikros Image|Spin Master|Mikros Animation,False,,,False,Paw Patrol: The Movie,same TMDB title,,,7.0,3.0,,,,0.7,0.2,,,,0.34285714285714286,0.20000000000000004,,,,4.0,9.0,,False,True,False,False,True,True,True,True
tv:240993,240993.0,tv,Ransom Canyon,2025.0,Drama,Drama|Western,Scripted series,US,en,Netflix,Fezziwig Studios|Netflix|April Blair's Company,False,,,False,Ransom Canyon,same TMDB title,,,3.0,3.0,,,,0.9,0.9,,,,0.6499999999999999,0.65,,,,2.0,2.0,,False,True,False,False,True,True,True,True
movie:1511057,1511057.0,movie,Roommates,2026.0,Comedy,Comedy,Film,US,en,,Happy Madison Productions,False,,,False,Roommates,same TMDB title,,,3.0,3.0,,,,0.9,0.9,,,,0.6333333333333333,0.8666666666666667,,,,2.0,2.0,,False,True,False,False,True,True,True,True
tv:244623,244623.0,tv,Running Point,2025.0,Comedy,Comedy,Scripted series,US,en,Netflix,Kaling International|Warner Bros. Television|3 Arts Entertainment|23/34 Productions,False,,,False,Running Point,same TMDB title,,,4.0,3.0,,,,0.9,0.9,,,,0.6,0.475,,,,2.0,2.0,,False,True,False,False,True,True,True,True
movie:10555,10555.0,movie,Shark Tale,2004.0,Animation,Animation|Action|Comedy|Family,Animated film,US,en,,DreamWorks Animation,True,DreamWorks Animation,,False,Shark Tale,same TMDB title,,,2.0,3.0,,,,0.8,0.3,,,,0.7,0.2333333333333333,,,,3.0,8.0,,False,True,False,False,True,True,True,True
tv:259265,259265.0,tv,Something Very Bad Is Going to Happen,2026.0,Drama,Drama|Mystery,Scripted limited series,US,en,Netflix,Upside Down Pictures|Too Much Blood Productions|A Dog's Dream,False,,,False,Something Very Bad Is Going to Happen,same TMDB title,,,3.0,3.0,,,,0.5,0.9,,,,0.4000000000000001,0.6333333333333333,,,,6.0,2.0,,False,True,False,False,True,True,True,True
movie:1175942,1175942.0,movie,The Bad Guys 2,2025.0,Family,Family|Comedy|Crime|Adventure|Animation|Action,Animated film,US,en,,DreamWorks Animation,True,DreamWorks Animation,,False,The Bad Guys 2,same TMDB title,,,3.0,3.0,,,,0.8,0.9,,,,0.4666666666666666,0.4666666666666666,,,,3.0,2.0,,False,True,False,False,True,True,True,True
tv:313298,313298.0,tv,The Dinosaurs,2026.0,Documentary,Documentary,Documentary,GB|US,en,Netflix,Silverback Films|Amblin Documentaries,False,,,False,The Dinosaurs,same TMDB title,,,3.0,3.0,,,,1.0,0.9,,,,0.7999999999999999,0.6666666666666666,,,,1.0,2.0,,False,True,False,False,True,True,True,True
tv:203857,203857.0,tv,The Diplomat,2023.0,Drama,Drama|War & Politics,Scripted series,US,en,Netflix,Let's Not Turn This Into a Whole Big Production|Well Red|Netflix,False,,,False,The Diplomat,same TMDB title,,,4.0,3.0,,,,0.9,0.8,,,,0.625,0.7000000000000001,,,,2.0,3.0,,False,True,False,False,True,True,True,True
movie:1400782,1400782.0,movie,The Perfect Neighbor,2025.0,Crime,Crime|Documentary,Film,US,en,,Park Pictures Features|Message Pictures|SO'B Productions,False,,,False,The Perfect Neighbor,same TMDB title,,,3.0,3.0,,,,1.0,1.0,,,,0.8666666666666667,0.9,,,,1.0,1.0,,False,True,False,False,True,True,True,True
tv:316295,316295.0,tv,The Predator of Seville,2026.0,Documentary,Documentary|Crime,Documentary,ES|US,en,Netflix,Newtral Media Audiovisual|Atresmedia,False,,,False,The Predator of Seville,same TMDB title,,,2.0,3.0,,,,0.8,0.7,,,,0.45,0.39999999999999997,,,,3.0,4.0,,False,True,False,False,True,True,True,True
movie:1631807,1631807.0,movie,The Secret Woman,2026.0,Drama,Drama|Thriller|Mystery,Film,DK,da,,SF Studios,False,,,False,The Secret Woman,same TMDB title,,,3.0,3.0,,,,0.9,0.9,,,,0.5666666666666668,0.6,,,,2.0,2.0,,False,True,False,False,True,True,True,False
movie:1290879,1290879.0,movie,The Woman in Cabin 10,2025.0,Mystery,Mystery|Thriller|Crime,Film,GB,en,,SISTER,False,,,False,The Woman in Cabin 10,same TMDB title,,,4.0,3.0,,,,1.0,0.9,,,,0.75,0.7000000000000001,,,,1.0,2.0,,False,True,False,False,True,True,True,False
movie:1290417,1290417.0,movie,Thrash,2026.0,Horror,Horror|Thriller,Film,US,en,,Sony Pictures|Hyperobject Industries,False,,,False,Thrash,same TMDB title,,,3.0,3.0,,,,1.0,1.0,,,,0.7666666666666666,0.8333333333333334,,,,1.0,1.0,,False,True,False,False,True,True,True,True
tv:316898,316898.0,tv,Trust Me: The False Prophet,2026.0,Documentary,Documentary|Crime,Documentary,US,en,Netflix,Ark Media|Participant,False,,,False,Trust Me: The False Prophet,same TMDB title,,,3.0,3.0,,,,1.0,1.0,,,,0.9,0.7999999999999999,,,,1.0,1.0,,False,True,False,False,True,True,True,True
tv:255859,255859.0,tv,Wayward,2025.0,Drama,Drama|Mystery,Scripted limited series,CA,en,Netflix,Sphère Média|Objective Fiction,False,,,False,Wayward,same TMDB title,,,4.0,3.0,,,,1.0,1.0,,,,0.625,0.6333333333333333,,,,1.0,1.0,,False,True,False,False,True,True,True,False
tv:70830,70830.0,tv,Dave Chappelle,2017.0,Comedy,Comedy,Scripted limited series,US,en,Netflix,,False,,,False,Dave Chappelle: The Unstoppable...,same TMDB title,,,1.0,3.0,,,,0.7,0.9,,,,0.7,0.7666666666666666,,,,4.0,2.0,,False,True,False,False,True,True,True,True
movie:1659087,1659087.0,movie,180,2026.0,Thriller,Thriller|Crime|Drama|TV Movie,Film,ZA,en,,Ten30 Pictures,False,,,False,180,same TMDB title,,,1.0,2.0,,,,0.4,0.7,,,,0.4,0.5,,,,7.0,4.0,,False,True,False,False,True,True,True,False
tv:315755,315755.0,tv,"A Friend, a Murderer",2026.0,Documentary,Documentary|Crime,Documentary,DK,da,Netflix,,False,,,False,"A Friend, a Murderer",same TMDB title,,,2.0,2.0,,,,0.4,0.2,,,,0.35,0.15000000000000002,,,,7.0,9.0,,False,True,False,False,True,True,True,False
tv:252257,252257.0,tv,AMERICA'S SWEETHEARTS: Dallas Cowboys Cheerleaders,2024.0,Documentary,Documentary,Documentary,US,en,Netflix,One Potato Productions|Boardwalk Pictures|Campfire Studios,False,,,False,AMERICA'S SWEETHEARTS: Dallas Cowboys Cheerleaders,same TMDB title,,,3.0,2.0,,,,0.9,0.7,,,,0.7333333333333334,0.6,,,,2.0,4.0,,False,True,False,False,True,True,True,True
tv:250505,250505.0,tv,Agatha Christie's Seven Dials,2026.0,Mystery,Mystery|Crime|Drama,Scripted limited series,GB,en,Netflix,Agatha Christie|Imaginary Friends|Orchid Pictures,False,,,False,Agatha Christie's Seven Dials,same TMDB title,,,3.0,2.0,,,,0.9,0.7,,,,0.7666666666666666,0.7,,,,2.0,4.0,,False,True,False,False,True,True,True,False
movie:1550569,1550569.0,movie,Aileen: Queen of the Serial Killers,2025.0,Documentary,Documentary|Crime,Film,GB,en,,BBC Studios Documentary Unit|NBC News Studios,True,NBC News Studios,,False,Aileen: Queen of the Serial Killers,same TMDB title,,,2.0,2.0,,,,0.9,0.8,,,,0.75,0.65,,,,2.0,3.0,,False,True,False,False,True,True,True,False
tv:154385,154385.0,tv,BEEF,2023.0,Comedy,Comedy|Drama,Scripted series,US,en,Netflix,A24|Bugsy Bell Productions|Universal Remote|Domo Arigato Productions|Buji Productions|Celadon Pictures,False,,,False,BEEF,same TMDB title,,,3.0,2.0,,,,0.8,0.8,,,,0.4666666666666666,0.6000000000000001,,,,3.0,3.0,,False,True,False,False,True,True,True,True
movie:1514863,1514863.0,movie,Best of the Best,2026.0,Comedy,Comedy,Film,US,en,,186K Films|Rideback,False,,,False,Best of the Best,same TMDB title,,,2.0,2.0,,,,0.8,0.7,,,,0.6000000000000001,0.55,,,,3.0,4.0,,False,True,False,False,True,True,True,True
tv:291506,291506.0,tv,Big Mistakes,2026.0,Comedy,Comedy|Crime,Scripted series,US,en,Netflix,Not a Real Production Company,False,,,False,Big Mistakes,same TMDB title,,,3.0,2.0,,,,0.8,0.9,,,,0.5666666666666668,0.75,,,,3.0,2.0,,False,True,False,False,True,True,True,True
tv:249039,249039.0,tv,Black Rabbit,2025.0,Drama,Drama|Crime,Scripted limited series,GB|US,en,Netflix,Aggregate Films|Riff Raff Entertainment|Youngblood Pictures|Range Studios|Colossal Productions,False,,,False,Black Rabbit,same TMDB title,,,2.0,2.0,,,,0.7,0.6,,,,0.44999999999999996,0.35,,,,4.0,5.0,,False,True,False,False,True,True,True,True
tv:303351,303351.0,tv,Blood Sacrifice,2026.0,Drama,Drama|Crime|Mystery,Scripted series,SE,sv,Netflix,B-Reel Films|New Pictures|Observatory Pictures,False,,,False,Blood Sacrifice,same TMDB title,,,2.0,2.0,,,,0.6,0.3,,,,0.5,0.3,,,,5.0,8.0,,False,True,False,False,True,True,True,False
movie:1323475,1323475.0,movie,Champagne Problems,2025.0,Romance,Romance|Comedy,Film,US,en,,Off Camera Entertainment|Grumpy Entertainment|FullDawa Films,False,,,False,Champagne Problems,same TMDB title,,,3.0,2.0,,,,1.0,0.8,,,,0.7666666666666666,0.8,,,,1.0,3.0,,False,True,False,False,True,True,True,True
movie:1125899,1125899.0,movie,Cleaner,2025.0,Action,Action|Thriller,Film,GB,en,,Anton|Qwerty Films,False,,,False,Cleaner,same TMDB title,,,2.0,2.0,,,,0.7,0.9,,,,0.44999999999999996,0.55,,,,4.0,2.0,,False,True,False,False,True,True,True,False
tv:330320,330320.0,tv,Conversations with a Killer: The Charles Manson Tapes,2026.0,Documentary,Documentary,Documentary,GB|US,en,Netflix,RadicalMedia|Naked|Third Eye Motion Picture Company,False,,,False,Conversations with a Killer: The Charles Manson Tapes,same TMDB title,,,2.0,2.0,,,,0.9,0.9,,,,0.75,0.8,,,,2.0,2.0,,False,True,False,False,True,True,True,True
tv:128904,128904.0,tv,Dark Winds,2022.0,Drama,Drama|Crime|Mystery,Scripted series,US,en,AMC,AMC Studios|Rolling Cactus|Eleventh Northwest|Startling Television|Tina Elmo Productions|Fevre River Packet Company|Wildwood Enterprises|Wirthwhile TV,False,,,False,Dark Winds,same TMDB title,,,1.0,2.0,,,,0.2,0.3,,,,0.2,0.25,,,,9.0,8.0,,False,True,False,False,True,True,True,True
tv:245219,245219.0,tv,Death by Lightning,2025.0,Drama,Drama|Crime,Scripted limited series,US,en,Netflix,Bighead Littlehead,False,,,False,Death by Lightning,same TMDB title,,,2.0,2.0,,,,0.5,0.9,,,,0.35,0.8500000000000001,,,,6.0,2.0,,False,True,False,False,True,True,True,True
movie:1668364,1668364.0,movie,Desire,2026.0,Mystery,Mystery|Drama,Film,MX|ES,es,,Las películas del Apache|El Estudio,False,,,False,Desire,same TMDB title,,,1.0,2.0,,,,0.2,0.8,,,,0.2,0.6000000000000001,,,,9.0,3.0,,False,True,False,False,True,True,True,False
tv:330371,330371.0,tv,Earle Meets World,2026.0,Reality,Reality,Reality / unscripted,US,en,Netflix,DGN Studios|Fulwell Entertainment,False,,,False,Earle Meets World,same TMDB title,,,1.0,2.0,,,,0.5,0.7,,,,0.5,0.5,,,,6.0,4.0,,False,True,False,False,True,True,True,True
tv:281281,281281.0,tv,Elite Force,2026.0,Action & Adventure,Action & Adventure|Crime|Drama,Scripted series,FR,fr,Netflix,Labyrinthe Films,False,,,False,Elite Force,same TMDB title,,,2.0,2.0,,,,0.6,0.4,,,,0.5,0.30000000000000004,,,,5.0,7.0,,False,True,False,False,True,True,True,False
movie:1487861,1487861.0,movie,Elize: Shadows of a Woman,2026.0,Thriller,Thriller|Crime|Drama,Film,BR,pt,,Boutique Filmes,False,,,False,Elize: Shadows of a Woman,same TMDB title,,,2.0,2.0,,,,0.6,0.6,,,,0.55,0.55,,,,5.0,5.0,,False,True,False,False,True,True,True,False
movie:1202033,1202033.0,movie,Enola Holmes 3,2026.0,Adventure,Adventure|Crime|Mystery,Film,US,en,,Legendary Pictures|PCMA Productions,False,,,False,Enola Holmes 3,same TMDB title,,,2.0,2.0,,,,1.0,0.9,,,,0.95,0.8,,,,1.0,2.0,,False,True,False,False,True,True,True,True
movie:1591516,1591516.0,movie,Evil Influencer: The Jodi Hildebrandt Story,2025.0,Documentary,Documentary,Film,US,en,,Fremantle,False,,,False,Evil Influencer: The Jodi Hildebrandt Story,same TMDB title,,,2.0,2.0,,,,1.0,1.0,,,,0.95,0.95,,,,1.0,1.0,,False,True,False,False,True,True,True,True
tv:307534,307534.0,tv,Free Bert,2026.0,Comedy,Comedy,Scripted series,US,en,Netflix,Counterpart Studios,False,,,False,Free Bert,same TMDB title,,,3.0,2.0,,,,0.8,0.8,,,,0.6666666666666666,0.75,,,,3.0,3.0,,False,True,False,False,True,True,True,True
tv:5291,5291.0,tv,Homicide,1964.0,Drama,Drama|Crime|Action & Adventure,Scripted series,AU,en,Seven Network,Crawford Productions|Seven Network,False,,,False,Homicide,same TMDB title,,,2.0,2.0,,,,0.7,0.9,,,,0.55,0.7,,,,4.0,2.0,,False,True,False,False,True,True,True,False
movie:1087192,1087192.0,movie,How to Train Your Dragon,2025.0,Fantasy,Fantasy|Family|Action|Adventure,Film,US,en,,DreamWorks Animation|Marc Platt Productions,True,DreamWorks Animation,,False,How to Train Your Dragon,same TMDB title,,,3.0,2.0,,,,0.9,0.9,,,,0.7000000000000001,0.8,,,,2.0,2.0,,False,True,False,False,True,True,True,True
tv:318880,318880.0,tv,Hulk Hogan: Real American,2026.0,Documentary,Documentary,Documentary,US,en,Netflix,Words + Pictures|World Wrestling Entertainment,False,,,False,Hulk Hogan: Real American,same TMDB title,,,2.0,2.0,,,,0.4,0.6,,,,0.25,0.6,,,,7.0,5.0,,False,True,False,False,True,True,True,True
tv:300594,300594.0,tv,Is It Cake? Halloween,2025.0,Reality,Reality,Reality / unscripted,US,en,Netflix,Alfred Street Industries,False,,,False,Is It Cake? Halloween,same TMDB title,,,2.0,2.0,,,,0.6,0.9,,,,0.44999999999999996,0.75,,,,5.0,2.0,,False,True,False,False,True,True,True,True
movie:1069905,1069905.0,movie,Jay Kelly,2025.0,Drama,Drama|Comedy,Film,GB|US,en,,Pascal Pictures|Heyday Films|NB/GG Pictures,False,,,False,Jay Kelly,same TMDB title,,,2.0,2.0,,,,0.8,0.8,,,,0.5,0.55,,,,3.0,3.0,,False,True,False,False,True,True,True,True
movie:1218762,1218762.0,movie,Jingle Bell Heist,2025.0,Romance,Romance|Crime|Comedy,Film,GB|US,en,,ACE Entertainment|Tea Shop Productions,False,,,False,Jingle Bell Heist,same TMDB title,,,2.0,2.0,,,,0.9,1.0,,,,0.8500000000000001,0.75,,,,2.0,1.0,,False,True,False,False,True,True,True,True
movie:1595481,1595481.0,movie,Kidnapped: Elizabeth Smart,2026.0,Documentary,Documentary,Film,US,en,,Minnow Films,False,,,False,Kidnapped: Elizabeth Smart,same TMDB title,,,2.0,2.0,,,,1.0,0.9,,,,0.95,0.8500000000000001,,,,1.0,2.0,,False,True,False,False,True,True,True,True
movie:1368881,1368881.0,movie,Ladies First,2026.0,Comedy,Comedy|Fantasy,Film,US,en,,3dot Productions|Netflix,False,,,False,Ladies First,same TMDB title,,,3.0,2.0,,,,1.0,0.7,,,,0.9333333333333332,0.6,,,,1.0,4.0,,False,True,False,False,True,True,True,True
tv:327817,327817.0,tv,Let's Marry Harry,2026.0,Reality,Reality,Reality / unscripted,US,en,Netflix,Unwell Productions,False,,,False,Let's Marry Harry | Let's Marry Harry: The Reunion,same TMDB title,,,2.0,2.0,,,,0.3,0.1,,,,0.2,0.1,,,,8.0,10.0,,False,True,False,False,True,True,True,True
tv:200731,200731.0,tv,Love on the Spectrum,2022.0,Documentary,Documentary|Reality,Reality / unscripted,US,en,Netflix,Northern Pictures,False,,,False,Love on the Spectrum,same TMDB title,,,3.0,2.0,,,,0.8,0.8,,,,0.6333333333333333,0.8,,,,3.0,3.0,,False,True,False,False,True,True,True,True
movie:953,953.0,movie,Madagascar,2005.0,Adventure,Adventure|Animation|Comedy|Family,Animated film,US,en,,Pacific Data Images|DreamWorks Animation,True,DreamWorks Animation,,False,Madagascar,same TMDB title,,,2.0,2.0,,,,0.4,0.8,,,,0.4,0.6000000000000001,,,,7.0,3.0,,False,True,False,False,True,True,True,True
tv:306074,306074.0,tv,Mark Rober's CrunchLabs,2025.0,Family,Family|Documentary,Documentary,US,en,,,False,,,False,Mark Rober's CrunchLabs,same TMDB title,,,6.0,2.0,,,,0.7,0.3,,,,0.4166666666666667,0.2,,,,4.0,8.0,,False,True,False,False,True,True,True,True
movie:1550785,1550785.0,movie,"My Father, the BTK Killer",2025.0,Crime,Crime|Documentary,Film,US,en,,Campfire Studios,False,,,False,"My Father, the BTK Killer",same TMDB title,,,3.0,2.0,,,,0.7,0.5,,,,0.5333333333333333,0.45,,,,4.0,6.0,,False,True,False,False,True,True,True,True
movie:1593,1593.0,movie,Night at the Museum,2006.0,Fantasy,Fantasy|Family|Comedy,Film,US,en,,1492 Pictures|21 Laps Entertainment|20th Century Fox|Ingenious Media|Sun Canada Productions,False,,,False,Night at the Museum,same TMDB title,,,1.0,2.0,,,,0.3,0.6,,,,0.3,0.35,,,,8.0,5.0,,False,True,False,False,True,True,True,True
movie:370172,370172.0,movie,No Time to Die,2021.0,Action,Action|Thriller|Adventure,Film,GB,en,,EON Productions|Metro-Goldwyn-Mayer,False,,,False,No Time to Die,same TMDB title,,,2.0,2.0,,,,0.7,0.8,,,,0.39999999999999997,0.65,,,,4.0,3.0,,False,True,False,False,True,True,True,False
movie:1007734,1007734.0,movie,Nobody 2,2025.0,Action,Action|Thriller|Crime,Film,US,en,,Universal Pictures|87North Productions|OPE Partners|Eighty Two Films,True,Universal Pictures,,False,Nobody 2,same TMDB title,,,2.0,2.0,,,,1.0,0.8,,,,0.95,0.8,,,,1.0,3.0,,False,True,False,False,True,True,True,True
movie:974036,974036.0,movie,Ordinary Angels,2024.0,Drama,Drama,Film,US,en,,Kingdom Story Company|Vertigo Entertainment|Stampede Ventures,False,,,False,Ordinary Angels,same TMDB title,,,2.0,2.0,,,,0.8,0.8,,,,0.7,0.8,,,,3.0,3.0,,False,True,False,False,True,True,True,True
tv:322803,322803.0,tv,Outlast: The Jungle,2026.0,Reality,Reality,Reality / unscripted,US,en,Netflix,,False,,,False,Outlast: The Jungle,same TMDB title,,,2.0,2.0,,,,0.6,0.8,,,,0.44999999999999996,0.8,,,,5.0,3.0,,False,True,False,False,True,True,True,True
movie:875828,875828.0,movie,Peaky Blinders: The Immortal Man,2026.0,Crime,Crime|Drama,Film,GB,en,,BBC Film|Garrison Drama|Nebulastar,False,,,False,Peaky Blinders: The Immortal Man,same TMDB title,,,3.0,2.0,,,,1.0,0.9,,,,0.8000000000000002,0.8,,,,1.0,2.0,,False,True,False,False,True,True,True,False
tv:312423,312423.0,tv,Reality Check: Inside America's Next Top Model,2026.0,Reality,Reality|Documentary,Reality / unscripted,US,en,Netflix,EverWonder Studio|Wise Child Studios,False,,,False,Reality Check: Inside America's Next Top Model,same TMDB title,,,2.0,2.0,,,,1.0,1.0,,,,0.9,0.9,,,,1.0,1.0,,False,True,False,False,True,True,True,True
tv:87826,87826.0,tv,Selling Sunset,2019.0,Reality,Reality,Reality / unscripted,US,en,Netflix,Done and Done Productions|Lionsgate Television,False,,,False,Selling Sunset,same TMDB title,,,2.0,2.0,,,,0.8,0.9,,,,0.8,0.75,,,,3.0,2.0,,False,True,False,False,True,True,True,True
movie:1715492,1715492.0,movie,Shipwrecked: Nightmare at Sea,2026.0,Documentary,Documentary,Film,GB,en,,RAW,False,,,False,Shipwrecked: Nightmare at Sea,same TMDB title,,,2.0,2.0,,,,1.0,1.0,,,,0.85,1.0,,,,1.0,1.0,,False,True,False,False,True,True,True,False
tv:318262,318262.0,tv,Should I Marry a Murderer?,2026.0,Documentary,Documentary|Crime,Documentary,GB,en,Netflix,Candle True Stories,False,,,False,Should I Marry A Murderer?,same TMDB title,,,4.0,2.0,,,,1.0,1.0,,,,0.75,0.85,,,,1.0,1.0,,False,True,False,False,True,True,True,False
tv:223300,223300.0,tv,The Abandons,2025.0,Drama,Drama|Western,Scripted series,US,en,Netflix,SutterInk,False,,,False,The Abandons,same TMDB title,,,3.0,2.0,,,,0.8,0.7,,,,0.5666666666666667,0.7,,,,3.0,4.0,,False,True,False,False,True,True,True,True
tv:262920,262920.0,tv,The Asset,2025.0,Drama,Drama|Crime,Scripted series,DK,da,Netflix,Profile Pictures,False,,,False,The Asset,same TMDB title,,,2.0,2.0,,,,0.7,0.8,,,,0.6,0.45,,,,4.0,3.0,,False,True,False,False,True,True,True,False
tv:248226,248226.0,tv,The Bombing of Pan Am 103,2025.0,Drama,Drama|Crime,Scripted limited series,GB,en,BBC One,World Productions|Night Train Media|Toluca Pictures|MGM Television|Netflix|Wildcard Films,False,,,False,The Bombing of Pan Am 103,same TMDB title,,,4.0,2.0,,,,0.8,0.8,,,,0.55,0.75,,,,3.0,3.0,,False,True,False,False,True,True,True,False
movie:1363282,1363282.0,movie,The Carman Family Deaths,2025.0,Documentary,Documentary|Crime,Film,US,en,,WIRED Studios|Loki Films,False,,,False,The Carman Family Deaths,same TMDB title,,,2.0,2.0,,,,0.7,1.0,,,,0.7,0.65,,,,4.0,1.0,,False,True,False,False,True,True,True,True
movie:982843,982843.0,movie,The Great Flood,2025.0,Science Fiction,Science Fiction|Adventure|Drama,Film,KR,ko,,Hwansang Studio Seoul,False,,,False,The Great Flood,same TMDB title,,,2.0,2.0,,,,0.9,1.0,,,,0.8,0.9,,,,2.0,1.0,,False,True,False,False,True,True,True,False
movie:1620991,1620991.0,movie,The Investigation of Lucy Letby,2026.0,Documentary,Documentary|Crime,Film,GB,en,,ITN Productions,False,,,False,The Investigation of Lucy Letby,same TMDB title,,,2.0,2.0,,,,1.0,1.0,,,,0.95,0.9,,,,1.0,1.0,,False,True,False,False,True,True,True,False
movie:1693002,1693002.0,movie,The Murder of Rachel Nickell,2026.0,Documentary,Documentary|Crime,Film,US,en,,,False,,,False,The Murder of Rachel Nickell,same TMDB title,,,2.0,2.0,,,,0.8,0.4,,,,0.75,0.30000000000000004,,,,3.0,7.0,,False,True,False,False,True,True,True,True
tv:313338,313338.0,tv,The TikTok Killer,2026.0,Documentary,Documentary|Crime,Documentary,ES,es,Netflix,iZen Documentaries,False,,,False,The TikTok Killer,same TMDB title,,,1.0,2.0,,,,0.2,0.5,,,,0.2,0.4,,,,9.0,6.0,,False,True,False,False,True,True,True,False
movie:1629369,1629369.0,movie,The Truth and Tragedy of Moriah Wilson,2026.0,Documentary,Documentary|Crime,Film,US,en,,PMZ Pictures|Unreasonable Studios,False,,,False,The Truth and Tragedy of Moriah Wilson,same TMDB title,,,2.0,2.0,,,,0.9,0.8,,,,0.8500000000000001,0.75,,,,2.0,3.0,,False,True,False,False,True,True,True,True
tv:280511,280511.0,tv,The Witness,2026.0,Drama,Drama|Crime,Scripted limited series,GB,en,Netflix,STV Studios,False,,,False,The Witness,same TMDB title,,,4.0,2.0,,,,1.0,0.9,,,,0.775,0.9,,,,1.0,2.0,,False,True,False,False,True,True,True,False
tv:247522,247522.0,tv,Tires,2024.0,Comedy,Comedy,Scripted series,US,en,Netflix,Rough House Pictures|Dad Sick Productions|AGI Entertainment Media & Management,False,,,False,Tires,same TMDB title,,,1.0,2.0,,,,0.7,0.9,,,,0.7,0.8500000000000001,,,,4.0,2.0,,False,True,False,False,True,True,True,True
movie:1752159,1752159.0,movie,Turning Point: Generation 9/11,2026.0,Documentary,Documentary,Film,US,en,,Luminant Media,False,,,False,Turning Point: Generation 9/11,same TMDB title,,,2.0,2.0,,,,0.6,0.7,,,,0.44999999999999996,0.7,,,,5.0,4.0,,False,True,False,False,True,True,True,True
tv:262848,262848.0,tv,Unchosen,2026.0,Drama,Drama,Scripted series,GB,en,Netflix,Double Dutch Productions,False,,,False,Unchosen,same TMDB title,,,3.0,2.0,,,,1.0,1.0,,,,0.7333333333333334,0.85,,,,1.0,1.0,,False,True,False,False,True,True,True,False
tv:274776,274776.0,tv,Unfamiliar,2026.0,Action & Adventure,Action & Adventure|Drama|Crime,Scripted series,DE,de,Netflix,Gaumont,False,,,False,Unfamiliar,same TMDB title,,,3.0,2.0,,,,0.8,0.6,,,,0.4666666666666666,0.35,,,,3.0,5.0,,False,True,False,False,True,True,True,False
movie:1641961,1641961.0,movie,Untold: The Death & Life of Lamar Odom,2026.0,Documentary,Documentary,Film,US,en,,Propagate Content|Stardust Frames,False,,,False,Untold: The Death & Life of Lamar Odom,same TMDB title,,,2.0,2.0,,,,1.0,0.9,,,,0.7,0.5,,,,1.0,2.0,,False,True,False,False,True,True,True,True
tv:195670,195670.0,tv,"XO, Kitty",2023.0,Comedy,Comedy|Drama,Scripted series,US,en,Netflix,AwesomenessTV|ACE Entertainment|Jenny Kissed Me|Purple Pen|Paramount Television Studios,False,,,False,"XO, Kitty",same TMDB title,,,3.0,2.0,,,,1.0,1.0,,,,0.6333333333333333,0.75,,,,1.0,1.0,,False,True,False,False,True,True,True,True
tv:245312,245312.0,tv,A Man on the Inside,2024.0,Comedy,Comedy|Crime,Scripted series,US,en,Netflix,Fremulon|3 Arts Entertainment|Micromundo|Motto Pictures|Universal Television|Dunshire Productions,True,Universal Television,,False,A Man on the Inside,same TMDB title,,,1.0,1.0,,,,0.3,0.3,,,,0.3,0.3,,,,8.0,8.0,,False,True,False,False,True,True,True,True
movie:762441,762441.0,movie,A Quiet Place: Day One,2024.0,Horror,Horror|Science Fiction|Thriller,Film,US,en,,Paramount Pictures|Platinum Dunes|Sunday Night Productions,False,,,False,A Quiet Place: Day One,same TMDB title,,,2.0,1.0,,,,0.4,0.7,,,,0.4,0.7,,,,7.0,4.0,,False,True,False,False,True,True,True,True
tv:72755,72755.0,tv,Absentia,2017.0,Crime,Crime|Drama|Mystery,Scripted series,US,en,Prime Video|AXN,Masha Productions|Media Brat Productions|Bizu Productions,False,,,False,Absentia,same TMDB title,,,3.0,1.0,,,,0.9,0.9,,,,0.4,0.9,,,,2.0,2.0,,False,True,False,False,True,True,True,True
tv:63726,63726.0,tv,Alone,2015.0,Reality,Reality,Reality / unscripted,US,en,History,Leftfield Pictures,False,,,False,ALONE AUSTRALIA | Alone,local format version,3.0,9.0,,1.0,,0.233,0.9,,0.2,,0.20000000000000004,0.7962222222222223,,0.2,,24.0,4.0,,9.0,,False,True,True,True,False,True,True,True
tv:251608,251608.0,tv,Bad Thoughts,2025.0,Comedy,Comedy,Scripted series,US,en,Netflix,YMH Studios,False,,,False,Bad Thoughts,same TMDB title,,,1.0,1.0,,,,0.3,0.4,,,,0.3,0.4,,,,8.0,7.0,,False,True,False,False,True,True,True,True
tv:328629,328629.0,tv,Camp CrunchLabs,2026.0,Reality,Reality,Reality / unscripted,US,en,Netflix,,False,,,False,Camp CrunchLabs,same TMDB title,,,1.0,1.0,,,,0.6,0.1,,,,0.6,0.1,,,,5.0,10.0,,False,True,False,False,True,True,True,True
movie:1277988,1277988.0,movie,Caramelo,2025.0,Comedy,Comedy|Drama,Film,BR,pt,,Migdal Filmes,False,,,False,Caramelo,same TMDB title,,,2.0,1.0,,,,0.3,0.3,,,,0.2,0.3,,,,8.0,8.0,,False,True,False,False,True,True,True,False
movie:1560681,1560681.0,movie,Colors of Evil: Black,2026.0,Thriller,Thriller|Mystery|Crime,Film,PL,pl,,Aurum Film,False,,,False,Colors Of Evil: Black,same TMDB title,,,2.0,1.0,,,,0.4,0.4,,,,0.25,0.4,,,,7.0,7.0,,False,True,False,False,True,True,True,False
movie:1167307,1167307.0,movie,David,2025.0,Animation,Animation|Family|Drama|History|Adventure,Animated film,ZA|US|GB,en,,Sunrise Productions|Slingshot USA|Angel Studios|2521 Entertainment,False,,,False,David,same TMDB title,,,1.0,1.0,,,,0.7,0.8,,,,0.7,0.8,,,,4.0,3.0,,False,True,False,False,True,True,True,True
tv:249597,249597.0,tv,Detective Hole,2026.0,Mystery,Mystery|Crime|Drama,Scripted series,NO|GB|US,no,Netflix,Working Title Television|Universal International Studios|Living Daylights Productions|Redpoint Productions,True,Universal International Studios,,False,Detective Hole,same TMDB title,,,1.0,1.0,,,,0.3,0.4,,,,0.3,0.4,,,,8.0,7.0,,False,True,False,False,True,True,True,True
tv:235930,235930.0,tv,Devil May Cry,2025.0,Animation,Animation|Action & Adventure|Sci-Fi & Fantasy,Animated series,US,en,Netflix,Capcom|Studio Mir|Adishankarbrand|Studio La Cachette,False,,,False,Devil May Cry,same TMDB title,,,1.0,1.0,,,,0.2,0.4,,,,0.2,0.4,,,,9.0,7.0,,False,True,False,False,True,True,True,True
movie:774370,774370.0,movie,Dog Man,2025.0,Family,Family|Comedy|Adventure|Animation|Action,Animated film,US,en,,DreamWorks Animation,True,DreamWorks Animation,,False,Dog Man,same TMDB title,,,2.0,1.0,,,,0.8,0.7,,,,0.5,0.7,,,,3.0,4.0,,False,True,False,False,True,True,True,True
movie:1102491,1102491.0,movie,Dr. Seuss The Cat in the Hat,2002.0,Animation,Animation|Family,Animated film,US,en,,Universal Pictures|Penguin Books|Random House,True,Universal Pictures,,False,Dr. Seuss' The Cat in the Hat,same TMDB title,,,1.0,1.0,,,,0.2,0.2,,,,0.2,0.2,,,,9.0,9.0,,False,True,False,False,True,True,True,True
tv:315159,315159.0,tv,Dynasty: The Murdochs,2026.0,Documentary,Documentary,Documentary,US,en,Netflix,Story Syndicate,False,,,False,Dynasty: The Murdochs,same TMDB title,,,3.0,1.0,,,,0.8,0.5,,,,0.3333333333333333,0.5,,,,3.0,6.0,,False,True,False,False,True,True,True,True
tv:281401,281401.0,tv,Finding Her Edge,2026.0,Drama,Drama,Scripted series,CA,en,Netflix,WildBrain,False,,,False,Finding Her Edge,same TMDB title,,,2.0,1.0,,,,0.6,0.4,,,,0.6,0.4,,,,5.0,7.0,,False,True,False,False,True,True,True,False
movie:1428862,1428862.0,movie,Firebreak,2026.0,Thriller,Thriller|Drama,Film,ES,es,,Espotlight,False,,,False,Firebreak,same TMDB title,,,1.0,1.0,,,,0.7,0.8,,,,0.7,0.8,,,,4.0,3.0,,False,True,False,False,True,True,True,False
movie:43949,43949.0,movie,Flipped,2010.0,Romance,Romance|Drama,Film,US,en,,Reiner / Greisman Productions|Castle Rock Entertainment,False,,,False,Flipped,same TMDB title,,,1.0,1.0,,,,0.4,0.5,,,,0.4,0.5,,,,7.0,6.0,,False,True,False,False,True,True,True,True
movie:1688804,1688804.0,movie,Freefall: A Reckoning for Boeing,2026.0,Documentary,Documentary,Film,US,en,,Imagine Documentaries|Moxie Films,False,,,False,Freefall: A Reckoning for Boeing,same TMDB title,,,2.0,1.0,,,,0.6,0.5,,,,0.35,0.5,,,,5.0,6.0,,False,True,False,False,True,True,True,True
tv:111474,111474.0,tv,Gabby's Dollhouse,2021.0,Kids,Kids|Comedy|Animation|Sci-Fi & Fantasy,Animated series,US,en,Netflix,DreamWorks Animation Television,True,DreamWorks Animation Television,,False,Gabby's Dollhouse,same TMDB title,,,4.0,1.0,,,,0.6,0.3,,,,0.4,0.3,,,,5.0,8.0,,False,True,False,False,True,True,True,True
movie:1280282,1280282.0,movie,Gabby's Dollhouse: The Movie,2025.0,Adventure,Adventure|Animation|Comedy|Family|Fantasy,Animated film,US,en,,DreamWorks Animation,True,DreamWorks Animation,,False,Gabby's Dollhouse: The Movie,same TMDB title,,,2.0,1.0,,,,0.7,0.2,,,,0.6,0.2,,,,4.0,9.0,,False,True,False,False,True,True,True,True
movie:1744462,1744462.0,movie,Grand Theft Auto VI: An Extended Look,2026.0,Animation,Animation|Action|Adventure|Crime,Animated film,US,en,,Rockstar Games,False,,,False,Grand Theft Auto VI: An Extended Look,same TMDB title,,,2.0,1.0,,,,1.0,1.0,,,,0.55,1.0,,,,1.0,1.0,,False,True,False,False,True,True,True,True
tv:326194,326194.0,tv,Hot Ones: Extra Heat,2026.0,Talk,Talk,Talk / variety,US,en,Netflix,Digital Cinema Collective,False,,,False,Hot Ones: Extra Heat,same TMDB title,,,1.0,1.0,,,,0.1,0.6,,,,0.1,0.6,,,,10.0,5.0,,False,True,False,False,True,True,True,True
tv:250988,250988.0,tv,House of Guinness,2025.0,Drama,Drama,Scripted series,GB,en,Netflix,Kudos|Nebulastar,False,,,False,House of Guinness,same TMDB title,,,3.0,1.0,,,,0.8,0.3,,,,0.5666666666666668,0.3,,,,3.0,8.0,,False,True,False,False,True,True,True,False
tv:103506,103506.0,tv,Jeffrey Epstein: Filthy Rich,2020.0,Crime,Crime|Documentary,Documentary,US,en,Netflix,RadicalMedia|James Patterson Entertainment|Third Eye Motion Picture Company,False,,,False,Jeffrey Epstein: Filthy Rich,same TMDB title,,,2.0,1.0,,,,0.7,0.5,,,,0.5,0.5,,,,4.0,6.0,,False,True,False,False,True,True,True,True
tv:252193,252193.0,tv,Last Samurai Standing,2025.0,Action & Adventure,Action & Adventure|Drama,Scripted series,JP,ja,Netflix,Netflix|Office Shirous,False,,,False,Last Samurai Standing,same TMDB title,,,2.0,1.0,,,,0.7,0.5,,,,0.55,0.5,,,,4.0,6.0,,False,True,False,False,True,True,True,False
tv:157732,157732.0,tv,Lawmen: Bass Reeves,2023.0,Drama,Drama,Scripted limited series,US,en,Paramount+,Yoruba Saxon|Bosque Ranch Productions|MTV Entertainment Studios|101 Studios|Catch Fire Films,False,,,False,Lawmen: Bass Reeves,same TMDB title,,,1.0,1.0,,,,0.6,0.2,,,,0.6,0.2,,,,5.0,9.0,,False,True,False,False,True,True,True,True
tv:60855,60855.0,tv,Legends,2014.0,Crime,Crime|Mystery|Action & Adventure,Scripted series,US,en,TNT,Paperboy Productions|Teakwood Lane Productions|Fox 21|Fox 21 Television Studios,False,,,False,Legends,same TMDB title,,,6.0,1.0,,,,0.9,0.1,,,,0.6,0.1,,,,2.0,10.0,,False,True,False,False,True,True,True,True
movie:1071585,1071585.0,movie,M3GAN 2.0,2025.0,Action,Action|Science Fiction|Thriller,Film,US,en,,Blumhouse Productions|Atomic Monster|Divide / Conquer,False,,,False,M3GAN 2.0,same TMDB title,,,1.0,1.0,,,,0.7,0.9,,,,0.7,0.9,,,,4.0,2.0,,False,True,False,False,True,True,True,True
tv:303173,303173.0,tv,MARINES,2025.0,Documentary,Documentary,Documentary,US,en,Netflix,Lucky8 TV|Amblin Television,False,,,False,MARINES,same TMDB title,,,1.0,1.0,,,,0.6,0.6,,,,0.6,0.6,,,,5.0,5.0,,False,True,False,False,True,True,True,True
tv:225351,225351.0,tv,Missing: Dead or Alive?,2023.0,Crime,Crime|Documentary,Documentary,US,en,Netflix,Blast! Films,False,,,False,Missing: Dead or Alive?,same TMDB title,,,2.0,1.0,,,,0.7,0.6,,,,0.5,0.6,,,,4.0,5.0,,False,True,False,False,True,True,True,True
movie:1584619,1584619.0,movie,Murder in Monaco,2025.0,Crime,Crime|Documentary,Film,GB,en,,Ventureland,False,,,False,Murder in Monaco,same TMDB title,,,1.0,1.0,,,,0.5,0.4,,,,0.5,0.4,,,,6.0,7.0,,False,True,False,False,True,True,True,False
tv:309798,309798.0,tv,My Brilliant Career,2026.0,Drama,Drama|Family,Scripted limited series,AU,en,Netflix,Jungle Entertainment,False,,,False,My Brilliant Career,same TMDB title,,,3.0,1.0,,,,0.9,0.5,,,,0.7333333333333334,0.5,,,,2.0,6.0,,False,True,False,False,True,True,True,False
tv:246027,246027.0,tv,No One Saw Us Leave,2025.0,Drama,Drama,Scripted limited series,MX,es,Netflix,Alebrije Producciones|Peninsula Films|Big Drama,False,,,False,No One Saw Us Leave,same TMDB title,,,2.0,1.0,,,,0.6,0.4,,,,0.44999999999999996,0.4,,,,5.0,7.0,,False,True,False,False,True,True,True,False
tv:320760,320760.0,tv,Not a Stranger,2026.0,Drama,Drama,Scripted series,TR,tr,Netflix,,False,,,False,Not a Stranger,same TMDB title,,,1.0,1.0,,,,0.6,0.5,,,,0.6,0.5,,,,5.0,6.0,,False,True,False,False,True,True,True,False
tv:296285,296285.0,tv,Oasis,2026.0,Crime,Crime|Mystery|Drama,Scripted series,ES,es,Netflix,Bambú Producciones,False,,,False,Oasis,same TMDB title,,,1.0,1.0,,,,0.5,0.4,,,,0.5,0.4,,,,6.0,7.0,,False,True,False,False,True,True,True,False
movie:1610413,1610413.0,movie,One Last Adventure: The Making of Stranger Things 5,2026.0,Documentary,Documentary,Film,US,en,,MakeMake,False,,,False,One Last Adventure: The Making of Stranger Things 5,same TMDB title,,,1.0,1.0,,,,0.6,0.6,,,,0.6,0.6,,,,5.0,5.0,,False,True,False,False,True,True,True,True
tv:263346,263346.0,tv,Ripple,2025.0,Drama,Drama,Scripted series,CA,en,Netflix,Lionsgate Canada,False,,,False,Ripple,same TMDB title,,,2.0,1.0,,,,0.6,0.3,,,,0.44999999999999996,0.3,,,,5.0,8.0,,False,True,False,False,True,True,True,False
movie:1371189,1371189.0,movie,Ruth & Boaz,2025.0,Romance,Romance|Drama|Music,Film,US,en,,Tyler Perry Studios,False,,,False,Ruth & Boaz,same TMDB title,,,1.0,1.0,,,,0.8,0.9,,,,0.8,0.9,,,,3.0,2.0,,False,True,False,False,True,True,True,True
tv:85046,85046.0,tv,Shrill,2019.0,Comedy,Comedy|Drama,Scripted series,US,en,Hulu,Warner Bros. Television|Broadway Video|Brownstone Productions,False,,,False,Shrill,same TMDB title,,,2.0,1.0,,,,0.7,0.7,,,,0.44999999999999996,0.7,,,,4.0,4.0,,False,True,False,False,True,True,True,True
movie:1371185,1371185.0,movie,Song Sung Blue,2025.0,Music,Music|Romance|Drama,Film,US,en,,Focus Features|Davis Entertainment,True,Focus Features,,False,Song Sung Blue,same TMDB title,,,3.0,1.0,,,,0.9,0.3,,,,0.4666666666666666,0.3,,,,2.0,8.0,,False,True,False,False,True,True,True,True
tv:17611,17611.0,tv,Southland,2009.0,Drama,Drama,Scripted series,US,en,NBC|TNT,John Wells Productions,False,,NBC,True,Southland,same TMDB title,,,1.0,1.0,,,,0.4,0.3,,,,0.4,0.3,,,,7.0,8.0,,False,True,False,False,True,True,True,True
movie:11074,11074.0,movie,Striking Distance,1993.0,Crime,Crime|Action|Mystery|Thriller,Film,US,en,,Columbia Pictures|Arnon Milchan Productions,False,,,False,Striking Distance,same TMDB title,,,2.0,1.0,,,,0.6,0.3,,,,0.35,0.3,,,,5.0,8.0,,False,True,False,False,True,True,True,True
movie:11529,11529.0,movie,Sweet Home Alabama,2002.0,Comedy,Comedy|Romance,Film,US,en,,Touchstone Pictures|Original Film|D&D Films|Pigeon Creek Films,False,,,False,Sweet Home Alabama,same TMDB title,,,1.0,1.0,,,,0.5,0.3,,,,0.5,0.3,,,,6.0,8.0,,False,True,False,False,True,True,True,True
movie:9954,9954.0,movie,The Covenant,2006.0,Fantasy,Fantasy|Horror|Adventure,Film,US,en,,Screen Gems|Lakeshore Entertainment|Sandstorm Films,False,,,False,The Covenant,same TMDB title,,,2.0,1.0,,,,0.9,0.7,,,,0.8,0.7,,,,2.0,4.0,,False,True,False,False,True,True,True,True
movie:670292,670292.0,movie,The Creator,2023.0,Science Fiction,Science Fiction|Action|Adventure,Film,US,en,,New Regency Pictures|Entertainment One|Regency Enterprises|Bad Dreams,False,,,False,The Creator,same TMDB title,,,2.0,1.0,,,,0.3,0.2,,,,0.3,0.2,,,,8.0,9.0,,False,True,False,False,True,True,True,True
movie:1630409,1630409.0,movie,The Debt Collector,2026.0,Action,Action|Thriller|Crime,Film,TH,th,,Jungka Bangkok,False,,,False,The Debt Collector,same TMDB title,,,1.0,1.0,,,,0.1,0.4,,,,0.1,0.4,,,,10.0,7.0,,False,True,False,False,True,True,True,False
movie:449562,449562.0,movie,The Hustle,2019.0,Comedy,Comedy|Crime,Film,US,en,,Pin High|Metro-Goldwyn-Mayer|Cave 76 Productions|Camp Sugar|Palma Pictures,False,,,False,The Hustle,same TMDB title,,,3.0,1.0,,,,1.0,0.5,,,,0.5666666666666667,0.5,,,,1.0,6.0,,False,True,False,False,True,True,True,True
movie:1274706,1274706.0,movie,The Marked Woman,2026.0,Thriller,Thriller|Crime,Film,ES,es,,K & S Films,False,,,False,The Marked Woman,same TMDB title,,,1.0,1.0,,,,0.5,0.3,,,,0.5,0.3,,,,6.0,8.0,,False,True,False,False,True,True,True,False
tv:247756,247756.0,tv,The Monster of Florence,2025.0,Crime,Crime|Mystery|Drama,Scripted limited series,IT,it,Netflix,The Apartment Pictures|AlterEgo,False,,,False,The Monster of Florence,same TMDB title,,,1.0,1.0,,,,0.6,0.4,,,,0.6,0.4,,,,5.0,7.0,,False,True,False,False,True,True,True,False
tv:204539,204539.0,tv,The Reunion,2022.0,Mystery,Mystery|Drama,Scripted limited series,FR,fr,France 2,Make It Happen Studio,False,,,False,The Reunion,same TMDB title,,,1.0,1.0,,,,0.5,1.0,,,,0.5,1.0,,,,6.0,1.0,,False,True,False,False,True,True,True,False
movie:927254,927254.0,movie,The Twits,2025.0,Animation,Animation|Comedy|Family|Fantasy,Animated film,GB|US,en,,Jellyfish Pictures|The Roald Dahl Story Company|Netflix Animation Studios,False,,,False,The Twits,same TMDB title,,,3.0,1.0,,,,0.7,0.5,,,,0.5666666666666667,0.5,,,,4.0,6.0,,False,True,False,False,True,True,True,True
movie:1180831,1180831.0,movie,Troll 2,2025.0,Action,Action|Fantasy|Thriller,Film,NO,no,,Motion Blur,False,,,False,Troll 2,same TMDB title,,,1.0,1.0,,,,0.9,1.0,,,,0.9,1.0,,,,2.0,1.0,,False,True,False,False,True,True,True,False
tv:300999,300999.0,tv,True Haunting,2025.0,Documentary,Documentary|Mystery,Documentary,US,en,Netflix,Atomic Monster|RAW,False,,,False,True Haunting,same TMDB title,,,1.0,1.0,,,,0.7,0.7,,,,0.7,0.7,,,,4.0,4.0,,False,True,False,False,True,True,True,True
movie:1492640,1492640.0,movie,UNABOMBER,2026.0,Thriller,Thriller|Drama|Crime,Film,US,en,,MRC|2.0 Entertainment,False,,,False,UNABOMBER,same TMDB title,,,1.0,1.0,,,,1.0,1.0,,,,1.0,1.0,,,,1.0,1.0,,False,True,False,False,True,True,True,True
movie:1739206,1739206.0,movie,Untold Mr. T: I Pity the Fool,2026.0,Documentary,Documentary,Film,US,en,,,False,,,False,Untold Mr. T: I Pity The Fool,same TMDB title,,,1.0,1.0,,,,0.2,0.5,,,,0.2,0.5,,,,9.0,6.0,,False,True,False,False,True,True,True,True
movie:1739202,1739202.0,movie,Untold Raygun: Breaking Badly,2026.0,Documentary,Documentary,Film,US|AU,en,,Stardust Frames|Propagate Content|Warner Bros. International Television Production Australia,False,,,False,Untold Raygun: Breaking Badly,same TMDB title,,,2.0,1.0,,,,0.6,0.5,,,,0.55,0.5,,,,5.0,6.0,,False,True,False,False,True,True,True,True
movie:1641966,1641966.0,movie,Untold: The Shooting at Hawthorne Hill,2026.0,Documentary,Documentary,Film,US,en,,Propagate Content|Stardust Frames,False,,,False,Untold: The Shooting at Hawthorne Hill,same TMDB title,,,1.0,1.0,,,,0.6,0.8,,,,0.6,0.8,,,,5.0,3.0,,False,True,False,False,True,True,True,True
tv:285739,285739.0,tv,Vladimir,2026.0,Drama,Drama,Scripted limited series,US,en,Netflix,20th Television|Small Dog Picture Company|Merman|Astral Projection,False,,,False,Vladimir,same TMDB title,,,2.0,1.0,,,,0.6,0.4,,,,0.55,0.4,,,,5.0,7.0,,False,True,False,False,True,True,True,True
movie:967941,967941.0,movie,Wicked: For Good,2025.0,Fantasy,Fantasy|Adventure|Romance,Film,US,en,,Universal Pictures|Marc Platt Productions,True,Universal Pictures,,False,Wicked: For Good,same TMDB title,,,1.0,1.0,,,,0.4,0.6,,,,0.4,0.6,,,,7.0,5.0,,False,True,False,False,True,True,True,True
tv:286940,286940.0,tv,Wonka's The Golden Ticket,2026.0,Reality,Reality,Reality / unscripted,US,en,Netflix,Eureka Productions,False,,,False,Wonka's The Golden Ticket,same TMDB title,,,1.0,1.0,,,,0.8,0.8,,,,0.8,0.8,,,,3.0,3.0,,False,True,False,False,True,True,True,True
tv:271950,271950.0,tv,Tom Segura,2014.0,Comedy,Comedy,Scripted series,US,en,,,False,,,False,Tom Segura: Teacher,same TMDB title,,,1.0,1.0,,,,0.1,0.7,,,,0.1,0.7,,,,10.0,4.0,,False,True,False,False,True,True,True,True
tv:82728,82728.0,tv,Bluey,2018.0,Animation,Animation|Comedy|Family|Kids,Animated series,AU,en,ABC Kids,Ludo Studio|Australian Broadcasting Corporation|Screen Australia|Screen Queensland|CBeebies|BBC Worldwide|BBC Studios Distribution,False,,,False,Bluey,same TMDB title,,,,,13.0,,,,,0.9,,,,,0.5642857142857143,,,,,2.0,True,False,False,False,False,True,False,False
tv:1416,1416.0,tv,Grey's Anatomy,2005.0,Drama,Drama,Scripted series,US,en,ABC,The Mark Gordon Company|shondaland|ABC Studios|Touchstone Television|Entertainment One Television|Lionsgate Television|ABC Signature|Trip the Light Productions|20th Television,False,,,False,Grey's Anatomy,same TMDB title,,,,,12.0,,,,,0.8,,,,,0.4846153846153846,,,,,3.0,True,False,False,False,False,True,False,True
tv:1418,1418.0,tv,The Big Bang Theory,2007.0,Comedy,Comedy,Scripted series,US,en,CBS,Chuck Lorre Productions|Warner Bros. Television,False,,,False,The Big Bang Theory,same TMDB title,,,,,10.0,,,,,1.0,,,,,0.5363636363636364,,,,,1.0,True,False,False,False,False,True,False,True
tv:387,387.0,tv,SpongeBob SquarePants,1999.0,Animation,Animation|Comedy|Family,Animated series,US,en,Nickelodeon,United Plankton Pictures|Nickelodeon Productions|Nickelodeon Animation Studio,False,,,False,SpongeBob SquarePants | Spongebob Squarepants,same TMDB title,,,,,5.0,,,,,0.7,,,,,0.2333333333333333,,,,,4.0,True,False,False,False,False,True,False,True
tv:32726,32726.0,tv,Bob's Burgers,2011.0,Animation,Animation|Comedy,Animated series,US,en,FOX,20th Century Fox Television|Bento Box Entertainment|Wilo Productions|Buck & Millie Productions|20th Television Animation|20th Television,False,,,False,Bob's Burgers,same TMDB title,,,,,4.0,,,,,0.5,,,,,0.375,,,,,6.0,True,False,False,False,False,True,False,True
tv:299167,299167.0,tv,Dutton Ranch,2026.0,Western,Western|Drama,Scripted series,US,en,Paramount Network|Paramount+,Paramount Television Studios|101 Studios|Bosque Ranch Productions|Linson Entertainment,False,,,False,Dutton Ranch,same TMDB title,,,,,4.0,,,,,0.5,,,,,0.35,,,,,6.0,True,False,False,False,False,True,False,True
tv:4614,4614.0,tv,NCIS,2003.0,Crime,Crime|Drama|Action & Adventure,Scripted series,US,en,CBS,Paramount Television|Belisarius Productions|CBS Studios,False,,,False,NCIS,same TMDB title,,,,,4.0,,,,,0.6,,,,,0.5,,,,,5.0,True,False,False,False,False,True,False,True
tv:549,549.0,tv,Law & Order,1990.0,Crime,Crime|Drama,Scripted series,US,en,NBC,Wolf Entertainment|Universal Television|Universal Media Studios|Studios USA,True,Wolf Entertainment,NBC,False,Law & Order,same TMDB title,,,,,3.0,,,,,0.3,,,,,0.2333333333333333,,,,,8.0,True,False,False,False,False,True,False,True
tv:76479,76479.0,tv,The Boys,2019.0,Sci-Fi & Fantasy,Sci-Fi & Fantasy|Action & Adventure,Scripted series,US,en,Prime Video,Amazon Studios|Original Film|Sony Pictures Television|Kripke Enterprises|Point Grey Pictures|Kickstart Entertainment|Nightsky Productions|Amazon MGM Studios,False,,,False,The Boys,same TMDB title,,,,,3.0,,,,,0.8,,,,,0.6,,,,,3.0,True,False,False,False,False,True,False,True
movie:1297842,1297842.0,movie,GOAT,2026,Animation,Animation|Comedy|Family,Animated film,US,en,,Sony Pictures Animation|Unanimous Media|Modern Magic|Columbia Pictures|MACRO|TSG Entertainment,False,,,False,GOAT | Goat,same TMDB title,,,,7.0,2.0,,,,1.0,0.9,,,,0.7285714285714285,0.7,,,,1.0,2.0,True,True,False,False,False,True,False,True
tv:1434,1434.0,tv,Family Guy,1999.0,Animation,Animation|Comedy,Animated series,US,en,FOX,20th Century Fox Television|Fuzzy Door Productions|20th Television Animation|20th Television,False,,,False,Family Guy,same TMDB title,,,,,2.0,,,,,0.4,,,,,0.30000000000000004,,,,,7.0,True,False,False,False,False,True,False,True
tv:1407,1407.0,tv,Homeland,2011.0,Drama,Drama|War & Politics|Crime,Scripted series,US,en,Showtime,Showtime Networks|Teakwood Lane Productions|Cherry Pie Productions|Keshet Broadcasting|Fox 21|Fox 21 Television Studios|Keshet International,False,,,False,Homeland,same TMDB title,,,,,2.0,,,,,0.7,,,,,0.6,,,,,4.0,True,False,False,False,False,True,False,True
tv:94997,94997.0,tv,House of the Dragon,2022.0,Sci-Fi & Fantasy,Sci-Fi & Fantasy|Drama|Action & Adventure,Scripted series,US,en,HBO,HBO|Bastard Sword|1:26 Pictures|GRRM,False,,,False,House of the Dragon,same TMDB title,,,,,2.0,,,,,0.9,,,,,0.55,,,,,2.0,True,False,False,False,False,True,False,True
tv:157741,157741.0,tv,Landman,2024.0,Drama,Drama,Scripted series,US,en,Paramount+,Bosque Ranch Productions|101 Studios|MTV Entertainment Studios|Texas Monthly|Imperative Entertainment|Paramount Television Studios,False,,,False,Landman,same TMDB title,,,,,2.0,,,,,0.9,,,,,0.8500000000000001,,,,,2.0,True,False,False,False,False,True,False,True
tv:113962,113962.0,tv,Lioness,2023.0,Drama,Drama|War & Politics,Scripted series,US,en,Paramount+,Blossom Films|MTV Entertainment Studios|101 Studios|Bosque Ranch Productions|Cinestar Pictures|Paramount Television Studios,False,,,False,Lioness,same TMDB title,,,,,2.0,,,,,0.7,,,,,0.5333333333333333,,,,,4.0,True,False,False,False,False,True,False,True
tv:97546,97546.0,tv,Ted Lasso,2020.0,Drama,Drama|Comedy,Scripted series,US,en,Apple TV,Doozer|Warner Bros. Television|Universal Television|Ruby's Tuna,True,Universal Television,,False,Ted Lasso,same TMDB title,,,,,2.0,,,,,0.7,,,,,0.6,,,,,4.0,True,False,False,False,False,True,False,True
tv:250307,250307.0,tv,The Pitt,2025.0,Drama,Drama,Scripted series,US,en,Max|HBO Max,John Wells Productions|Warner Bros. Television|R. Scott Gemmill Productions,False,,,False,The Pitt,same TMDB title,,,,,2.0,,,,,0.9,,,,,0.8500000000000001,,,,,2.0,True,False,False,False,False,True,False,True
tv:261102,261102.0,tv,The Secret Lives of Mormon Wives,2024.0,Reality,Reality|Documentary,Reality / unscripted,US,en,Hulu,Jeff Jenkins Productions|Walt Disney Television Alternative|3BMG,False,,,False,The Secret Lives of Mormon Wives,same TMDB title,,,,,2.0,,,,,0.1,,,,,0.1,,,,,10.0,True,False,False,False,False,True,False,True
movie:617126,617126.0,movie,The Fantastic 4: First Steps,2025.0,Science Fiction,Science Fiction|Adventure|Action,Film,US,en,,Marvel Studios|Kevin Feige Productions,False,,,False,The Fantastic Four: First Steps,same TMDB title,,,,,2.0,,,,,0.4,,,,,0.25,,,,,7.0,True,False,False,False,False,True,False,True
tv:99353,99353.0,tv,Love Is Blind,2020.0,Reality,Reality,Reality / unscripted,US,en,Netflix,Kinetic Content,False,,,False,Love Is Blind,same TMDB title,,,,8.0,1.0,,,,0.8,0.3,,,,0.6375,0.3,,,,3.0,8.0,True,True,False,False,False,True,False,True
movie:1234731,1234731.0,movie,Anaconda,2025.0,Adventure,Adventure|Comedy|Horror,Film,US,en,,Fully Formed Entertainment|Columbia Pictures|TSG Entertainment,False,,,False,Anaconda,same TMDB title,,,,3.0,1.0,,,,1.0,0.3,,,,0.8666666666666667,0.3,,,,1.0,8.0,True,True,False,False,False,True,False,True
tv:128839,128839.0,tv,La Brea,2021.0,Sci-Fi & Fantasy,Sci-Fi & Fantasy|Drama|Action & Adventure,Scripted series,US,en,NBC,Keshet Studios|Universal Television|Matchbox Pictures,True,Universal Television,NBC,False,La Brea,same TMDB title,,,,3.0,1.0,,,,0.6,0.7,,,,0.5,0.7,,,,5.0,4.0,True,True,False,False,False,True,False,True
movie:315162,315162.0,movie,Puss in Boots: The Last Wish,2022.0,Animation,Animation|Adventure|Fantasy|Comedy|Family,Animated film,US,en,,DreamWorks Animation,True,DreamWorks Animation,,False,Puss in Boots: The Last Wish,same TMDB title,,,,2.0,1.0,,,,0.7,0.8,,,,0.5,0.8,,,,4.0,3.0,True,True,False,False,False,True,False,True
movie:634528,634528.0,movie,The Marksman,2021.0,Action,Action|Drama|Thriller,Film,US,en,,Sculptor Media|Zero Gravity Management|Cutting Edge Group|Stonehouse Motion Pictures|Voltage Pictures,False,,,False,The Marksman,same TMDB title,,,,2.0,1.0,,,,0.7,0.7,,,,0.6499999999999999,0.7,,,,4.0,4.0,True,True,False,False,False,True,False,True
movie:1648760,1648760.0,movie,The Seemingly Perfect Family,2026.0,Thriller,Thriller|TV Movie,Film,US,en,,Storyteller Studios|Lifetime,False,,,False,The Seemingly Perfect Family,same TMDB title,,,,2.0,1.0,,,,0.9,0.9,,,,0.65,0.9,,,,2.0,2.0,True,True,False,False,False,True,False,True
tv:1450,1450.0,tv,The Closer,2005.0,Crime,Crime|Drama|Mystery,Scripted series,US,en,TNT,The Shephard/Robin Company|Walking Entropy|Warner Bros. Television,False,,,False,The Closer,same TMDB title,,,,1.0,1.0,,,,0.3,0.8,,,,0.3,0.8,,,,8.0,3.0,True,True,False,False,False,True,False,True
tv:246386,246386.0,tv,All Her Fault,2025.0,Mystery,Mystery|Crime,Scripted limited series,GB,en,Sky Atlantic,Carnival Films|Universal International Studios,True,Carnival Films,Sky Atlantic,False,All Her Fault,same TMDB title,,,,,1.0,,,,,0.7,,,,,0.7,,,,,4.0,True,False,False,False,False,True,False,False
tv:4057,4057.0,tv,Criminal Minds,2005.0,Crime,Crime|Drama|Mystery,Scripted series,US,en,CBS|Paramount+,Touchstone Television|The Mark Gordon Company|Paramount Television|CBS Studios|Erica Messer Productions|ABC Studios|ABC Signature|Entertainment One Television|Lionsgate Television|20th Television,False,,,False,Criminal Minds,same TMDB title,,,,,1.0,,,,,0.2,,,,,0.2,,,,,9.0,True,False,False,False,False,True,False,True
tv:85552,85552.0,tv,Euphoria,2019.0,Drama,Drama,Scripted series,US,en,HBO,A24|The Reasonable Bunch|Little Lamb Productions|DreamCrew|Tiny Goat|HBO|ADD Content Agency|Hot|Tedy,False,,,False,Euphoria,same TMDB title,,,,,1.0,,,,,0.2,,,,,0.2,,,,,9.0,True,False,False,False,False,True,False,True
tv:106379,106379.0,tv,Fallout,2024.0,Action & Adventure,Action & Adventure|Sci-Fi & Fantasy|Drama,Scripted series,US,en,Prime Video,Kilter Films|Bethesda Game Studios|Amazon MGM Studios|Big Indie Pictures,False,,,False,Fallout,same TMDB title,,,,,1.0,,,,,0.5,,,,,0.5,,,,,6.0,True,False,False,False,False,True,False,True
movie:1125257,1125257.0,movie,Freakier Friday,2025.0,Comedy,Comedy|Fantasy|Family,Film,US,en,,Walt Disney Pictures|Burr! Productions|Gunn Films,False,,,False,Freakier Friday,same TMDB title,,,,,1.0,,,,,0.6,,,,,0.6,,,,,5.0,True,False,False,False,False,True,False,True
tv:3713,3713.0,tv,Gunsmoke,1955.0,Western,Western|Action & Adventure|Drama,Scripted series,US,en,CBS,Filmaster Productions|Arness Production Company|CBS,False,,,False,Gunsmoke,same TMDB title,,,,,1.0,,,,,0.3,,,,,0.3,,,,,8.0,True,False,False,False,False,True,False,True
movie:1327819,1327819.0,movie,Hoppers,2026,Adventure,Adventure|Animation|Comedy|Family|Science Fiction,Animated film,US,en,,Pixar,False,,,False,Hoppers,same TMDB title,,,,,1.0,,,,,0.3,,,,,0.3,,,,,8.0,True,False,False,False,False,True,False,True
tv:200875,200875.0,tv,IT: Welcome to Derry,2025.0,Drama,Drama|Mystery,Scripted series,US,en,HBO,Warner Bros. Television|Double Dream|Rideback|Vertigo Entertainment|HBO|FiveTen Productions|K Plus Ultra,False,,,False,IT: Welcome to Derry,same TMDB title,,,,,1.0,,,,,0.1,,,,,0.1,,,,,10.0,True,False,False,False,False,True,False,True
tv:95350,95350.0,tv,Lanterns,2026.0,Drama,Drama|Mystery|Sci-Fi & Fantasy,Scripted series,US,en,HBO,"DC Studios|HBO|Warner Bros. Television|Man, Woman & Child Productions",False,,,False,Lanterns,same TMDB title,,,,,1.0,,,,,0.4,,,,,0.4,,,,,7.0,True,False,False,False,False,True,False,True
tv:39483,39483.0,tv,Major Crimes,2012.0,Crime,Crime|Drama,Scripted series,US,en,TNT,Warner Bros. Television|The Shephard/Robin Company|Walking Entropy,False,,,False,Major Crimes,same TMDB title,,,,,1.0,,,,,0.9,,,,,0.65,,,,,2.0,True,False,False,False,False,True,False,True
movie:1137844,1137844.0,movie,Mayday,2026.0,Action,Action|Comedy,Film,US,en,,Skydance Media|Maximum Effort|GoldDay,False,,,False,Mayday,same TMDB title,,,,,1.0,,,,,0.2,,,,,0.2,,,,,9.0,True,False,False,False,False,True,False,True
tv:1421,1421.0,tv,Modern Family,2009.0,Comedy,Comedy,Scripted series,US,en,ABC,Levitan Lloyd Productions|20th Century Fox Television|Steven Levitan Prods|Picador Productions,False,,,False,Modern Family,same TMDB title,,,,,1.0,,,,,0.3,,,,,0.3,,,,,8.0,True,False,False,False,False,True,False,True
tv:273207,273207.0,tv,Neagley,2026.0,Drama,Drama|Mystery|Crime,Scripted series,US,en,Prime Video,Amazon MGM Studios|Paramount Television Studios,False,,,False,Neagley,same TMDB title,,,,,1.0,,,,,1.0,,,,,1.0,,,,,1.0,True,False,False,False,False,True,False,True
movie:1248226,1248226.0,movie,Playdate,2025.0,Action,Action|Comedy,Film,US,en,,Amazon MGM Studios|Nickel City Pictures|A Higher Standard|Wide Awake Pictures|Arcana Studio,False,,,False,Playdate,same TMDB title,,,,,1.0,,,,,0.8,,,,,0.8,,,,,3.0,True,False,False,False,False,True,False,True
movie:6435,6435.0,movie,Practical Magic,1998.0,Romance,Romance|Fantasy|Comedy,Film,US,en,,Di Novi Pictures|Fortis Films|Village Roadshow Pictures|Warner Bros. Pictures,False,,,False,Practical Magic,same TMDB title,,,,,1.0,,,,,0.4,,,,,0.4,,,,,7.0,True,False,False,False,False,True,False,True
tv:108978,108978.0,tv,Reacher,2022.0,Action & Adventure,Action & Adventure|Crime,Scripted series,US,en,Prime Video,Amazon Studios|Skydance Television|Paramount Television Studios|Amazon MGM Studios|Paramount Television Studios,False,,,False,Reacher,same TMDB title,,,,,1.0,,,,,0.8,,,,,0.8,,,,,3.0,True,False,False,False,False,True,False,True
tv:220102,220102.0,tv,Spider-Noir,2026.0,Drama,Drama|Mystery|Crime,Scripted series,US,en,MGM+,Pascal Pictures|Lord Miller|Sony Pictures Television|Amazon MGM Studios|Bohemian Risk|Oren|Marvel Comics,False,,,False,Spider-Noir,same TMDB title,,,,,1.0,,,,,0.7,,,,,0.7,,,,,4.0,True,False,False,False,False,True,False,True
movie:1081003,1081003.0,movie,Supergirl,2026.0,Action,Action|Adventure|Science Fiction,Film,US,en,,DC Studios|Troll Court Entertainment|The Safran Company|Domain Entertainment,False,,,False,Supergirl,same TMDB title,,,,,1.0,,,,,0.7,,,,,0.7,,,,,4.0,True,False,False,False,False,True,False,True
tv:225891,225891.0,tv,The Madison,2026.0,Drama,Drama,Scripted series,US,en,Paramount+,101 Studios|Bosque Ranch Productions|Paramount Television Studios,False,,,False,The Madison,same TMDB title,,,,,1.0,,,,,0.7,,,,,0.7,,,,,4.0,True,False,False,False,False,True,False,True
movie:1226863,1226863.0,movie,The Super Mario Galaxy Movie,2026.0,Family,Family|Comedy|Adventure|Fantasy|Animation,Animated film,US,en,,Illumination|Universal Pictures|Nintendo,True,Illumination,,False,The Super Mario Galaxy Movie,same TMDB title,,,,,1.0,,,,,0.3,,,,,0.3,,,,,8.0,True,False,False,False,False,True,False,True
movie:1380291,1380291.0,movie,Tom Clancy's Jack Ryan: Ghost War,2026,Action,Action|Thriller,Film,US,en,,Sunday Night Productions|Paramount Pictures|Big Indie Pictures,False,,,False,Tom Clancy's Jack Ryan: Ghost War,same TMDB title,,,,,1.0,,,,,0.4,,,,,0.4,,,,,7.0,True,False,False,False,False,True,False,True
tv:71728,71728.0,tv,Young Sheldon,2017.0,Comedy,Comedy|Family|Drama,Scripted series,US,en,CBS,Warner Bros. Television|Chuck Lorre Productions,False,,,False,Young Sheldon,same TMDB title,,,,,1.0,,,,,0.1,,,,,0.1,,,,,10.0,True,False,False,False,False,True,False,True
movie:1228710,1228710.0,movie,The Mandalorian and Grogu,2026.0,Action,Action|Adventure|Science Fiction,Film,US,en,,Lucasfilm Ltd.|Fairview Entertainment,False,,,False,Star Wars: The Mandalorian and Grogu,same TMDB title,,,,,1.0,,,,,0.6,,,,,0.6,,,,,5.0,True,False,False,False,False,True,False,True
movie:324857,324857.0,movie,Spider-Man: Into the Spider-Verse,2018.0,Animation,Animation|Action|Adventure|Science Fiction,Animated film,US,en,,Columbia Pictures|Lord Miller|Pascal Pictures|Sony Pictures Animation|Arad Productions|Marvel Entertainment,False,,,False,Spider-Man: Into the Spider-Verse,same TMDB title,,,,7.0,,,,,0.9,,,,,0.2714285714285714,,,,,2.0,,False,True,False,False,False,True,False,True
movie:438148,438148.0,movie,Minions: The Rise of Gru,2022.0,Animation,Animation|Comedy|Crime|Science Fiction|Family,Animated film,US,en,,Universal Pictures|Illumination,True,Universal Pictures,,False,Minions: The Rise of Gru,same TMDB title,,,,6.0,,,,,0.8,,,,,0.4666666666666666,,,,,3.0,,False,True,False,False,False,True,False,True
movie:324852,324852.0,movie,Despicable Me 3,2017.0,Action,Action|Animation|Comedy|Family|Adventure,Animated film,US,en,,Illumination|Universal Pictures,True,Illumination,,False,Despicable Me 3,same TMDB title,,,,5.0,,,,,0.7,,,,,0.32,,,,,4.0,,False,True,False,False,False,True,False,True
tv:64464,64464.0,tv,11.22.63,2016.0,Drama,Drama|Sci-Fi & Fantasy,Scripted limited series,US,en,Hulu,Warner Bros. Television|Bad Robot|Carpenter B.,False,,,False,11.22.63,same TMDB title,,,,4.0,,,,,0.9,,,,,0.475,,,,,2.0,,False,True,False,False,False,True,False,True
movie:1302733,1302733.0,movie,Gaslit by My Husband: The Morgan Metzer Story,2024.0,Drama,Drama|Thriller|TV Movie,Film,US,en,,Allegheny Image Factory|Lifetime,False,,,False,Gaslit By My Husband: The Morgan Metzer Story,same TMDB title,,,,3.0,,,,,1.0,,,,,0.5,,,,,1.0,,False,True,False,False,False,True,False,True
movie:228161,228161.0,movie,Home,2015.0,Fantasy,Fantasy|Comedy|Animation|Science Fiction|Family,Animated film,US,en,,DreamWorks Animation,True,DreamWorks Animation,,False,Home,same TMDB title,,,,3.0,,,,,0.5,,,,,0.3333333333333333,,,,,6.0,,False,True,False,False,False,True,False,True
movie:204082,204082.0,movie,Homefront,2013.0,Action,Action|Thriller,Film,US,en,,Open Road Films|Millennium Media|Universal Pictures,True,Universal Pictures,,False,Homefront,same TMDB title,,,,3.0,,,,,0.7,,,,,0.39999999999999997,,,,,4.0,,False,True,False,False,False,True,False,True
movie:1182655,1182655.0,movie,Stolen Baby: The Murder of Heidi Broussard,2023.0,Thriller,Thriller|Crime|Drama|TV Movie,Film,US,en,,MarVista Entertainment|Neshama Entertainment|Lifetime,False,,,False,Stolen Baby: The Murder of Heidi Broussard,same TMDB title,,,,3.0,,,,,0.8,,,,,0.5666666666666668,,,,,3.0,,False,True,False,False,False,True,False,True
tv:322430,322430.0,tv,The Polygamist,2026.0,Drama,Drama|Soap,Scripted series,ZA,zu,Netflix,Stained Glass TV,False,,,False,The Polygamist,same TMDB title,,,,3.0,,,,,0.9,,,,,0.6666666666666666,,,,,2.0,,False,True,False,False,False,True,False,False
movie:628847,628847.0,movie,Trap House,2025.0,Action,Action|Crime|Thriller,Film,GB|US,en,,Creativity Media|Signature Entertainment|828 Productions|Capstone Studios|Dogbone Entertainment|Ashland Hill Media Finance|Signature Films|Scott Free Productions|Koala FX,False,,,False,Trap House,same TMDB title,,,,3.0,,,,,0.9,,,,,0.7666666666666666,,,,,2.0,,False,True,False,False,False,True,False,True
movie:136799,136799.0,movie,Trolls,2016.0,Adventure,Adventure|Animation|Comedy|Family|Fantasy,Animated film,US,en,,DreamWorks Animation,True,DreamWorks Animation,,False,Trolls,same TMDB title,,,,3.0,,,,,0.4,,,,,0.26666666666666666,,,,,7.0,,False,True,False,False,False,True,False,True
movie:1195473,1195473.0,movie,A Cowboy Christmas Romance,2023.0,TV Movie,TV Movie|Comedy|Romance,Film,US,en,,The Ninth House|Lifetime,False,,,False,A Cowboy Christmas Romance,same TMDB title,,,,2.0,,,,,0.9,,,,,0.6,,,,,2.0,,False,True,False,False,False,True,False,True
movie:1600028,1600028.0,movie,A Father's Miracle,2025.0,Drama,Drama,Film,MX,es,,The 42 Film|Secuoya Studios|Rock & Ruz|Black Sheep Productions,False,,,False,A Father's Miracle,same TMDB title,,,,2.0,,,,,0.4,,,,,0.35,,,,,7.0,,False,True,False,False,False,True,False,False
movie:829051,829051.0,movie,About My Father,2023.0,Comedy,Comedy,Film,US,en,,Lionsgate|Depth of Field|Media Capital Technologies,False,,,False,About My Father,same TMDB title,,,,2.0,,,,,0.6,,,,,0.6,,,,,5.0,,False,True,False,False,False,True,False,True
movie:618588,618588.0,movie,Arthur the King,2024.0,Adventure,Adventure|Drama,Film,US,en,,Entertainment One|Tucker Tooley Entertainment|Municipal Pictures|Atmosphere Entertainment MM,False,,,False,Arthur the King,same TMDB title,,,,2.0,,,,,0.9,,,,,0.5,,,,,2.0,,False,True,False,False,False,True,False,True
movie:5559,5559.0,movie,Bee Movie,2007.0,Family,Family|Animation|Adventure|Comedy,Animated film,US,en,,Columbus 81 Productions|DreamWorks Animation,True,DreamWorks Animation,,False,Bee Movie,same TMDB title,,,,2.0,,,,,0.6,,,,,0.6,,,,,5.0,,False,True,False,False,False,True,False,True
tv:291084,291084.0,tv,Best Medicine,2026.0,Comedy,Comedy|Drama,Scripted series,US,en,FOX,Propagate Content|FOX Entertainment Studios,False,,,False,Best Medicine,same TMDB title,,,,2.0,,,,,0.6,,,,,0.55,,,,,5.0,,False,True,False,False,False,True,False,True
movie:578189,578189.0,movie,Black and Blue,2019.0,Action,Action|Thriller|Crime,Film,US,en,,Hidden Empire Film Group|Royal Viking Entertainment|Screen Gems,False,,,False,Black and Blue,same TMDB title,,,,2.0,,,,,0.5,,,,,0.45,,,,,6.0,,False,True,False,False,False,True,False,True
movie:985939,985939.0,movie,Fall,2022.0,Thriller,Thriller,Film,US,en,,Tea Shop Productions|Capstone Pictures|Eagle Films,False,,,False,Fall,same TMDB title,,,,2.0,,,,,0.9,,,,,0.6,,,,,2.0,,False,True,False,False,False,True,False,True
movie:945937,945937.0,movie,Fast Charlie,2023.0,Action,Action|Crime|Drama,Film,US,en,,Ashland Hill Media Finance|Daniel Grodnik Productions|Mitchell Welch Productions|Thomasville Pictures|Equitable Media|Streamline Global|Boomtown Media Partners,False,,,False,Fast Charlie,same TMDB title,,,,2.0,,,,,0.8,,,,,0.45,,,,,3.0,,False,True,False,False,False,True,False,True
tv:311991,311991.0,tv,Funny AF with Kevin Hart,2026.0,Comedy,Comedy|Reality,Reality / unscripted,US,en,Netflix,Alfred Street Industries|HartBeat Productions,False,,,False,Funny AF with Kevin Hart,same TMDB title,,,,2.0,,,,,0.5,,,,,0.39999999999999997,,,,,6.0,,False,True,False,False,False,True,False,True
movie:210577,210577.0,movie,Gone Girl,2014.0,Mystery,Mystery|Thriller|Drama,Film,US,en,,20th Century Fox|Regency Enterprises|TSG Entertainment,False,,,False,Gone Girl,same TMDB title,,,,2.0,,,,,0.3,,,,,0.3,,,,,8.0,,False,True,False,False,False,True,False,True
movie:490132,490132.0,movie,Green Book,2018.0,Drama,Drama|Comedy|History,Film,US,en,,Participant|DreamWorks Pictures|Cinetic Media|Innisfree Pictures,False,,,False,Green Book,same TMDB title,,,,2.0,,,,,0.7,,,,,0.44999999999999996,,,,,4.0,,False,True,False,False,False,True,False,True
movie:1373873,1373873.0,movie,Husband Father Killer: The Alyssa Pladl Story,2024.0,Drama,Drama|Crime|TV Movie,Film,US,en,,Rohm Feifer Entertainment|Lifetime|Johnson Production Group,False,,,False,"Husband, Father, Killer: The Alyssa Pladl Story",same TMDB title,,,,2.0,,,,,0.8,,,,,0.55,,,,,3.0,,False,True,False,False,False,True,False,True
movie:1083433,1083433.0,movie,I Know What You Did Last Summer,2025.0,Horror,Horror|Thriller|Mystery,Film,US,en,,Columbia Pictures|Original Film|Screen Gems|TSG Entertainment,False,,,False,I Know What You Did Last Summer,same TMDB title,,,,2.0,,,,,0.6,,,,,0.35,,,,,5.0,,False,True,False,False,False,True,False,True
movie:1027073,1027073.0,movie,In the Land of Saints and Sinners,2023.0,Action,Action|Thriller|Crime,Film,IE,en,,Facing East Entertainment|Jumpy Cow Pictures|Merlin Films|Prodigal Films|Bleiberg Entertainment|Saga Film|Davis Films,False,,,False,In the Land of Saints and Sinners,same TMDB title,,,,2.0,,,,,0.8,,,,,0.7,,,,,3.0,,False,True,False,False,False,True,False,False
movie:353486,353486.0,movie,Jumanji: Welcome to the Jungle,2017.0,Adventure,Adventure|Comedy|Fantasy,Film,US,en,,Matt Tolmach Productions|Seven Bucks Productions|Columbia Pictures,False,,,False,Jumanji: Welcome to the Jungle,same TMDB title,,,,2.0,,,,,0.9,,,,,0.7,,,,,2.0,,False,True,False,False,False,True,False,True
movie:507086,507086.0,movie,Jurassic World Dominion,2022.0,Adventure,Adventure|Science Fiction|Thriller,Film,US,en,,Amblin Entertainment|Universal Pictures,True,Universal Pictures,,False,Jurassic World: Dominion,same TMDB title,,,,2.0,,,,,0.7,,,,,0.5,,,,,4.0,,False,True,False,False,False,True,False,True
movie:22803,22803.0,movie,Law Abiding Citizen,2009.0,Drama,Drama|Crime|Thriller,Film,US,en,,The Film Department|Evil Twins|Warp Films|Overture Films|G-BASE,False,,,False,Law Abiding Citizen,same TMDB title,,,,2.0,,,,,0.2,,,,,0.15000000000000002,,,,,9.0,,False,True,False,False,False,True,False,True
tv:252751,252751.0,tv,Leanne,2025.0,Comedy,Comedy,Scripted series,US,en,Netflix,Chuck Lorre Productions|Warner Bros. Television,False,,,False,Leanne,same TMDB title,,,,2.0,,,,,0.7,,,,,0.6,,,,,4.0,,False,True,False,False,False,True,False,True
movie:399796,399796.0,movie,Life of the Party,2018.0,Comedy,Comedy,Film,US,en,,On the Day|New Line Cinema,False,,,False,Life of the Party,same TMDB title,,,,2.0,,,,,0.6,,,,,0.35,,,,,5.0,,False,True,False,False,False,True,False,True
tv:124800,124800.0,tv,Love & Death,2023.0,Crime,Crime|Drama,Scripted limited series,US,en,HBO Max|Max,Lionsgate Television|David E. Kelley Productions|Blossom Films|Whatever Lola Wants Productions,False,,,False,Love & Death,same TMDB title,,,,2.0,,,,,0.5,,,,,0.4,,,,,6.0,,False,True,False,False,False,True,False,True
movie:294254,294254.0,movie,Maze Runner: The Scorch Trials,2015.0,Science Fiction,Science Fiction|Action|Thriller|Adventure,Film,US,en,,Temple Hill Entertainment|The Gotham Group|TSG Entertainment|20th Century Fox,False,,,False,Maze Runner: The Scorch Trials,same TMDB title,,,,2.0,,,,,0.5,,,,,0.4,,,,,6.0,,False,True,False,False,False,True,False,True
movie:10625,10625.0,movie,Mean Girls,2004.0,Drama,Drama|Comedy,Film,US,en,,Broadway Video|Paramount Pictures|M.G. Films,False,,,False,Mean Girls,same TMDB title,,,,2.0,,,,,0.3,,,,,0.2,,,,,8.0,,False,True,False,False,False,True,False,True
tv:285205,285205.0,tv,Million Dollar Secret,2025.0,Reality,Reality,Reality / unscripted,US|GB,en,Netflix,Spoke Studios|Wheelhouse UK,False,,,False,Million Dollar Secret,same TMDB title,,,,2.0,,,,,0.3,,,,,0.2,,,,,8.0,,False,True,False,False,False,True,False,True
movie:211672,211672.0,movie,Minions,2015.0,Family,Family|Animation|Adventure|Comedy,Animated film,US,en,,Illumination|Universal Pictures,True,Illumination,,False,Minions,same TMDB title,,,,2.0,,,,,0.7,,,,,0.6,,,,,4.0,,False,True,False,False,False,True,False,True
movie:353069,353069.0,movie,Mother's Day,2016.0,Comedy,Comedy|Drama|Romance,Film,US,en,,Rice Films|GulfStream Pictures|May Day Movies|Triad Film Works|Beatnik Films|Capacity Pictures|Open Road Films|PalmStar Media|Universal Pictures,True,Universal Pictures,,False,Mother's Day,same TMDB title,,,,2.0,,,,,0.6,,,,,0.6,,,,,5.0,,False,True,False,False,False,True,False,True
tv:329394,329394.0,tv,My Daughter's Father,2026.0,Drama,Drama,Scripted limited series,MX,es,Netflix,Mar Abierto Productions,False,,,False,My Daughter's Father,same TMDB title,,,,2.0,,,,,0.5,,,,,0.35,,,,,6.0,,False,True,False,False,False,True,False,False
movie:785663,785663.0,movie,Old Henry,2021.0,Western,Western|Drama,Film,US,en,,Shout! Studios|Hideout Pictures|Blue Swan Entertainment|VMI Worldwide,False,,,False,Old Henry,same TMDB title,,,,2.0,,,,,0.9,,,,,0.55,,,,,2.0,,False,True,False,False,False,True,False,True
movie:893723,893723.0,movie,PAW Patrol: The Mighty Movie,2023.0,Adventure,Adventure|Animation|Comedy|Family|Science Fiction,Animated film,US|CA,en,,Nickelodeon Movies|Spin Master|Paramount Pictures,False,,,False,PAW Patrol: The Mighty Movie,same TMDB title,,,,2.0,,,,,0.7,,,,,0.55,,,,,4.0,,False,True,False,False,False,True,False,True
tv:254821,254821.0,tv,Perfect Match,2025.0,Drama,Drama,Scripted series,CN,zh,Mango TV,Huanyu Film and Television,False,,,False,Perfect Match,same TMDB title,,,,2.0,,,,,0.4,,,,,0.30000000000000004,,,,,7.0,,False,True,False,False,False,True,False,False
movie:1020006,1020006.0,movie,Priscilla,2023.0,Drama,Drama|Romance,Film,US,en,,The Apartment Pictures|American Zoetrope,False,,,False,Priscilla,same TMDB title,,,,2.0,,,,,0.6,,,,,0.35,,,,,5.0,,False,True,False,False,False,True,False,True
movie:567609,567609.0,movie,Ready or Not,2019.0,Horror,Horror|Comedy,Film,US,en,,Mythology Entertainment|Vinson Films|Fox Searchlight Pictures|Radio Silence|TSG Entertainment,False,,,False,Ready or Not,same TMDB title,,,,2.0,,,,,0.2,,,,,0.15000000000000002,,,,,9.0,,False,True,False,False,False,True,False,True
movie:1223601,1223601.0,movie,Sisu: Road to Revenge,2025.0,Action,Action|War|Thriller,Film,FI,fi,,Cosmic Snowball|Good Chaos|Subzero Film Entertainment,False,,,False,Sisu: Road to Revenge,same TMDB title,,,,2.0,,,,,0.5,,,,,0.4,,,,,6.0,,False,True,False,False,False,True,False,False
tv:204082,204082.0,tv,Squid Game: The Challenge,2023.0,Reality,Reality,Reality / unscripted,GB,en,Netflix,The Garden Productions|Studio Lambert,False,,,False,Squid Game: The Challenge,same TMDB title,,,,2.0,,,,,0.7,,,,,0.55,,,,,4.0,,False,True,False,False,False,True,False,False
movie:986965,986965.0,movie,Suitcase Killer: The Melanie McGuire Story,2022.0,Drama,Drama|TV Movie|Crime,Film,US,en,,Swirl Films|Lifetime,False,,,False,Suitcase Killer: The Melanie McGuire Story,same TMDB title,,,,2.0,,,,,0.8,,,,,0.75,,,,,3.0,,False,True,False,False,False,True,False,True
tv:211564,211564.0,tv,Sullivan's Crossing,2023.0,Drama,Drama,Scripted series,CA,en,CTV,Reel World Management|Bell Media|Muse Entertainment|Canada Media Fund | Fonds des médias du Canada|S&C|Fremantle|Topsail Entertainment,False,,,False,Sullivan's Crossing,same TMDB title,,,,2.0,,,,,0.7,,,,,0.6499999999999999,,,,,4.0,,False,True,False,False,False,True,False,False
movie:1360231,1360231.0,movie,Taken in Plain Sight,2024.0,Thriller,Thriller|TV Movie,Film,US,en,,CME Autum Productions|Champlain Media|Lifetime|Reel One Entertainment,False,,,False,Taken in Plain Sight,same TMDB title,,,,2.0,,,,,0.7,,,,,0.6499999999999999,,,,,4.0,,False,True,False,False,False,True,False,True
tv:256624,256624.0,tv,Talamasca: The Secret Order,2025.0,Sci-Fi & Fantasy,Sci-Fi & Fantasy,Scripted series,US,en,AMC,AMC Studios|Gran Via Productions|Steady State Productions|Takes All Kinds Films,False,,,False,Talamasca: The Secret Order,same TMDB title,,,,2.0,,,,,0.7,,,,,0.44999999999999996,,,,,4.0,,False,True,False,False,False,True,False,True
movie:1569627,1569627.0,movie,"Terry McMillan Presents: His, Hers & Ours",2025.0,Romance,Romance|Drama|TV Movie,Film,US,en,,The Ninth House,False,,,False,"Terry McMillan Presents: His, Hers & Ours",same TMDB title,,,,2.0,,,,,0.6,,,,,0.55,,,,,5.0,,False,True,False,False,False,True,False,True
movie:2907,2907.0,movie,The Addams Family,1991.0,Comedy,Comedy|Fantasy,Film,US,en,,Paramount Pictures|Orion Pictures|Scott Rudin Productions,False,,,False,The Addams Family,same TMDB title,,,,2.0,,,,,0.6,,,,,0.6,,,,,5.0,,False,True,False,False,False,True,False,True
movie:1281626,1281626.0,movie,The Bad Guardian,2024.0,Drama,Drama|TV Movie|Thriller,Film,US,en,,Lifetime|Allegheny Image Factory,False,,,False,The Bad Guardian,same TMDB title,,,,2.0,,,,,0.6,,,,,0.35,,,,,5.0,,False,True,False,False,False,True,False,True
movie:629542,629542.0,movie,The Bad Guys,2022.0,Action,Action|Adventure|Animation|Comedy|Crime|Family,Animated film,US,en,,DreamWorks Animation,True,DreamWorks Animation,,False,The Bad Guys,same TMDB title,,,,2.0,,,,,0.7,,,,,0.5,,,,,4.0,,False,True,False,False,False,True,False,True
movie:1625901,1625901.0,movie,The Dating App Killer: The Monica White Story,2026.0,Thriller,Thriller|TV Movie,Film,US,en,,Lifetime|Rohm Feifer Entertainment|Studio TF1 America,False,,,False,The Dating App Killer: The Monica White Story,same TMDB title,,,,2.0,,,,,0.8,,,,,0.8,,,,,3.0,,False,True,False,False,False,True,False,True
movie:18785,18785.0,movie,The Hangover,2009.0,Comedy,Comedy,Film,US,en,,Legendary Pictures|Green Hat Films|Warner Bros. Pictures,False,,,False,The Hangover,same TMDB title,,,,2.0,,,,,0.7,,,,,0.44999999999999996,,,,,4.0,,False,True,False,False,False,True,False,True
movie:70160,70160.0,movie,The Hunger Games,2012.0,Science Fiction,Science Fiction|Adventure|Action|Thriller,Film,US,en,,Lionsgate|Color Force,False,,,False,The Hunger Games,same TMDB title,,,,2.0,,,,,0.3,,,,,0.2,,,,,8.0,,False,True,False,False,False,True,False,True
tv:247723,247723.0,tv,The Hunting Party,2025.0,Drama,Drama|Crime,Scripted series,US,en,NBC,"Universal Television|Jake Coburn Productions, Inc.|All J Entertainment",True,Universal Television,NBC,False,The Hunting Party,same TMDB title,,,,2.0,,,,,0.9,,,,,0.65,,,,,2.0,,False,True,False,False,False,True,False,True
tv:60802,60802.0,tv,The Last Ship,2014.0,Action & Adventure,Action & Adventure|Drama|Sci-Fi & Fantasy,Scripted series,US,en,TNT,Channel Road Productions|Platinum Dunes|Turner Network Television|Studio T,False,,,False,The Last Ship,same TMDB title,,,,2.0,,,,,0.8,,,,,0.5,,,,,3.0,,False,True,False,False,False,True,False,True
movie:198663,198663.0,movie,The Maze Runner,2014.0,Action,Action|Mystery|Science Fiction|Thriller,Film,US,en,,Ingenious Media|The Gotham Group|Dayday Films|Temple Hill Entertainment|TSG Entertainment|20th Century Fox,False,,,False,The Maze Runner,same TMDB title,,,,2.0,,,,,0.8,,,,,0.6000000000000001,,,,,3.0,,False,True,False,False,False,True,False,True
movie:799583,799583.0,movie,The Ministry of Ungentlemanly Warfare,2024.0,Action,Action|Comedy|War,Film,US,en,,Jerry Bruckheimer Films|Black Bear Pictures|Toff Guy Films,False,,,False,The Ministry of Ungentlemanly Warfare,same TMDB title,,,,2.0,,,,,0.9,,,,,0.8500000000000001,,,,,2.0,,False,True,False,False,False,True,False,True
movie:1244975,1244975.0,movie,The Orphans,2025.0,Action,Action,Film,FR,fr,,Inoxy Films|Gaumont|TF1 Films Production,False,,,False,The Orphans,same TMDB title,,,,2.0,,,,,0.1,,,,,0.1,,,,,10.0,,False,True,False,False,False,True,False,False
movie:803114,803114.0,movie,The Requin,2022.0,Horror,Horror|Mystery|Thriller,Film,US,en,,Film Bridge International|Paper Street Pictures|Saban Films,False,,,False,The Requin,same TMDB title,,,,2.0,,,,,0.7,,,,,0.6499999999999999,,,,,4.0,,False,True,False,False,False,True,False,True
tv:169588,169588.0,tv,The Ultimatum: Marry or Move On,2022.0,Reality,Reality,Reality / unscripted,US,en,Netflix,Kinetic Content|Pacific View Management,False,,,False,The Ultimatum: Marry or Move On,same TMDB title,,,,2.0,,,,,0.7,,,,,0.55,,,,,4.0,,False,True,False,False,False,True,False,True
movie:800939,800939.0,movie,Ticket to Paradise,2022.0,Drama,Drama|Comedy|Romance,Film,US,en,,Smokehouse Pictures|Red Om Films|Working Title|Universal Pictures,True,Universal Pictures,,False,Ticket to Paradise,same TMDB title,,,,2.0,,,,,0.7,,,,,0.44999999999999996,,,,,4.0,,False,True,False,False,False,True,False,True
movie:1633513,1633513.0,movie,To Catch a Cheater,2026.0,Thriller,Thriller|Mystery|TV Movie,Film,US,en,,Sunshine Films|Studio TF1 America|Lifetime,False,,,False,To Catch a Cheater,same TMDB title,,,,2.0,,,,,0.7,,,,,0.5,,,,,4.0,,False,True,False,False,False,True,False,True
movie:12153,12153.0,movie,White Chicks,2004.0,Comedy,Comedy|Crime,Film,US,en,,Revolution Studios|Wayans Bros. Entertainment|Gone North Productions,False,,,False,White Chicks,same TMDB title,,,,2.0,,,,,0.8,,,,,0.6000000000000001,,,,,3.0,,False,True,False,False,False,True,False,True
movie:637649,637649.0,movie,Wrath of Man,2021.0,Thriller,Thriller|Crime|Drama,Film,US,en,,Miramax|Toff Guy Films,False,,,False,Wrath of Man,same TMDB title,,,,2.0,,,,,0.9,,,,,0.8500000000000001,,,,,2.0,,False,True,False,False,False,True,False,True
movie:338967,338967.0,movie,Zombieland: Double Tap,2019.0,Comedy,Comedy,Film,US,en,,Columbia Pictures|2.0 Entertainment|Pariah,False,,,False,Zombieland: Double Tap,same TMDB title,,,,2.0,,,,,0.2,,,,,0.15000000000000002,,,,,9.0,,False,True,False,False,False,True,False,True
movie:239650,239650.0,movie,Tyler Perry's A Madea Christmas - The Play,2011.0,Comedy,Comedy,Film,US,en,,,False,,,False,Tyler Perry's A Madea Christmas,same TMDB title,,,,2.0,,,,,0.3,,,,,0.2,,,,,8.0,,False,True,False,False,False,True,False,True
movie:299054,299054.0,movie,Expend4bles,2023.0,Action,Action|Adventure|Thriller,Film,US,en,,Millennium Media|Campbell Grobman Films|Lionsgate|Nu Boyana Film Studios|Templeton Media|Davis Films|Media Capital Technologies,False,,,False,The Expendables 4,same TMDB title,,,,2.0,,,,,0.8,,,,,0.75,,,,,3.0,,False,True,False,False,False,True,False,True
movie:4951,4951.0,movie,10 Things I Hate About You,1999.0,Comedy,Comedy|Romance|Drama,Film,US,en,,Mad Chance|Jaret Entertainment,False,,,False,10 Things I Hate About You,same TMDB title,,,,1.0,,,,,0.5,,,,,0.5,,,,,6.0,,False,True,False,False,False,True,False,True
movie:1272837,1272837.0,movie,28 Years Later: The Bone Temple,2026.0,Horror,Horror|Thriller|Science Fiction,Film,GB,en,,Columbia Pictures|TSG Entertainment|DNA Films,False,,,False,28 Years Later: The Bone Temple,same TMDB title,,,,1.0,,,,,0.5,,,,,0.5,,,,,6.0,,False,True,False,False,False,True,False,False
movie:1079346,1079346.0,movie,5lbs of Pressure,2024.0,Thriller,Thriller|Crime|Romance|TV Movie,Film,US,en,,Tetrad Productions|Make Things Work|Dark Dreams Entertainment|Paint Night Productions|Studio507|SHFT|Intrinsic Value Films,False,,,False,5lbs of Pressure,same TMDB title,,,,1.0,,,,,0.7,,,,,0.7,,,,,4.0,,False,True,False,False,False,True,False,True
movie:1280053,1280053.0,movie,9 to 5,,Comedy,Comedy|Drama,Film,US,en,,Echo Films|20th Century Studios,False,,,False,9 to 5,same TMDB title,,,,1.0,,,,,0.3,,,,,0.3,,,,,8.0,,False,True,False,False,False,True,False,True
movie:1616131,1616131.0,movie,A Child of My Own,2026.0,Documentary,Documentary,Film,MX,es,,Micromundo Producciones|Gato Grande Productions,False,,,False,A Child of My Own,same TMDB title,,,,1.0,,,,,0.3,,,,,0.3,,,,,8.0,,False,True,False,False,False,True,False,False
tv:115,115.0,tv,A Different World,1987.0,Comedy,Comedy|Family,Scripted series,US,en,NBC,Carsey-Werner Company|Bill Cosby,False,,NBC,True,A Different World,same TMDB title,,,,1.0,,,,,0.9,,,,,0.9,,,,,2.0,,False,True,False,False,False,True,False,True
movie:1367575,1367575.0,movie,A Line of Fire,2025.0,Action,Action|Thriller,Film,US,en,,Panoramic Pictures|Roaming Elephant Production|Shoofly Entertainment,False,,,False,A Line of Fire,same TMDB title,,,,1.0,,,,,0.5,,,,,0.5,,,,,6.0,,False,True,False,False,False,True,False,True
movie:714676,714676.0,movie,Alice,2022.0,Thriller,Thriller|Drama,Film,US,en,,Steel Springs Pictures|Vertical|Roadside Attractions,False,,,False,Alice,same TMDB title,,,,1.0,,,,,0.4,,,,,0.4,,,,,7.0,,False,True,False,False,False,True,False,True
movie:763285,763285.0,movie,Ambulance,2022.0,Action,Action|Crime|Drama|Thriller,Film,US,en,,Bay Films|Endeavor Content|New Republic Pictures|Project X Entertainment|Universal Pictures,True,Universal Pictures,,False,Ambulance,same TMDB title,,,,1.0,,,,,0.5,,,,,0.5,,,,,6.0,,False,True,False,False,False,True,False,True
tv:260871,260871.0,tv,American Godfathers: The Five Families,2024.0,Crime,Crime|Documentary,Documentary,US,en,History,History|Propagate Content|Barnicle Brothers,False,,,False,American Godfathers: The Five Families,same TMDB title,,,,1.0,,,,,0.5,,,,,0.5,,,,,6.0,,False,True,False,False,False,True,False,True
movie:1174877,1174877.0,movie,Amish Stud: The Eli Weaver Story,2023.0,Drama,Drama|Thriller|Crime|TV Movie,Film,US,en,,Milojo Productions|Johnson Production Group|Lifetime,False,,,False,Amish Stud: The Eli Weaver Story,same TMDB title,,,,1.0,,,,,0.4,,,,,0.4,,,,,7.0,,False,True,False,False,False,True,False,True
movie:1414160,1414160.0,movie,An Unexpected Valentine,2025.0,TV Movie,TV Movie|Comedy|Romance,Film,US,en,,Front Street Pictures|Hallmark Media,False,,,False,An Unexpected Valentine,same TMDB title,,,,1.0,,,,,0.4,,,,,0.4,,,,,7.0,,False,True,False,False,False,True,False,True
movie:253235,253235.0,movie,And So It Goes,2014.0,Comedy,Comedy|Drama|Romance,Film,US,en,,Castle Rock Entertainment|ASIG Productions|Envision Entertainment|Foresight Unlimited,False,,,False,And So It Goes,same TMDB title,,,,1.0,,,,,0.4,,,,,0.4,,,,,7.0,,False,True,False,False,False,True,False,True
movie:572802,572802.0,movie,Aquaman and the Lost Kingdom,2023.0,Action,Action|Adventure|Fantasy,Film,US,en,,Warner Bros. Pictures|The Safran Company|Atomic Monster|DC Films|Domain Entertainment,False,,,False,Aquaman and the Lost Kingdom,same TMDB title,,,,1.0,,,,,0.7,,,,,0.7,,,,,4.0,,False,True,False,False,False,True,False,True
movie:436270,436270.0,movie,Black Adam,2022.0,Action,Action|Adventure|Science Fiction,Film,US,en,,New Line Cinema|Flynn Picture Company|DC Films|Seven Bucks Productions|Warner Bros. Pictures,False,,,False,Black Adam,same TMDB title,,,,1.0,,,,,0.2,,,,,0.2,,,,,9.0,,False,True,False,False,False,True,False,True
movie:565770,565770.0,movie,Blue Beetle,2023.0,Action,Action|Science Fiction|Adventure,Film,US,en,,Warner Bros. Pictures|The Safran Company|DC Films,False,,,False,Blue Beetle,same TMDB title,,,,1.0,,,,,0.1,,,,,0.1,,,,,10.0,,False,True,False,False,False,True,False,True
movie:701387,701387.0,movie,Bugonia,2025.0,Science Fiction,Science Fiction|Thriller|Comedy,Film,US,en,,Element Pictures|Square Peg|Fremantle|Pith Quest Films|Fruit Tree|CJ ENM,False,,,False,Bugonia,same TMDB title,,,,1.0,,,,,0.4,,,,,0.4,,,,,7.0,,False,True,False,False,False,True,False,True
movie:8839,8839.0,movie,Casper,1995.0,Fantasy,Fantasy|Comedy|Family,Film,US,en,,The Harvey Entertainment Company|Universal Pictures|Amblin Entertainment,True,Universal Pictures,,False,Casper,same TMDB title,,,,1.0,,,,,0.2,,,,,0.2,,,,,9.0,,False,True,False,False,False,True,False,True
movie:1245993,1245993.0,movie,Caught Stealing,2025.0,Crime,Crime|Thriller|Comedy,Film,US,en,,Protozoa Pictures|TSG Entertainment|Columbia Pictures,False,,,False,Caught Stealing,same TMDB title,,,,1.0,,,,,0.4,,,,,0.4,,,,,7.0,,False,True,False,False,False,True,False,True
movie:118,118.0,movie,Charlie and the Chocolate Factory,2005.0,Adventure,Adventure|Comedy|Family|Fantasy,Film,US,en,,Warner Bros. Pictures|Village Roadshow Pictures|The Zanuck Company|Plan B Entertainment|Theobald Film Productions,False,,,False,Charlie and the Chocolate Factory,same TMDB title,,,,1.0,,,,,0.1,,,,,0.1,,,,,10.0,,False,True,False,False,False,True,False,True
movie:11007,11007.0,movie,Cheaper by the Dozen,2003.0,Comedy,Comedy|Family,Film,US,en,,20th Century Fox|Robert Simonds Productions,False,,,False,Cheaper by the Dozen,same TMDB title,,,,1.0,,,,,0.1,,,,,0.1,,,,,10.0,,False,True,False,False,False,True,False,True
movie:1093995,1093995.0,movie,Chief of Station,2024.0,Action,Action|Thriller,Film,US,en,,Bee Holder Productions|Concourse Media|Ashland Hill Media Finance|TDP FILMS|Filmology Finance|Tip-Top Productions|Mirror Productions,False,,,False,Chief of Station,same TMDB title,,,,1.0,,,,,0.4,,,,,0.4,,,,,7.0,,False,True,False,False,False,True,False,True
movie:1173912,1173912.0,movie,Christmas at the Chalet,2023.0,TV Movie,TV Movie|Romance|Comedy,Film,US|CA,en,,Reel One Entertainment|Champlain Media|CMW Horizon Productions,False,,,False,Christmas at the Chalet,same TMDB title,,,,1.0,,,,,0.2,,,,,0.2,,,,,9.0,,False,True,False,False,False,True,False,True
movie:1450257,1450257.0,movie,Clika,2026.0,Music,Music|Drama,Film,US,en,,Rancho Humilde|Everyone Can Eat|Sony Music Latin|Sony Music Vision|TSG Entertainment|Columbia Pictures,False,,,False,Clika,same TMDB title,,,,1.0,,,,,0.3,,,,,0.3,,,,,8.0,,False,True,False,False,False,True,False,True
movie:77866,77866.0,movie,Contraband,2012.0,Thriller,Thriller|Action|Drama|Crime,Film,US|GB|FR,en,,Universal Pictures|Relativity Media|Working Title|Leverage Entertainment|Closest to the Hole Productions|Farraday Films|BlueEyes Productions,True,Universal Pictures,,False,Contraband,same TMDB title,,,,1.0,,,,,0.6,,,,,0.6,,,,,5.0,,False,True,False,False,False,True,False,True
movie:738652,738652.0,movie,Copshop,2021.0,Thriller,Thriller|Crime|Action,Film,US,en,,WarParty Films|Sculptor Media|G-BASE|Zero Gravity Management|Raven Capital Management,False,,,False,Copshop,same TMDB title,,,,1.0,,,,,0.8,,,,,0.8,,,,,3.0,,False,True,False,False,False,True,False,True
movie:312221,312221.0,movie,Creed,2015.0,Drama,Drama,Film,US,en,,Metro-Goldwyn-Mayer|New Line Cinema|Winkler Films,False,,,False,Creed,same TMDB title,,,,1.0,,,,,0.2,,,,,0.2,,,,,9.0,,False,True,False,False,False,True,False,True
movie:677179,677179.0,movie,Creed III,2023.0,Drama,Drama|Action,Film,US,en,,Metro-Goldwyn-Mayer|Proximity Media|Outlier Society|Winkler Films,False,,,False,Creed III,same TMDB title,,,,1.0,,,,,0.3,,,,,0.3,,,,,8.0,,False,True,False,False,False,True,False,True
movie:296524,296524.0,movie,Deepwater Horizon,2016.0,Drama,Drama|Action,Film,US,en,,Summit Entertainment|Participant|di Bonaventura Pictures|Closest to the Hole Productions|Leverage Entertainment|TIK Films|Lionsgate,False,,,False,Deepwater Horizon,same TMDB title,,,,1.0,,,,,0.4,,,,,0.4,,,,,7.0,,False,True,False,False,False,True,False,True
tv:255055,255055.0,tv,Doc,2025.0,Drama,Drama,Scripted series,US,en,FOX,Sony Pictures Television|FOX Entertainment Studios|Channel Road Productions|3 Arts Entertainment|Avenue K Productions,False,,,False,Doc,same TMDB title,,,,1.0,,,,,0.7,,,,,0.7,,,,,4.0,,False,True,False,False,False,True,False,True
movie:626735,626735.0,movie,Dog,2022.0,Drama,Drama|Comedy,Film,US,en,,FilmNation Entertainment|Free Association|Metro-Goldwyn-Mayer,False,,,False,Dog,same TMDB title,,,,1.0,,,,,0.4,,,,,0.4,,,,,7.0,,False,True,False,False,False,True,False,True
movie:12103,12103.0,movie,Don't Say a Word,2001.0,Thriller,Thriller|Mystery|Crime,Film,US,en,,Kopelson Entertainment|NPV Entertainment|New Regency Pictures|Village Roadshow Pictures|Regency Enterprises|Furthur Films,False,,,False,Don't Say a Word,same TMDB title,,,,1.0,,,,,0.4,,,,,0.4,,,,,7.0,,False,True,False,False,False,True,False,True
movie:1042834,1042834.0,movie,Eden,2025.0,Thriller,Thriller|Drama,Film,US,en,,Imagine Entertainment|AGC Studios|Library Pictures International,False,,,False,Eden,same TMDB title,,,,1.0,,,,,0.2,,,,,0.2,,,,,9.0,,False,True,False,False,False,True,False,True
movie:1212271,1212271.0,movie,Eleanor the Great,2025.0,Drama,Drama,Film,US,en,,Pinky Promise|Maven Screen Media|These Pictures|Wayfarer Studios|Content Engineers|MacPac Entertainment|Off Media,False,,,False,Eleanor the Great,same TMDB title,,,,1.0,,,,,0.3,,,,,0.3,,,,,8.0,,False,True,False,False,False,True,False,True
movie:1507445,1507445.0,movie,Faith in the Flames: The Nichole Jolly Story,2025.0,TV Movie,TV Movie|Drama,Film,US,en,,Lighthouse Pictures|Wishing Floor Films|FilmAfrika|GroupM Motion Entertainment|Lifetime,False,,,False,Faith in the Flames: The Nichole Jolly Story,same TMDB title,,,,1.0,,,,,0.7,,,,,0.7,,,,,4.0,,False,True,False,False,False,True,False,True
movie:1228246,1228246.0,movie,Five Nights at Freddy's 2,2025.0,Horror,Horror|Thriller,Film,US,en,,Blumhouse Productions|Scott Cawthon Productions|Mind Hive Films,False,,,False,Five Nights at Freddy's 2,same TMDB title,,,,1.0,,,,,0.5,,,,,0.5,,,,,6.0,,False,True,False,False,False,True,False,True
movie:236399,236399.0,movie,Flowers in the Attic,2014.0,Drama,Drama|Mystery|Thriller|TV Movie,Film,US|CA,en,,Lifetime,False,,,False,Flowers in the Attic,same TMDB title,,,,1.0,,,,,0.8,,,,,0.8,,,,,3.0,,False,True,False,False,False,True,False,True
movie:359724,359724.0,movie,Ford v Ferrari,2019.0,Drama,Drama|History|Action,Film,US,en,,20th Century Fox|TSG Entertainment|Chernin Entertainment|Turnpike Films,False,,,False,Ford v. Ferrari,same TMDB title,,,,1.0,,,,,0.4,,,,,0.4,,,,,7.0,,False,True,False,False,False,True,False,True
movie:8292,8292.0,movie,Four Brothers,2005.0,Action,Action|Crime,Film,US,en,,Paramount Pictures|di Bonaventura Pictures,False,,,False,Four Brothers,same TMDB title,,,,1.0,,,,,0.6,,,,,0.6,,,,,5.0,,False,True,False,False,False,True,False,True
movie:445571,445571.0,movie,Game Night,2018.0,Mystery,Mystery|Comedy|Crime,Film,US,en,,New Line Cinema|Aggregate Films|Davis Entertainment|Access Entertainment|Dune Entertainment,False,,,False,Game Night,same TMDB title,,,,1.0,,,,,0.1,,,,,0.1,,,,,10.0,,False,True,False,False,False,True,False,True
movie:71676,71676.0,movie,Ghost Rider: Spirit of Vengeance,2011.0,Action,Action|Fantasy|Thriller,Film,AE|US,en,,Columbia Pictures|Crystal Sky Pictures|Michael De Luca Productions|Hyde Park Entertainment|Arad Productions|Image Nation Studios|Marvel Entertainment,False,,,False,Ghost Rider: Spirit of Vengeance,same TMDB title,,,,1.0,,,,,0.1,,,,,0.1,,,,,10.0,,False,True,False,False,False,True,False,True
movie:442062,442062.0,movie,Goosebumps 2: Haunted Halloween,2018.0,Comedy,Comedy|Fantasy|Horror|Family,Film,US,en,,Columbia Pictures|Original Film|Scholastic Entertainment|Silvertongue Films|Sony Pictures Animation,False,,,False,Goosebumps 2: Haunted Halloween,same TMDB title,,,,1.0,,,,,0.6,,,,,0.6,,,,,5.0,,False,True,False,False,False,True,False,True
movie:616820,616820.0,movie,Halloween Ends,2022.0,Horror,Horror|Thriller,Film,US,en,,Universal Pictures|Blumhouse Productions|Miramax|Rough House Pictures|Trancas International Films,True,Universal Pictures,,False,Halloween Ends,same TMDB title,,,,1.0,,,,,0.1,,,,,0.1,,,,,10.0,,False,True,False,False,False,True,False,True
tv:52814,52814.0,tv,Halo,2022.0,Sci-Fi & Fantasy,Sci-Fi & Fantasy|Action & Adventure,Scripted series,US,en,Paramount+,Amblin Television|One Big Picture|Chapter Eleven|343 Industries|David Wiener|Showtime Studios,False,,,False,Halo,same TMDB title,,,,1.0,,,,,0.2,,,,,0.2,,,,,9.0,,False,True,False,False,False,True,False,True
movie:986097,986097.0,movie,HIM,2025.0,Horror,Horror|Mystery|Thriller,Film,US,en,,Monkeypaw Productions|Universal Pictures,True,Universal Pictures,,False,Him,same TMDB title,,,,1.0,,,,,0.4,,,,,0.4,,,,,7.0,,False,True,False,False,False,True,False,True
movie:1074896,1074896.0,movie,Hoax: The Kidnapping of Sherri Papini,2023.0,TV Movie,TV Movie|Drama|Crime,Film,US,en,,Johnson Production Group|Lifetime,False,,,False,Hoax: The Kidnapping of Sherri Papini,same TMDB title,,,,1.0,,,,,0.4,,,,,0.4,,,,,7.0,,False,True,False,False,False,True,False,True
tv:279937,279937.0,tv,Homicide Squad New Orleans,2025.0,Crime,Crime|Documentary,Documentary,US,en,A&E,44 Blue Productions|Wolf Entertainment,True,Wolf Entertainment,,False,Homicide Squad: New Orleans,same TMDB title,,,,1.0,,,,,0.2,,,,,0.2,,,,,9.0,,False,True,False,False,False,True,False,True
movie:553604,553604.0,movie,Honest Thief,2020.0,Thriller,Thriller|Action|Crime,Film,US,en,,The Solution|Dreadnought Films|Zero Gravity Management|Argonaut Entertainment Partners|Honest Thief Productions|Ingenious Media|J Cubed Film Finance|Samuel Marshall Productions|Sprockefeller Pictures,False,,,False,Honest Thief,same TMDB title,,,,1.0,,,,,0.4,,,,,0.4,,,,,7.0,,False,True,False,False,False,True,False,True
movie:400155,400155.0,movie,Hotel Transylvania 3: Summer Vacation,2018.0,Animation,Animation|Comedy|Family|Fantasy,Animated film,US,en,,Columbia Pictures|Sony Pictures Animation|MRC,False,,,False,Hotel Transylvania 3: Summer Vacation,same TMDB title,,,,1.0,,,,,0.5,,,,,0.5,,,,,6.0,,False,True,False,False,False,True,False,True
movie:1239303,1239303.0,movie,Hunting Housewives,2024.0,Drama,Drama|TV Movie,Film,US,en,,Lifetime|Brain Power Studio|Nicely Entertainment,False,,,False,Hunting Housewives,same TMDB title,,,,1.0,,,,,0.4,,,,,0.4,,,,,7.0,,False,True,False,False,False,True,False,True
tv:131458,131458.0,tv,I Survived a Serial Killer,2021.0,Crime,Crime|Documentary,Documentary,US,en,A&E,,False,,,False,I Survived a Serial Killer,same TMDB title,,,,1.0,,,,,0.5,,,,,0.5,,,,,6.0,,False,True,False,False,False,True,False,True
tv:290232,290232.0,tv,I'm Not Afraid,2026.0,Drama,Drama,Scripted limited series,MX,es,Netflix,Alebrije Producciones|Primer Pictures Official,False,,,False,I'm Not Afraid,same TMDB title,,,,1.0,,,,,0.3,,,,,0.3,,,,,8.0,,False,True,False,False,False,True,False,False
movie:7512,7512.0,movie,Idiocracy,2006.0,Comedy,Comedy|Science Fiction|Adventure|Thriller,Film,US,en,,20th Century Fox|Ternion Pictures,False,,,False,Idiocracy,same TMDB title,,,,1.0,,,,,0.2,,,,,0.2,,,,,9.0,,False,True,False,False,False,True,False,True
movie:602,602.0,movie,Independence Day,1996.0,Action,Action|Adventure|Science Fiction,Film,US,en,,20th Century Fox|Centropolis Entertainment,False,,,False,Independence Day,same TMDB title,,,,1.0,,,,,0.4,,,,,0.4,,,,,7.0,,False,True,False,False,False,True,False,True
tv:275144,275144.0,tv,Is It Cake? Holiday,2024.0,Reality,Reality,Reality / unscripted,US,en,Netflix,Alfred Street Industries,False,,,False,Is It Cake? Holiday,same TMDB title,,,,1.0,,,,,0.4,,,,,0.4,,,,,7.0,,False,True,False,False,False,True,False,True
movie:19994,19994.0,movie,Jennifer's Body,2009.0,Horror,Horror|Comedy,Film,US,en,,Fox Atomic|Dubiecki/Novick/Reitman Productions|Dune Entertainment,False,,,False,Jennifer's Body,same TMDB title,,,,1.0,,,,,0.1,,,,,0.1,,,,,10.0,,False,True,False,False,False,True,False,True
movie:135397,135397.0,movie,Jurassic World,2015.0,Adventure,Adventure|Science Fiction|Thriller,Film,US,en,,Amblin Entertainment|Universal Pictures|Legendary Pictures,True,Universal Pictures,,False,Jurassic World,same TMDB title,,,,1.0,,,,,0.6,,,,,0.6,,,,,5.0,,False,True,False,False,False,True,False,True
movie:351286,351286.0,movie,Jurassic World: Fallen Kingdom,2018.0,Adventure,Adventure|Science Fiction|Thriller,Film,US,en,,Amblin Entertainment|Universal Pictures,True,Universal Pictures,,False,Jurassic World: Fallen Kingdom,same TMDB title,,,,1.0,,,,,0.5,,,,,0.5,,,,,6.0,,False,True,False,False,False,True,False,True
movie:50546,50546.0,movie,Just Go with It,2011.0,Comedy,Comedy|Romance,Film,US,en,,Columbia Pictures|Happy Madison Productions,False,,,False,Just Go With It,same TMDB title,,,,1.0,,,,,0.5,,,,,0.5,,,,,6.0,,False,True,False,False,False,True,False,True
movie:1011477,1011477.0,movie,Karate Kid: Legends,2025.0,Action,Action|Adventure|Drama,Film,US,en,,Columbia Pictures|Sunswept Entertainment|TSG Entertainment,False,,,False,Karate Kid: Legends,same TMDB title,,,,1.0,,,,,0.8,,,,,0.8,,,,,3.0,,False,True,False,False,False,True,False,True
movie:631842,631842.0,movie,Knock at the Cabin,2023.0,Horror,Horror|Mystery|Thriller,Film,US,en,,Blinding Edge Pictures|FilmNation Entertainment|Wishmore|Universal Pictures,True,Universal Pictures,,False,Knock at the Cabin,same TMDB title,,,,1.0,,,,,0.2,,,,,0.2,,,,,9.0,,False,True,False,False,False,True,False,True
tv:270572,270572.0,tv,Lord of the Flies,2026.0,Drama,Drama|Action & Adventure,Scripted limited series,GB,en,BBC One,Eleven|One Shoe Films|BBC,False,,,False,Lord of the Flies,same TMDB title,,,,1.0,,,,,0.8,,,,,0.8,,,,,3.0,,False,True,False,False,False,True,False,False
movie:316023,316023.0,movie,Mike and Dave Need Wedding Dates,2016.0,Comedy,Comedy,Film,US,en,,Chernin Entertainment|TSG Entertainment|20th Century Fox,False,,,False,Mike and Dave Need Wedding Dates,same TMDB title,,,,1.0,,,,,0.9,,,,,0.9,,,,,2.0,,False,True,False,False,False,True,False,True
movie:550097,550097.0,movie,No Sleep 'Til Christmas,2018.0,Comedy,Comedy|Romance|TV Movie,Film,US,en,,Magic Valley Productions|Freeform Studios|Mass Hysteria Entertainment,False,,,False,No Sleep 'Til Christmas,same TMDB title,,,,1.0,,,,,0.5,,,,,0.5,,,,,6.0,,False,True,False,False,False,True,False,True
movie:1361786,1361786.0,movie,Nobody Dumps My Daughter,2024.0,Drama,Drama|TV Movie|Crime,Film,US,en,,Lifetime|Lighthouse Pictures,False,,,False,Nobody Dumps My Daughter,same TMDB title,,,,1.0,,,,,0.6,,,,,0.6,,,,,5.0,,False,True,False,False,False,True,False,True
movie:762504,762504.0,movie,Nope,2022.0,Horror,Horror|Science Fiction|Thriller,Film,US,en,,Universal Pictures|Monkeypaw Productions,True,Universal Pictures,,False,Nope,same TMDB title,,,,1.0,,,,,0.3,,,,,0.3,,,,,8.0,,False,True,False,False,False,True,False,True
movie:11676,11676.0,movie,Nothing to Lose,1997.0,Comedy,Comedy|Crime|Action|Adventure,Film,US,en,,Touchstone Pictures|O Entertainment,False,,,False,Nothing to Lose,same TMDB title,,,,1.0,,,,,0.5,,,,,0.5,,,,,6.0,,False,True,False,False,False,True,False,True
movie:1214931,1214931.0,movie,Nuremberg,2025.0,History,History|Drama,Film,US,en,,Bluestone Entertainment|Walden Media|Filmsquad|Mythology Entertainment|Titan Media,False,,,False,Nuremberg,same TMDB title,,,,1.0,,,,,0.9,,,,,0.9,,,,,2.0,,False,True,False,False,False,True,False,True
movie:454619,454619.0,movie,Overboard,2018.0,Romance,Romance|Comedy,Film,US,en,,Metro-Goldwyn-Mayer|Pantelion Films|3Pas Studios,False,,,False,Overboard (2018),same TMDB title,,,,1.0,,,,,0.6,,,,,0.6,,,,,5.0,,False,True,False,False,False,True,False,True
movie:274870,274870.0,movie,Passengers,2016.0,Drama,Drama|Romance|Science Fiction,Film,US,en,,Columbia Pictures|Village Roadshow Pictures|Original Film|Company Films|Start Motion Pictures|LStar Capital|Wanda Pictures,False,,,False,Passengers,same TMDB title,,,,1.0,,,,,0.5,,,,,0.5,,,,,6.0,,False,True,False,False,False,True,False,True
movie:32657,32657.0,movie,Percy Jackson & the Olympians: The Lightning Thief,2010.0,Adventure,Adventure|Fantasy|Family,Film,US|GB|CA,en,,1492 Pictures|Sunswept Entertainment|Dune Entertainment,False,,,False,Percy Jackson & the Olympians: The Lightning Thief,same TMDB title,,,,1.0,,,,,0.7,,,,,0.7,,,,,4.0,,False,True,False,False,False,True,False,True
movie:76285,76285.0,movie,Percy Jackson: Sea of Monsters,2013.0,Adventure,Adventure|Family|Fantasy,Film,CA|US,en,,Fox 2000 Pictures|Sunswept Entertainment|1492 Pictures|TSG Entertainment,False,,,False,Percy Jackson: Sea of Monsters,same TMDB title,,,,1.0,,,,,0.6,,,,,0.6,,,,,5.0,,False,True,False,False,False,True,False,True
movie:114150,114150.0,movie,Pitch Perfect,2012.0,Comedy,Comedy|Music|Romance,Film,US,en,,Brownstone Productions|Gold Circle Films|Universal Pictures,True,Universal Pictures,,False,Pitch Perfect,same TMDB title,,,,1.0,,,,,0.4,,,,,0.4,,,,,7.0,,False,True,False,False,False,True,False,True
movie:254470,254470.0,movie,Pitch Perfect 2,2015.0,Comedy,Comedy|Music,Film,US,en,,Brownstone Productions|Gold Circle Films|Universal Pictures,True,Universal Pictures,,False,Pitch Perfect 2,same TMDB title,,,,1.0,,,,,0.2,,,,,0.2,,,,,9.0,,False,True,False,False,False,True,False,True
movie:9963,9963.0,movie,Premonition,2007.0,Thriller,Thriller|Drama|Mystery,Film,US,en,,TriStar Pictures|Hyde Park Entertainment|Offspring Entertainment|Metro-Goldwyn-Mayer,False,,,False,Premonition,same TMDB title,,,,1.0,,,,,0.3,,,,,0.3,,,,,8.0,,False,True,False,False,False,True,False,True
movie:114,114.0,movie,Pretty Woman,1990.0,Romance,Romance|Comedy,Film,US,en,,Touchstone Pictures|Silver Screen Partners IV|Arnon Milchan Productions,False,,,False,Pretty Woman,same TMDB title,,,,1.0,,,,,0.4,,,,,0.4,,,,,7.0,,False,True,False,False,False,True,False,True
movie:46195,46195.0,movie,Rio,2011.0,Animation,Animation|Adventure|Comedy|Family,Animated film,US,en,,Blue Sky Studios|20th Century Fox Animation,False,,,False,Rio,same TMDB title,,,,1.0,,,,,0.8,,,,,0.8,,,,,3.0,,False,True,False,False,False,True,False,True
movie:172385,172385.0,movie,Rio 2,2014.0,Animation,Animation|Adventure|Comedy|Family,Animated film,US,en,,Blue Sky Studios|20th Century Fox Animation,False,,,False,Rio 2,same TMDB title,,,,1.0,,,,,0.7,,,,,0.7,,,,,4.0,,False,True,False,False,False,True,False,True
movie:112949,112949.0,movie,Safe Haven,2013.0,Romance,Romance|Thriller,Film,US,en,,Relativity Media|Temple Hill Entertainment,False,,,False,Safe Haven,same TMDB title,,,,1.0,,,,,0.1,,,,,0.1,,,,,10.0,,False,True,False,False,False,True,False,True
movie:1237871,1237871.0,movie,Secret Mall Apartment,2025.0,Documentary,Documentary,Film,US,en,,Wheelhouse Creative|Wildbrush Media|Wrong Turn Productions|Altman Films,False,,,False,Secret Mall Apartment,same TMDB title,,,,1.0,,,,,0.7,,,,,0.7,,,,,4.0,,False,True,False,False,False,True,False,True
movie:1400784,1400784.0,movie,Selena y Los Dinos: A Family's Legacy,2025.0,Documentary,Documentary|Music,Film,US,en,,Motto Pictures,False,,,False,Selena y Los Dinos: A Family’s Legacy,same TMDB title,,,,1.0,,,,,0.5,,,,,0.5,,,,,6.0,,False,True,False,False,False,True,False,True
tv:502,502.0,tv,Sesame Street,1969.0,Kids,Kids|Comedy,Scripted series,US,en,PBS|HBO|National Educational Television|PBS Kids|Netflix|HBO Max|Max|HBO Max,Sesame Workshop|Children's Television Workshop,False,,,False,Sesame Street,same TMDB title,,,,1.0,,,,,0.5,,,,,0.5,,,,,6.0,,False,True,False,False,False,True,False,True
movie:1641319,1641319.0,movie,Sniper: No Nation,2026.0,Action,Action|Thriller,Film,US,en,,Destination Films|Blue Ice Pictures|Blue Ice Africa,False,,,False,Sniper: No Nation,same TMDB title,,,,1.0,,,,,0.7,,,,,0.7,,,,,4.0,,False,True,False,False,False,True,False,True
movie:675353,675353.0,movie,Sonic the Hedgehog 2,2022.0,Action,Action|Adventure|Family|Comedy,Film,US,en,,Original Film|Blur Studio|Marza Animation Planet|Paramount Pictures|SEGA|SEGA of America,False,,,False,Sonic the Hedgehog 2,same TMDB title,,,,1.0,,,,,0.6,,,,,0.6,,,,,5.0,,False,True,False,False,False,True,False,True
movie:1196791,1196791.0,movie,Soul on Fire,2025.0,Drama,Drama,Film,US,en,,Brookwell-McNamara Entertainment|Branded Pictures Entertainment|Virtuality Media|Zaring/Cioffi Entertainment|Affirm Films,False,,,False,Soul on Fire,same TMDB title,,,,1.0,,,,,0.5,,,,,0.5,,,,,6.0,,False,True,False,False,False,True,False,True
movie:206647,206647.0,movie,Spectre,2015.0,Action,Action|Adventure|Thriller,Film,GB,en,,Metro-Goldwyn-Mayer|Columbia Pictures|EON Productions,False,,,False,Spectre,same TMDB title,,,,1.0,,,,,0.3,,,,,0.3,,,,,8.0,,False,True,False,False,False,True,False,False
tv:6443,6443.0,tv,Star Search,1995.0,Unknown,,Scripted series,US,en,,,False,,,False,Star Search,same TMDB title,,,,1.0,,,,,0.6,,,,,0.6,,,,,5.0,,False,True,False,False,False,True,False,True
movie:277216,277216.0,movie,Straight Outta Compton,2015.0,Drama,Drama|Music|History,Film,US,en,,Broken Chair Flickz|Universal Pictures|Legendary Pictures|Cube Vision|Crucial Films|Circle of Confusion|Will Packer Productions|Xenon Pictures,True,Universal Pictures,,False,Straight Outta Compton,same TMDB title,,,,1.0,,,,,0.4,,,,,0.4,,,,,7.0,,False,True,False,False,False,True,False,True
tv:227139,227139.0,tv,Survival of the Thickest,2023.0,Comedy,Comedy|Drama,Scripted series,US,en,Netflix,A24|Mosaic,False,,,False,Survival of the Thickest,same TMDB title,,,,1.0,,,,,0.1,,,,,0.1,,,,,10.0,,False,True,False,False,False,True,False,True
tv:85904,85904.0,tv,Temptation Island,2019.0,Reality,Reality,Reality / unscripted,US,en,USA Network,Banijay Studios North America,False,,USA Network,True,Temptation Island,same TMDB title,,,,1.0,,,,,0.7,,,,,0.7,,,,,4.0,,False,True,False,False,False,True,False,True
movie:34544,34544.0,movie,The A-Team,2010.0,Action,Action|Comedy|Crime,Film,US,en,,Phoenix Film Partners|Dune Entertainment|Stephen J. Cannell Productions|Top Cow Productions|Scott Free Productions|Big Screen Productions|20th Century Fox|Ingenious Media,False,,,False,The A-Team,same TMDB title,,,,1.0,,,,,0.1,,,,,0.1,,,,,10.0,,False,True,False,False,False,True,False,True
movie:639721,639721.0,movie,The Addams Family 2,2021.0,Animation,Animation|Family|Comedy|Fantasy,Animated film,US,en,,Metro-Goldwyn-Mayer|Bron Studios|BermanBraun|Cinesite Animation|Nitrogen Studios Canada|Creative Wealth Media Finance,False,,,False,The Addams Family 2,same TMDB title,,,,1.0,,,,,0.3,,,,,0.3,,,,,8.0,,False,True,False,False,False,True,False,True
movie:756999,756999.0,movie,The Black Phone,2022.0,Horror,Horror|Thriller,Film,US,en,,Blumhouse Productions|Crooked Highway,False,,,False,The Black Phone,same TMDB title,,,,1.0,,,,,0.2,,,,,0.2,,,,,9.0,,False,True,False,False,False,True,False,True
movie:1584779,1584779.0,movie,The Body in the Locker,2025.0,Thriller,Thriller|TV Movie|Crime,Film,US,en,,Lifetime,False,,,False,The Body in the Locker,same TMDB title,,,,1.0,,,,,0.7,,,,,0.7,,,,,4.0,,False,True,False,False,False,True,False,True
movie:323676,323676.0,movie,The Boss,2016.0,Comedy,Comedy,Film,US,en,,Universal Pictures|On the Day|Gary Sanchez Productions,True,Universal Pictures,,False,The Boss,same TMDB title,,,,1.0,,,,,0.5,,,,,0.5,,,,,6.0,,False,True,False,False,False,True,False,True
movie:1440050,1440050.0,movie,The Breadwinner,2026.0,Comedy,Comedy|Family,Film,US,en,,Wonder Project|TriStar Pictures|Nateland Entertainment|One Man Canoe|TSG Entertainment,False,,,False,The Breadwinner,same TMDB title,,,,1.0,,,,,0.6,,,,,0.6,,,,,5.0,,False,True,False,False,False,True,False,True
movie:244761,244761.0,movie,The Captive,2014.0,Drama,Drama|Thriller|Crime,Film,CA,en,,The Film Farm|Ego Film Arts,False,,,False,The Captive,same TMDB title,,,,1.0,,,,,0.2,,,,,0.2,,,,,9.0,,False,True,False,False,False,True,False,False
movie:527435,527435.0,movie,The Christmas Chronicles,2018.0,Comedy,Comedy|Adventure|Family|Fantasy,Film,US,en,,1492 Pictures|Madhouse Entertainment|Ocean Blue Entertainment,False,,,False,The Christmas Chronicles,same TMDB title,,,,1.0,,,,,0.5,,,,,0.5,,,,,6.0,,False,True,False,False,False,True,False,True
movie:18,18.0,movie,The Fifth Element,1997.0,Science Fiction,Science Fiction|Action|Adventure,Film,FR,fr,,Gaumont,False,,,False,The Fifth Element,same TMDB title,,,,1.0,,,,,0.2,,,,,0.2,,,,,9.0,,False,True,False,False,False,True,False,False
movie:855228,855228.0,movie,The Girl Who Got Away,2021.0,Horror,Horror|Thriller|Mystery,Film,US,en,,Boy Wonder Films|Lords Of Magic,False,,,False,The Girl Who Got Away,same TMDB title,,,,1.0,,,,,0.3,,,,,0.3,,,,,8.0,,False,True,False,False,False,True,False,True
movie:311324,311324.0,movie,The Great Wall,2016.0,Action,Action|Adventure|Fantasy,Film,US,en,,Universal Pictures|Atlas Entertainment|Le Vision Pictures|Legendary Pictures|Legendary East|China Film Group Corporation,True,Universal Pictures,,False,The Great Wall,same TMDB title,,,,1.0,,,,,0.4,,,,,0.4,,,,,7.0,,False,True,False,False,False,True,False,True
movie:45243,45243.0,movie,The Hangover Part II,2011.0,Comedy,Comedy,Film,US,en,,Legendary Pictures|Green Hat Films|Warner Bros. Pictures,False,,,False,The Hangover: Part II,same TMDB title,,,,1.0,,,,,0.2,,,,,0.2,,,,,9.0,,False,True,False,False,False,True,False,True
movie:695721,695721.0,movie,The Hunger Games: The Ballad of Songbirds & Snakes,2023.0,Science Fiction,Science Fiction|Action,Film,US,en,,Lionsgate|Color Force|about:blank|Studio Babelsberg,False,,,False,The Hunger Games: The Ballad of Songbirds and Snakes,same TMDB title,,,,1.0,,,,,0.3,,,,,0.3,,,,,8.0,,False,True,False,False,False,True,False,True
movie:1635,1635.0,movie,The Island,2005.0,Action,Action|Thriller|Science Fiction,Film,US,en,,DreamWorks Pictures|Warner Bros. Pictures|Parkes+MacDonald Production,False,,,False,The Island,same TMDB title,,,,1.0,,,,,0.2,,,,,0.2,,,,,9.0,,False,True,False,False,False,True,False,True
movie:510938,510938.0,movie,The Matchmaker's Playbook,2018.0,Romance,Romance,Film,US,en,,PassionFlix,False,,,False,The Matchmaker's Playbook,same TMDB title,,,,1.0,,,,,0.1,,,,,0.1,,,,,10.0,,False,True,False,False,False,True,False,True
movie:18240,18240.0,movie,The Proposal,2009.0,Comedy,Comedy|Romance|Drama,Film,US,en,,Touchstone Pictures|Mandeville Films|Kurtzman/Orci,False,,,False,The Proposal,same TMDB title,,,,1.0,,,,,0.7,,,,,0.7,,,,,4.0,,False,True,False,False,False,True,False,True
movie:1418286,1418286.0,movie,The Royal We,2025.0,Romance,Romance|Comedy,Film,US,en,,UFO International Productions|Hallmark Media,False,,,False,The Royal We,same TMDB title,,,,1.0,,,,,0.2,,,,,0.2,,,,,9.0,,False,True,False,False,False,True,False,True
movie:11528,11528.0,movie,The Sandlot,1993.0,Family,Family|Comedy|Drama,Film,US,en,,Island World|20th Century Fox,False,,,False,The Sandlot,same TMDB title,,,,1.0,,,,,0.4,,,,,0.4,,,,,7.0,,False,True,False,False,False,True,False,True
movie:41513,41513.0,movie,The Smurfs,2011.0,Animation,Animation|Family|Adventure|Comedy|Fantasy,Animated film,US,en,,Columbia Pictures|Sony Pictures Animation|The Kerner Entertainment Company,False,,,False,The Smurfs,same TMDB title,,,,1.0,,,,,0.1,,,,,0.1,,,,,10.0,,False,True,False,False,False,True,False,True
movie:361743,361743.0,movie,Top Gun: Maverick,2022.0,Action,Action|Drama,Film,US,en,,Skydance Media|Don Simpson/Jerry Bruckheimer Films|Paramount Pictures,False,,,False,Top Gun: Maverick,same TMDB title,,,,1.0,,,,,0.8,,,,,0.8,,,,,3.0,,False,True,False,False,False,True,False,True
movie:77950,77950.0,movie,Turbo,2013.0,Animation,Animation|Family,Animated film,US,en,,DreamWorks Animation,True,DreamWorks Animation,,False,Turbo,same TMDB title,,,,1.0,,,,,0.4,,,,,0.4,,,,,7.0,,False,True,False,False,False,True,False,True
movie:1641965,1641965.0,movie,Untold: Jail Blazers,2026.0,Documentary,Documentary,Film,US,en,,Propagate Content|Stardust Frames,False,,,False,Untold: Jail Blazers,same TMDB title,,,,1.0,,,,,0.2,,,,,0.2,,,,,9.0,,False,True,False,False,False,True,False,True
movie:1739186,1739186.0,movie,Untold: The Testimony of Vince Young,2026.0,Documentary,Documentary,Film,US,en,,Campfire Studios,False,,,False,Untold: The Testimony of Vince Young,same TMDB title,,,,1.0,,,,,0.6,,,,,0.6,,,,,5.0,,False,True,False,False,False,True,False,True
movie:296099,296099.0,movie,Vacation,2015.0,Comedy,Comedy|Adventure,Film,US,en,,BenderSpink|David Dobkin Productions,False,,,False,Vacation,same TMDB title,,,,1.0,,,,,0.7,,,,,0.7,,,,,4.0,,False,True,False,False,False,True,False,True
movie:666035,666035.0,movie,Wanted Man,2024.0,Action,Action,Film,US,en,,Red Orm Productions Inc.|Thor Pictures|Wonder Street|Millennium Media,False,,,False,Wanted Man,same TMDB title,,,,1.0,,,,,0.3,,,,,0.3,,,,,8.0,,False,True,False,False,False,True,False,True
movie:13490,13490.0,movie,Welcome Home Roscoe Jenkins,2008.0,Comedy,Comedy|Drama|Family,Film,US,en,,Spyglass Entertainment|Universal Pictures,True,Universal Pictures,,False,Welcome Home Roscoe Jenkins,same TMDB title,,,,1.0,,,,,0.1,,,,,0.1,,,,,10.0,,False,True,False,False,False,True,False,True
tv:16372,16372.0,tv,Ángela,1998.0,Soap,Soap|Drama,Scripted series,MX,es,Las Estrellas,Televisa,False,,,False,Ángela,same TMDB title,,,,1.0,,,,,0.5,,,,,0.5,,,,,6.0,,False,True,False,False,False,True,False,False
movie:336843,336843.0,movie,Maze Runner: The Death Cure,2018.0,Science Fiction,Science Fiction|Action|Adventure|Thriller,Film,US,en,,The Gotham Group|Temple Hill Entertainment|20th Century Fox|Oddball Entertainment|TSG Entertainment,False,,,False,Maze Runner: Death Cure,same TMDB title,,,,1.0,,,,,0.1,,,,,0.1,,,,,10.0,,False,True,False,False,False,True,False,True
movie:575264,575264.0,movie,Mission: Impossible - Dead Reckoning Part One,2023.0,Action,Action|Adventure|Thriller,Film,US,en,,Paramount Pictures|Skydance Media|TC Productions,False,,,False,Mission: Impossible - Dead Reckoning,same TMDB title,,,,1.0,,,,,0.4,,,,,0.4,,,,,7.0,,False,True,False,False,False,True,False,True
tv:87012,87012.0,tv,The Great British Bake Off,2017.0,Reality,Reality,Reality / unscripted,GB,en,Channel 4,Love Productions,False,,,False,The Great British Baking Show,same TMDB title,,,,1.0,,,,,0.7,,,,,0.7,,,,,4.0,,False,True,False,False,False,True,False,False
tv:292601,292601.0,tv,Kill Tony,,Comedy,Comedy,Talk / variety,US,en,,,False,,,False,Kill Tony: Once Upon a Time in Texas,same TMDB title,,,,1.0,,,,,0.6,,,,,0.6,,,,,5.0,,False,True,False,False,False,True,False,True
tv:45790,45790.0,tv,JoJo's Bizarre Adventure,2012.0,Animation,Animation|Action & Adventure|Sci-Fi & Fantasy,Animated series,JP,ja,Netflix|Tokyo MX|BS11,David Production|Shueisha|Warner Bros. Japan,False,,,False,STEEL BALL RUN JoJo’s Bizarre Adventure,same TMDB title,,,,1.0,,,,,0.1,,,,,0.1,,,,,10.0,,False,True,False,False,False,True,False,False
tv:39340,39340.0,tv,2 Broke Girls,2011.0,Comedy,Comedy,Scripted series,US,en,CBS,Michael Patrick King Productions,False,,,False,2 Broke Girls,same TMDB title,,,2.0,,,,,0.5,,,,,0.3333333333333333,,,,,6.0,,,False,False,False,False,True,False,True,True
movie:64688,64688.0,movie,21 Jump Street,2012.0,Action,Action|Comedy|Crime,Film,US,en,,Columbia Pictures|Relativity Media|Original Film|Metro-Goldwyn-Mayer|Stephen J. Cannell Productions|SJC Studios,False,,,False,21 Jump Street,same TMDB title,,,2.0,,,,,0.7,,,,,0.5,,,,,4.0,,,False,False,False,False,True,False,True,True
movie:187017,187017.0,movie,22 Jump Street,2014.0,Crime,Crime|Comedy|Action,Film,US,en,,Columbia Pictures|Original Film|MRC|Metro-Goldwyn-Mayer|Cannell Studios|JHF Productions|33andOut Productions,False,,,False,22 Jump Street,same TMDB title,,,1.0,,,,,0.4,,,,,0.4,,,,,7.0,,,False,False,False,False,True,False,True,True
movie:6557,6557.0,movie,27 Dresses,2008.0,Comedy,Comedy|Romance,Film,US,en,,Fox 2000 Pictures|Spyglass Entertainment|Dune Entertainment III,False,,,False,27 Dresses,same TMDB title,,,2.0,,,,,0.3,,,,,0.25,,,,,8.0,,,False,False,False,False,True,False,True,True
tv:75219,75219.0,tv,9-1-1,2018.0,Drama,Drama|Crime|Action & Adventure,Scripted series,US,en,ABC|FOX,Ryan Murphy Television|Ream Works|Brad Falchuk Teley-vision|20th Century Fox Television|20th Television,False,,,False,9-1-1,same TMDB title,1.0,17.0,,,,0.067,0.633,,,,0.067,0.48623529411764704,,,,29.0,12.0,,,,False,False,True,True,False,False,True,True
movie:950387,950387.0,movie,A Minecraft Movie,2025.0,Family,Family|Fantasy|Comedy|Adventure,Film,US,en,,Warner Bros. Pictures|Legendary Pictures|Mojang Studios|Vertigo Entertainment|On the Roam|Domain Entertainment,False,,,False,A Minecraft Movie,same TMDB title,,,5.0,,,,,0.9,,,,,0.58,,,,,2.0,,,False,False,False,False,True,False,True,True
movie:435107,435107.0,movie,A Royal Winter,2017.0,TV Movie,TV Movie|Romance,Film,US,en,,Brad Krevoy Television|Motion Picture Corporation of America,False,,,False,A Royal Winter,same TMDB title,,,2.0,,,,,0.4,,,,,0.35,,,,,7.0,,,False,False,False,False,True,False,True,True
tv:316638,316638.0,tv,ABC National Forum,2026.0,Talk,Talk,Talk / variety,AU,en,ABC TV,,False,,,False,ABC NATIONAL FORUM,same TMDB title,,1.0,,,,,0.033,,,,,0.033,,,,,30.0,,,,False,False,False,True,False,False,True,False
tv:108255,108255.0,tv,All Creatures Great & Small,2020.0,Drama,Drama|Comedy,Scripted series,GB,en,5,Playground Entertainment,False,,,False,ALL CREATURES GREAT AND SMALL,same TMDB title,6.0,5.0,,,,0.567,0.5,,,,0.41683333333333333,0.39980000000000004,,,,14.0,16.0,,,,False,False,True,True,False,False,True,False
movie:1622970,1622970.0,movie,Always Was Tonight,2026.0,Unknown,,Film,AU,en,,Australian Broadcasting Corporation,False,,,False,ALWAYS WAS TONIGHT,same TMDB title,,1.0,,,,,0.133,,,,,0.133,,,,,27.0,,,,False,False,False,True,False,False,True,False
tv:230782,230782.0,tv,Animals Aboard with Dr. Harry,2023.0,Documentary,Documentary|Family|Reality,Reality / unscripted,AU,en,Seven Network,Beyond Action,False,,,False,ANIMALS ABOARD WITH DR. HARRY,same TMDB title,3.0,2.0,,,,0.567,0.533,,,,0.30033333333333334,0.43300000000000005,,,,14.0,15.0,,,,False,False,True,True,False,False,True,False
tv:304888,304888.0,tv,Annabel Crabb's Civic Duty,2025.0,Documentary,Documentary,Documentary,AU,en,ABC TV,Australian Broadcasting Corporation,False,,,False,ANNABEL CRABB’S CIVIC DUTY,same TMDB title,3.0,1.0,,,,0.5,0.567,,,,0.26666666666666666,0.567,,,,16.0,14.0,,,,False,False,True,True,False,False,True,False
tv:2042,2042.0,tv,Antiques Roadshow,1979.0,Documentary,Documentary|Family,Documentary,GB,en,BBC One,BBC Studios Productions|BBC Studios Factual Entertainment Productions,False,,,False,ANTIQUES ROADSHOW,same TMDB title,1.0,1.0,,,,0.133,0.533,,,,0.133,0.533,,,,27.0,15.0,,,,False,False,True,True,False,False,True,False
tv:272947,272947.0,tv,Art Detectives,2025.0,Crime,Crime|Drama,Scripted series,US,en,Acorn TV,Black Dog Television|Acorn Media Enterprises|Dynamic Television,False,,,False,ART DETECTIVES,same TMDB title,4.0,3.0,,,,0.4,0.633,,,,0.24175000000000002,0.43333333333333335,,,,19.0,12.0,,,,False,False,True,True,False,False,True,True
tv:270936,270936.0,tv,Australian Crime Stories: The Investigators,2023.0,Crime,Crime|Documentary,Documentary,AU,en,Nine Network,,False,,,False,AUSTRALIAN CRIME STORIES: THE INVESTIGATORS,same TMDB title,1.0,2.0,,,,0.033,0.333,,,,0.033,0.2,,,,30.0,21.0,,,,False,False,True,True,False,False,True,False
tv:4204,4204.0,tv,Australian Idol,2003.0,Reality,Reality,Reality / unscripted,AU,en,10|Seven Network,,False,,,False,AUSTRALIAN IDOL,same TMDB title,11.0,11.0,,,,0.833,0.933,,,,0.7818181818181817,0.9329999999999999,,,,6.0,3.0,,,,False,False,True,True,False,False,True,False
tv:12317,12317.0,tv,Australian Story,1996.0,Documentary,Documentary|News,Documentary,AU,en,ABC TV,,False,,,False,AUSTRALIAN STORY,same TMDB title,36.0,28.0,,,,0.733,0.8,,,,0.3703333333333333,0.39521428571428574,,,,9.0,7.0,,,,False,False,True,True,False,False,True,False
tv:10957,10957.0,tv,Australian Survivor,2016.0,Reality,Reality,Reality / unscripted,AU,en,10,EndemolShine Australia,False,,,False,AUSTRALIAN SURVIVOR,same TMDB title,8.0,8.0,,,,0.533,0.9,,,,0.183375,0.7835,,,,15.0,4.0,,,,False,False,True,True,False,False,True,False
tv:314997,314997.0,tv,Australia's Greatest Conman?,2026.0,Documentary,Documentary|Crime,Documentary,AU,en,SBS On Demand,,False,,,False,AUSTRALIA’S GREATEST CONMAN?,same TMDB title,,1.0,,,,,0.233,,,,,0.233,,,,,24.0,,,,False,False,False,True,False,False,True,False
movie:1389149,1389149.0,movie,Accused,2026.0,Thriller,Thriller|Mystery|Drama,Film,IN,hi,,Dharmatic Entertainment,False,,,False,Accused,same TMDB title,,,2.0,,,,,0.5,,,,,0.35,,,,,6.0,,,False,False,False,False,True,False,True,False
tv:296206,296206.0,tv,Agent Kim Reactivated,2026.0,Action & Adventure,Action & Adventure|Crime|Drama,Scripted limited series,KR,ko,SBS,Fantagio|Studio S,False,,,False,Agent Kim Reactivated,same TMDB title,,,4.0,,,,,0.5,,,,,0.4,,,,,6.0,,,False,False,False,False,True,False,True,False
tv:110316,110316.0,tv,Alice in Borderland,2020.0,Mystery,Mystery|Drama|Action & Adventure,Scripted series,JP,ja,Netflix,Robot Communications,False,,,False,Alice in Borderland,same TMDB title,,,1.0,,,,,0.5,,,,,0.5,,,,,6.0,,,False,False,False,False,True,False,True,False
movie:1122030,1122030.0,movie,Alpha,2026.0,Action,Action|Thriller,Film,IN,hi,,Yash Raj Films,False,,,False,Alpha,same TMDB title,,,1.0,,,,,0.2,,,,,0.2,,,,,9.0,,,False,False,False,False,True,False,True,False
movie:934456,934456.0,movie,Americana,2025.0,Crime,Crime|Western|Comedy,Film,US,en,,Bron Studios|Creative Wealth Media Finance|Saks Picture Company|Rhea Films|Hercules Film Fund,False,,,False,Americana,same TMDB title,,,1.0,,,,,0.2,,,,,0.2,,,,,9.0,,,False,False,False,False,True,False,True,True
movie:1072790,1072790.0,movie,Anyone but You,2023.0,Romance,Romance|Comedy,Film,US,en,,Olive Bridge Entertainment|Roth-Kirschenbaum Films|SK Global Entertainment|Columbia Pictures,False,,,False,Anyone But You,same TMDB title,,,4.0,,,,,1.0,,,,,0.775,,,,,1.0,,,False,False,False,False,True,False,True,True
tv:230939,230939.0,tv,At Home with the Furys,2023.0,Reality,Reality|Family|Documentary,Reality / unscripted,GB,en,Netflix,,False,,,False,At Home With The Furys,same TMDB title,,,1.0,,,,,0.6,,,,,0.6,,,,,5.0,,,False,False,False,False,True,False,True,False
movie:13483,13483.0,movie,Awake,2007.0,Thriller,Thriller|Crime|Mystery,Film,US,en,,The Weinstein Company|Open City Films|GreeneStreet Films,False,,,False,Awake,same TMDB title,,,1.0,,,,,0.8,,,,,0.8,,,,,3.0,,,False,False,False,False,True,False,True,True
tv:65405,65405.0,tv,Back Roads,2015.0,Documentary,Documentary,Documentary,AU,en,ABC TV,Australian Broadcasting Corporation,False,,,False,BACK ROADS,same TMDB title,2.0,,,,,0.233,,,,,0.21650000000000003,,,,,24.0,,,,,False,False,True,False,False,False,True,False
tv:317670,317670.0,tv,Bad Company,2026.0,Comedy,Comedy,Scripted series,AU,en,ABC TV,,False,,,False,BAD COMPANY,same TMDB title,2.0,6.0,,,,0.5,0.967,,,,0.3665,0.5001666666666666,,,,16.0,2.0,,,,False,False,True,True,False,False,True,False
tv:310044,310044.0,tv,Banjo and Ro’s Grand Island Hotel,2026.0,Documentary,Documentary,Documentary,GB,en,BBC Scotland,Hello Halo,False,,,False,BANJO AND RO’S GRAND ISLAND HOTEL,same TMDB title,,2.0,,,,,0.2,,,,,0.1665,,,,,25.0,,,,False,False,False,True,False,False,True,False
tv:1596,1596.0,tv,Bergerac,1981.0,Drama,Drama,Scripted series,GB,en,BBC One,BBC TV,False,,,False,BERGERAC,same TMDB title,,1.0,,,,,0.6,,,,,0.6,,,,,13.0,,,,False,False,False,True,False,False,True,False
tv:4189,4189.0,tv,Better Homes and Gardens,1996.0,Unknown,,Scripted series,AU,en,Seven Network,Channe 7 Australia,False,,,False,BETTER HOMES AND GARDENS,same TMDB title,9.0,1.0,,,,0.4,0.167,,,,0.18533333333333335,0.167,,,,19.0,26.0,,,,False,False,True,True,False,False,True,False
tv:205072,205072.0,tv,Beyond Paradise,2023.0,Drama,Drama|Crime,Scripted series,GB,en,BBC One,Red Planet Pictures,False,,,False,BEYOND PARADISE | BEYOND PARADISE: CHRISTMAS SPECIAL (2024),same TMDB title,7.0,2.0,,,,0.533,0.567,,,,0.37142857142857144,0.3,,,,15.0,14.0,,,,False,False,True,True,False,False,True,False
tv:218344,218344.0,tv,Blue Lights,2023.0,Crime,Crime|Drama,Scripted series,GB,en,BBC One,Gallagher Films|Two Cities Television,False,,,False,BLUE LIGHTS,same TMDB title,,4.0,,,,,0.633,,,,,0.59175,,,,,12.0,,,,False,False,False,True,False,False,True,False
tv:310925,310925.0,tv,Blue Murder Motel,2026.0,Crime,Crime|Drama|Mystery,Scripted series,NZ,en,TVNZ 1,Great Southern Television,False,,,False,BLUE MURDER MOTEL,same TMDB title,2.0,2.0,,,,0.3,0.5,,,,0.1835,0.3,,,,22.0,16.0,,,,False,False,True,True,False,False,True,False
tv:19910,19910.0,tv,Border Patrol,2002.0,Documentary,Documentary|Reality,Reality / unscripted,NZ,en,TVNZ 1|TVNZ+,Greenstone TV,False,,,False,BORDER PATROL,same TMDB title,3.0,4.0,,,,0.5,0.467,,,,0.35533333333333333,0.325,,,,16.0,17.0,,,,False,False,True,True,False,False,True,False
tv:115639,115639.0,tv,Bump,2021.0,Drama,Drama|Comedy,Scripted series,AU,en,Stan,Roadshow Rough Diamond,False,,,False,BUMP,same TMDB title,,3.0,,,,,0.2,,,,,0.15566666666666668,,,,,25.0,,,,False,False,False,True,False,False,True,False
tv:290219,290219.0,tv,Baby Shark Hospital Play,2022.0,Unknown,,Scripted series,US,en,,,False,,,False,Baby Shark Hospital Play,same TMDB title,,,1.0,,,,,0.1,,,,,0.1,,,,,10.0,,,False,False,False,False,True,False,True,True
movie:573435,573435.0,movie,Bad Boys: Ride or Die,2024.0,Action,Action|Comedy|Crime,Film,US,en,,Westbrook|Columbia Pictures|Don Simpson/Jerry Bruckheimer Films|2.0 Entertainment,False,,,False,Bad Boys: Ride or Die,same TMDB title,,,3.0,,,,,0.7,,,,,0.39999999999999997,,,,,4.0,,,False,False,False,False,True,False,True,True
movie:1272166,1272166.0,movie,Ballad of a Small Player,2025.0,Crime,Crime|Drama,Film,DE,en,,Good Chaos|Stigma Films|Nine Hours,False,,,False,Ballad of a Small Player,same TMDB title,,,2.0,,,,,0.6,,,,,0.35,,,,,5.0,,,False,False,False,False,True,False,True,False
movie:9907,9907.0,movie,Barnyard,2006.0,Animation,Animation|Comedy|Family,Animated film,US,en,,O Entertainment|Nickelodeon Movies|Paramount Pictures|Kumar Mobiliengesellschaft mbH & Co. Projekt Nr. 2,False,,,False,Barnyard,same TMDB title,,,1.0,,,,,0.7,,,,,0.7,,,,,4.0,,,False,False,False,False,True,False,True,True
movie:1244531,1244531.0,movie,Beast of War,2025.0,Thriller,Thriller|Action|War|Horror,Film,AU,en,,Bronte Pictures|Pictures in Paradise,False,,,False,Beast of War,same TMDB title,,,1.0,,,,,0.9,,,,,0.9,,,,,2.0,,,False,False,False,False,True,False,True,False
movie:917496,917496.0,movie,Beetlejuice Beetlejuice,2024.0,Comedy,Comedy|Fantasy,Film,US,en,,Warner Bros. Pictures|Geffen Pictures|Plan B Entertainment|Tim Burton Productions|Tommy Harper Productions|Domain Entertainment,False,,,False,Beetlejuice Beetlejuice,same TMDB title,,,1.0,,,,,0.2,,,,,0.2,,,,,9.0,,,False,False,False,False,True,False,True,True
tv:262273,262273.0,tv,Being Gordon Ramsay,2026.0,Documentary,Documentary,Documentary,GB,en,Netflix,Studio Ramsay Global,False,,,False,Being Gordon Ramsay,same TMDB title,,,2.0,,,,,0.6,,,,,0.6,,,,,5.0,,,False,False,False,False,True,False,True,False
movie:1233575,1233575.0,movie,Black Bag,2025.0,Drama,Drama|Mystery|Thriller,Film,US,en,,Casey Silver Productions,False,,,False,Black Bag,same TMDB title,,,2.0,,,,,0.8,,,,,0.75,,,,,3.0,,,False,False,False,False,True,False,True,True
movie:1197137,1197137.0,movie,Black Phone 2,2025.0,Horror,Horror|Thriller,Film,US,en,,Blumhouse Productions|Crooked Highway|Universal Pictures,True,Universal Pictures,,False,Black Phone 2,same TMDB title,,,1.0,,,,,0.1,,,,,0.1,,,,,10.0,,,False,False,False,False,True,False,True,True
tv:127529,127529.0,tv,Bloodhounds,2023.0,Drama,Drama|Action & Adventure|Crime,Scripted series,KR,ko,Netflix,Studio N|See Át Film|STUDIO706|Ghost Studio,False,,,False,Bloodhounds,same TMDB title,,,1.0,,,,,0.2,,,,,0.2,,,,,9.0,,,False,False,False,False,True,False,True,False
tv:280945,280945.0,tv,"Bon Appétit, Your Majesty",2025.0,Drama,Drama|Sci-Fi & Fantasy,Scripted limited series,KR,ko,tvN,Studio Dragon,False,,,False,"Bon Appétit, Your Majesty",same TMDB title,,,1.0,,,,,0.2,,,,,0.2,,,,,9.0,,,False,False,False,False,True,False,True,False
movie:497814,497814.0,movie,Breaking In,2018.0,Action,Action|Crime|Thriller,Film,US,en,,Will Packer Productions|Practical Pictures,False,,,False,Breaking In,same TMDB title,,,1.0,,,,,0.8,,,,,0.8,,,,,3.0,,,False,False,False,False,True,False,True,True
movie:1272149,1272149.0,movie,Bridget Jones: Mad About the Boy,2025.0,Romance,Romance|Comedy|Drama,Film,FR|US|GB,en,,StudioCanal|Miramax|Working Title,False,,,False,Bridget Jones: Mad About the Boy,same TMDB title,,,1.0,,,,,0.1,,,,,0.1,,,,,10.0,,,False,False,False,False,True,False,True,True
tv:39793,39793.0,tv,Call the Midwife,2012.0,Drama,Drama,Scripted series,GB,en,BBC One,BBC|Neal Street Productions,False,,,False,CALL THE MIDWIFE | CALL THE MIDWIFE: CHRISTMAS SPECIAL (2024) | CALL THE MIDWIFE: CHRISTMAS SPECIAL (2024) TX 2,same TMDB title,5.0,2.0,,,,0.4,0.3,,,,0.21666666666666667,0.2835,,,,19.0,22.0,,,,False,False,True,True,False,False,True,False
movie:537739,537739.0,movie,Can You Keep a Secret?,2019.0,Romance,Romance|Comedy,Film,US,en,,BCDF Pictures|Big Indie Pictures|Embankment Films|120dB Films,False,,,False,CAN YOU KEEP A SECRET?,same TMDB title,1.0,1.0,,,,0.1,0.3,,,,0.1,0.3,,,,28.0,22.0,,,,False,False,True,True,False,False,True,True
tv:117648,117648.0,tv,Clarkson's Farm,2021.0,Reality,Reality|Comedy,Reality / unscripted,GB,en,Prime Video,Expectation TV|Con Dao Productions,False,,,False,CLARKSON’S FARM,same TMDB title,1.0,1.0,,,,0.2,0.4,,,,0.2,0.4,,,,25.0,19.0,,,,False,False,True,True,False,False,True,False
movie:864,864.0,movie,Cool Runnings,1993.0,Comedy,Comedy|Adventure|Drama,Film,US,en,,Walt Disney Pictures|Dawn Steel Productions,False,,,False,COOL RUNNINGS,same TMDB title,,1.0,,,,,0.033,,,,,0.033,,,,,30.0,,,,False,False,False,True,False,False,True,True
tv:296520,296520.0,tv,Cooper & Fry,2025.0,Crime,Crime|Drama|Mystery,Scripted series,GB,en,5,Clapperboard Studios|Studio TF1,False,,,False,COOPER & FRY,same TMDB title,1.0,,,,,0.5,,,,,0.5,,,,,16.0,,,,,False,False,True,False,False,False,True,False
tv:304887,304887.0,tv,Crime Night!,2025.0,Talk,Talk|Crime|Comedy,Talk / variety,AU,en,ABC TV,Dreamchaser Entertainment,False,,,False,CRIME NIGHT!,same TMDB title,1.0,1.0,,,,0.333,0.467,,,,0.333,0.467,,,,21.0,17.0,,,,False,False,True,True,False,False,True,False
movie:929590,929590.0,movie,Civil War,2024.0,War,War|Action|Drama,Film,GB|US,en,,DNA Films|IPR.VC|A24,False,,,False,Civil War,same TMDB title,,,1.0,,,,,0.5,,,,,0.5,,,,,6.0,,,False,False,False,False,True,False,True,True
movie:95516,95516.0,movie,Cleanskin,2012.0,Drama,Drama|Thriller|Crime,Film,US|GB,en,,UK Film Studio|The Salt Company,False,,,False,Cleanskin,same TMDB title,,,1.0,,,,,0.2,,,,,0.2,,,,,9.0,,,False,False,False,False,True,False,True,True
movie:1392469,1392469.0,movie,Cocktail 2,2026.0,Romance,Romance|Comedy,Film,IN,hi,,Maddock Films|LUV Films,False,,,False,Cocktail 2,same TMDB title,,,1.0,,,,,0.2,,,,,0.2,,,,,9.0,,,False,False,False,False,True,False,True,False
movie:10329,10329.0,movie,Congo,1995.0,Action,Action|Adventure|Science Fiction,Film,US,en,,Paramount Pictures|The Kennedy/Marshall Company,False,,,False,Congo,same TMDB title,,,1.0,,,,,0.1,,,,,0.1,,,,,10.0,,,False,False,False,False,True,False,True,True
movie:539681,539681.0,movie,DC League of Super-Pets,2022.0,Family,Family|Comedy|Adventure|Animation|Science Fiction|Action,Animated film,US,en,,Warner Animation Group|Seven Bucks Productions|Animal Logic|DC,False,,,False,DC League of Super-Pets,same TMDB title,,,2.0,,,,,0.7,,,,,0.44999999999999996,,,,,4.0,,,False,False,False,False,True,False,True,True
tv:2176,2176.0,tv,Deal or No Deal,2003.0,Reality,Reality,Reality / unscripted,AU,en,10|Seven Network,,False,,,False,DEAL OR NO DEAL,same TMDB title,,1.0,,,,,0.2,,,,,0.2,,,,,25.0,,,,False,False,False,True,False,False,True,False
tv:41956,41956.0,tv,Death in Paradise,2011.0,Comedy,Comedy|Crime|Drama|Mystery,Scripted series,GB,en,BBC One,Red Planet Pictures|Atlantique Productions|Kudos|BBC,False,,,False,DEATH IN PARADISE | DEATH IN PARADISE: CHRISTMAS SPECIAL (2024),same TMDB title,8.0,2.0,,,,0.667,0.567,,,,0.33325,0.38349999999999995,,,,11.0,14.0,,,,False,False,True,True,False,False,True,False
tv:254897,254897.0,tv,Death Valley,2025.0,Mystery,Mystery|Drama|Comedy,Scripted series,GB,en,BBC One,BBC Studios Comedy|BBC,False,,,False,DEATH VALLEY,same TMDB title,,1.0,,,,,0.133,,,,,0.133,,,,,27.0,,,,False,False,False,True,False,False,True,False
tv:326633,326633.0,tv,Deep End: The Scott Miller Story,2026.0,Documentary,Documentary,Documentary,AU,en,ABC TV,,False,,,False,DEEP END: THE SCOTT MILLER STORY,same TMDB title,1.0,,,,,0.267,,,,,0.267,,,,,23.0,,,,,False,False,True,False,False,False,True,False
movie:1640697,1640697.0,movie,Diabolical: The Epstein Files,2026.0,Documentary,Documentary|Crime,Film,AU,en,,Australian Broadcasting Corporation|ABC TV,False,,,False,DIABOLICAL: THE EPSTEIN FILES,same TMDB title,1.0,1.0,,,,0.7,0.767,,,,0.7,0.767,,,,10.0,8.0,,,,False,False,True,True,False,False,True,False
tv:307823,307823.0,tv,Dog Park,2026.0,Drama,Drama|Comedy,Scripted series,AU,en,ABC TV,Matchbox Pictures,True,Matchbox Pictures,,False,DOG PARK,same TMDB title,1.0,2.0,,,,0.433,0.667,,,,0.433,0.48350000000000004,,,,18.0,11.0,,,,False,False,True,True,False,False,True,False
tv:281338,281338.0,tv,Dr Karl's How Things Work,2025.0,Documentary,Documentary|Family,Documentary,AU,en,ABC TV,Australian Broadcasting Corporation,False,,,False,DR KARL’S HOW THINGS WORK,same TMDB title,5.0,2.0,,,,0.733,0.767,,,,0.42000000000000004,0.55,,,,9.0,8.0,,,,False,False,True,True,False,False,True,False
tv:295233,295233.0,tv,Dead Ahead,2025.0,Drama,Drama|Comedy|Family,Scripted series,NZ,en,TVNZ+,Hi Mama Productions,False,,,False,Dead Ahead,same TMDB title,,,1.0,,,,,0.6,,,,,0.6,,,,,5.0,,,False,False,False,False,True,False,True,False
movie:505026,505026.0,movie,Death on the Nile,2022.0,Mystery,Mystery|Crime|Thriller,Film,US,en,,Genre Films|20th Century Studios|Scott Free Productions|Mark Gordon Pictures,False,,,False,Death on the Nile,same TMDB title,,,1.0,,,,,0.7,,,,,0.7,,,,,4.0,,,False,False,False,False,True,False,True,True
movie:1413316,1413316.0,movie,Deeper,2024.0,Crime,Crime|Drama|Thriller,Film,US,en,,,False,,,False,Deeper,same TMDB title,,,1.0,,,,,0.3,,,,,0.3,,,,,8.0,,,False,False,False,False,True,False,True,True
movie:604685,604685.0,movie,Den of Thieves 2: Pantera,2025.0,Action,Action|Crime|Thriller,Film,US,en,,Diamond Film Productions|G-BASE|Tucker Tooley Entertainment|Lionsgate|Entertainment One Features,False,,,False,Den of Thieves 2: Pantera,same TMDB title,,,1.0,,,,,0.8,,,,,0.8,,,,,3.0,,,False,False,False,False,True,False,True,True
tv:319919,319919.0,tv,Desi Bling,2026.0,Reality,Reality,Reality / unscripted,IN,hi,Netflix,Different Productions,False,,,False,Desi Bling,same TMDB title,,,2.0,,,,,0.2,,,,,0.2,,,,,9.0,,,False,False,False,False,True,False,True,False
movie:1291608,1291608.0,movie,Dhurandhar,2025.0,Action,Action|Crime|Thriller,Film,IN,hi,,B62 Studios|Jio Studios,False,,,False,Dhurandhar,same TMDB title,,,2.0,,,,,0.4,,,,,0.35,,,,,7.0,,,False,False,False,False,True,False,True,False
movie:9472,9472.0,movie,DodgeBall: A True Underdog Story,2004.0,Comedy,Comedy,Film,US,en,,20th Century Fox|Red Hour|Mediastream Vierte Film,False,,,False,Dodgeball: A True Underdog Story,same TMDB title,,,1.0,,,,,0.5,,,,,0.5,,,,,6.0,,,False,False,False,False,True,False,True,True
movie:401157,401157.0,movie,Don't Tell,2017.0,Drama,Drama,Film,AU|US,en,,Fornillo Road,False,,,False,Don't Tell,same TMDB title,,,1.0,,,,,0.2,,,,,0.2,,,,,9.0,,,False,False,False,False,True,False,True,True
movie:560391,560391.0,movie,Downhill,2020.0,Drama,Drama|Comedy,Film,US,en,,Searchlight Pictures|Likely Story|TSG Entertainment,False,,,False,Downhill,same TMDB title,,,2.0,,,,,0.6,,,,,0.4,,,,,5.0,,,False,False,False,False,True,False,True,True
movie:360920,360920.0,movie,The Grinch,2018,Animation,Animation|Comedy|Family|Fantasy,Animated film,US,en,,Illumination|Universal Pictures,True,Illumination,,False,Dr. Seuss' The Grinch,same TMDB title,,,3.0,,,,,1.0,,,,,0.7666666666666666,,,,,1.0,,,False,False,False,False,True,False,True,True
movie:1249213,1249213.0,movie,Drop,2025.0,Mystery,Mystery|Thriller,Film,US,en,,Blumhouse Productions|Platinum Dunes|Universal Pictures,True,Universal Pictures,,False,Drop,same TMDB title,,,1.0,,,,,0.7,,,,,0.7,,,,,4.0,,,False,False,False,False,True,False,True,True
movie:41733,41733.0,movie,Due Date,2010.0,Comedy,Comedy|Drama,Film,US,en,,Legendary Pictures|Green Hat Films|Warner Bros. Pictures,False,,,False,Due Date,same TMDB title,,,1.0,,,,,0.6,,,,,0.6,,,,,5.0,,,False,False,False,False,True,False,True,True
tv:307874,307874.0,tv,Events That Changed Australia,2025.0,Documentary,Documentary|Crime,Documentary,AU,en,Nine Network,Nine Network Australia|Ronde,False,,,False,EVENTS THAT CHANGED AUSTRALIA,same TMDB title,5.0,6.0,,,,0.5,0.733,,,,0.3,0.311,,,,16.0,9.0,,,,False,False,True,True,False,False,True,False
movie:10719,10719.0,movie,Elf,2003.0,Comedy,Comedy|Family|Fantasy,Film,US,en,,New Line Cinema|Guy Walks into a Bar Productions,False,,,False,Elf,same TMDB title,,,4.0,,,,,0.6,,,,,0.325,,,,,5.0,,,False,False,False,False,True,False,True,True
movie:26171,26171.0,movie,Everybody's Fine,2009.0,Drama,Drama,Film,US,en,,Miramax|Hollywood Gang Productions|Radar Pictures,False,,,False,Everybody's Fine,same TMDB title,,,2.0,,,,,0.6,,,,,0.55,,,,,5.0,,,False,False,False,False,True,False,True,True
movie:429415,429415.0,movie,Extinction,2018.0,Action,Action|Drama|Science Fiction|Thriller,Film,US,en,,Good Universe|Mandeville Films,False,,,False,Extinction,same TMDB title,,,1.0,,,,,0.5,,,,,0.5,,,,,6.0,,,False,False,False,False,True,False,True,True
tv:15409,15409.0,tv,The Farmer Wants a Wife,2007,Reality,Reality,Reality / unscripted,AU,en,Nine Network|Seven Network,Fremantle Australia,False,,,False,FARMER WANTS A WIFE,same TMDB title,7.0,7.0,,,,0.9,1.0,,,,0.8524285714285714,0.8332857142857143,,,,4.0,1.0,,,,False,False,True,True,False,False,True,False
tv:238923,238923.0,tv,Beach House Hunters,2023.0,Unknown,,Reality / unscripted,AU,en,Nine Network,,False,,,False,FIND MY BEACH HOUSE AUSTRALIA,same TMDB title,2.0,3.0,,,,0.133,0.4,,,,0.1,0.3666666666666667,,,,27.0,19.0,,,,False,False,True,True,False,False,True,False
tv:280768,280768.0,tv,Find My Country House,2024.0,Unknown,,Reality / unscripted,AU,en,,,False,,,False,FIND MY COUNTRY HOUSE AUSTRALIA,same TMDB title,1.0,4.0,,,,0.133,0.233,,,,0.133,0.14150000000000001,,,,27.0,24.0,,,,False,False,True,True,False,False,True,False
tv:66001,66001.0,tv,First Dates Australia,2016.0,Reality,Reality,Reality / unscripted,AU,en,10|Seven Network,Warner Bros. International Television Production Australia,False,,,False,FIRST DATES AUSTRALIA,same TMDB title,2.0,6.0,,,,0.133,0.6,,,,0.133,0.39433333333333337,,,,27.0,13.0,,,,False,False,True,True,False,False,True,False
tv:6292,6292.0,tv,Foreign Correspondent,1992.0,Documentary,Documentary|News,Documentary,AU,en,ABC TV,,False,,,False,FOREIGN CORRESPONDENT,same TMDB title,9.0,6.0,,,,0.333,0.233,,,,0.11088888888888888,0.14983333333333335,,,,21.0,24.0,,,,False,False,True,True,False,False,True,False
tv:285368,285368.0,tv,Frauds,2025.0,Drama,Drama|Crime,Scripted limited series,GB,en,ITV1,ITV|Monumental Television,False,,,False,FRAUDS,same TMDB title,,1.0,,,,,0.167,,,,,0.167,,,,,26.0,,,,False,False,False,True,False,False,True,False
movie:6877,6877.0,movie,Failure to Launch,2006.0,Romance,Romance|Comedy,Film,US,en,,Failure to Launch Productions|Paramount Pictures|Scott Rudin Productions,False,,,False,Failure to Launch,same TMDB title,,,2.0,,,,,0.4,,,,,0.35,,,,,7.0,,,False,False,False,False,True,False,True,True
movie:574475,574475.0,movie,Final Destination Bloodlines,2025.0,Horror,Horror|Mystery,Film,US,en,,New Line Cinema|Practical Pictures|Freshman Year|Fireside Films|Domain Entertainment,False,,,False,Final Destination: Bloodlines,same TMDB title,,,2.0,,,,,0.7,,,,,0.6499999999999999,,,,,4.0,,,False,False,False,False,True,False,True,True
tv:87083,87083.0,tv,Formula 1: Drive to Survive,2019.0,Documentary,Documentary,Documentary,GB,en,Netflix,Box to Box Films,False,,,False,Formula 1: Drive to Survive,same TMDB title,,,2.0,,,,,0.8,,,,,0.65,,,,,3.0,,,False,False,False,False,True,False,True,False
movie:1289888,1289888.0,movie,French Lover,2025.0,Romance,Romance|Comedy,Film,FR,fr,,Zazi Films|Federation Studios|Korokoro,False,,,False,French Lover,same TMDB title,,,1.0,,,,,0.2,,,,,0.2,,,,,9.0,,,False,False,False,False,True,False,True,False
tv:1668,1668.0,tv,Friends,1994.0,Comedy,Comedy,Scripted series,US,en,NBC,Warner Bros. Television|Bright/Kauffman/Crane Productions,False,,NBC,True,Friends,same TMDB title,,,1.0,,,,,0.2,,,,,0.2,,,,,9.0,,,False,False,False,False,True,False,True,True
movie:7552,7552.0,movie,Fun with Dick and Jane,2005.0,Comedy,Comedy|Crime,Film,US,en,,JC 23 Entertainment|Imagine Entertainment|Columbia Pictures|Bart/Palevsky Productions,False,,,False,Fun with Dick & Jane,same TMDB title,,,1.0,,,,,0.2,,,,,0.2,,,,,9.0,,,False,False,False,False,True,False,True,True
tv:2835,2835.0,tv,Gardening Australia,2005.0,Documentary,Documentary,Documentary,AU,en,ABC TV,,False,,,False,GARDENING AUSTRALIA,same TMDB title,12.0,4.0,,,,0.5,0.133,,,,0.14441666666666667,0.10825000000000001,,,,16.0,27.0,,,,False,False,True,True,False,False,True,False
tv:320313,320313.0,tv,Glenn & Mick's Celebrity Intervention,2026.0,Reality,Reality,Reality / unscripted,AU,en,Seven Network,Molloy Boy Productions,False,,,False,GLENN & MICK’S CELEBRITY INTERVENTION,same TMDB title,7.0,7.0,,,,0.7,0.667,,,,0.40485714285714286,0.519,,,,10.0,11.0,,,,False,False,True,True,False,False,True,False
tv:74337,74337.0,tv,Gogglebox Australia,2015,Reality,Reality,Reality / unscripted,AU,en,10|LifeStyle,,False,,,False,GOGGLEBOX,same TMDB title,17.0,20.0,,,,0.567,0.667,,,,0.24705882352941178,0.41669999999999996,,,,14.0,11.0,,,,False,False,True,True,False,False,True,False
tv:309287,309287.0,tv,Goolagong,2026.0,Drama,Drama,Scripted limited series,AU,en,ABC TV,Werner Film Productions,False,,,False,GOOLAGONG,same TMDB title,3.0,3.0,,,,0.733,0.933,,,,0.5553333333333333,0.8109999999999999,,,,9.0,3.0,,,,False,False,True,True,False,False,True,False
tv:1831,1831.0,tv,Grand Designs,1999.0,Documentary,Documentary,Documentary,GB,en,Channel 4,Talkback,False,,,False,GRAND DESIGNS,same TMDB title,,1.0,,,,,0.133,,,,,0.133,,,,,27.0,,,,False,False,False,True,False,False,True,False
tv:38245,38245.0,tv,Grand Designs Australia,2010.0,Documentary,Documentary,Documentary,AU,en,ABC TV|LifeStyle,,False,,,False,GRAND DESIGNS AUSTRALIA,same TMDB title,7.0,3.0,,,,0.4,0.733,,,,0.18100000000000002,0.36633333333333334,,,,19.0,9.0,,,,False,False,True,True,False,False,True,False
tv:64615,64615.0,tv,Grand Designs New Zealand,2015.0,Reality,Reality,Reality / unscripted,NZ,en,Three|TVNZ 1,,False,,,False,GRAND DESIGNS NEW ZEALAND,same TMDB title,1.0,,,,,0.067,,,,,0.067,,,,,29.0,,,,,False,False,True,False,False,False,True,False
tv:242204,242204.0,tv,Grand Designs Transformations,2024.0,Reality,Reality,Reality / unscripted,AU,en,ABC TV,Fremantle Australia,False,,,False,GRAND DESIGNS TRANSFORMATIONS,same TMDB title,3.0,3.0,,,,0.467,0.833,,,,0.35566666666666663,0.5666666666666667,,,,17.0,6.0,,,,False,False,True,True,False,False,True,False
tv:61457,61457.0,tv,Grantchester,2014.0,Crime,Crime|Drama|Mystery,Scripted series,GB,en,ITV1,Kudos|Lovely Day,False,,,False,GRANTCHESTER,same TMDB title,2.0,1.0,,,,0.2,0.033,,,,0.1335,0.033,,,,25.0,30.0,,,,False,False,True,True,False,False,True,False
tv:324451,324451.0,tv,Ground Up,2026.0,Comedy,Comedy,Scripted series,AU,en,ABC TV|ABC iview,Gristmill,False,,,False,GROUND UP,same TMDB title,1.0,1.0,,,,0.467,0.933,,,,0.467,0.933,,,,17.0,3.0,,,,False,False,True,True,False,False,True,False
tv:75135,75135.0,tv,Gruen,2015.0,Talk,Talk|Comedy,Talk / variety,AU,en,ABC TV,Cordell Jigsaw Zapruder,False,,,False,GRUEN,same TMDB title,8.0,6.0,,,,0.5,0.567,,,,0.304125,0.2776666666666667,,,,16.0,14.0,,,,False,False,True,True,False,False,True,False
movie:12797,12797.0,movie,Ghost Town,2008.0,Comedy,Comedy|Romance|Drama|Fantasy,Film,US,en,,Spyglass Entertainment|DreamWorks Pictures|Pariah,False,,,False,Ghost Town,same TMDB title,,,1.0,,,,,0.8,,,,,0.8,,,,,3.0,,,False,False,False,False,True,False,True,True
tv:126027,126027.0,tv,Ghosts,2021.0,Comedy,Comedy|Sci-Fi & Fantasy,Scripted series,US,en,CBS,Joe vs. Joe|Monumental Television|Them There|Lionsgate Television|BBC Studios|CBS Studios,False,,,False,Ghosts,same TMDB title,,,1.0,,,,,0.6,,,,,0.6,,,,,5.0,,,False,False,False,False,True,False,True,True
movie:558449,558449.0,movie,Gladiator II,2024.0,Action,Action|Adventure|Drama,Film,US,en,,Paramount Pictures|Scott Free Productions|Lucy Fisher/Douglas Wick Productions,False,,,False,Gladiator II,same TMDB title,,,2.0,,,,,0.6,,,,,0.55,,,,,5.0,,,False,False,False,False,True,False,True,True
movie:205584,205584.0,movie,Gods of Egypt,2016.0,Action,Action|Adventure|Fantasy,Film,AU|US,en,,Thunder Road|Pyramania|Summit Entertainment|Mystery Clock Cinema|TIK Films|Lionsgate|Fin Design & Effects,False,,,False,Gods of Egypt,same TMDB title,,,1.0,,,,,0.9,,,,,0.9,,,,,2.0,,,False,False,False,False,True,False,True,True
movie:1435092,1435092.0,movie,Goodbye June,2025.0,Drama,Drama,Film,GB,en,,Working Title|55 Jugglers,False,,,False,Goodbye June,same TMDB title,,,2.0,,,,,0.9,,,,,0.7,,,,,2.0,,,False,False,False,False,True,False,True,False
tv:75487,75487.0,tv,Hard Quiz,2016.0,Comedy,Comedy,Scripted series,AU,en,ABC TV,Thinkative Television,False,,,False,HARD QUIZ,same TMDB title,23.0,11.0,,,,0.467,0.433,,,,0.21743478260869567,0.2211818181818182,,,,17.0,18.0,,,,False,False,True,True,False,False,True,False
tv:67378,67378.0,tv,Have You Been Paying Attention?,2013.0,Comedy,Comedy|Talk,Talk / variety,AU,en,10,Working Dog,False,,,False,HAVE YOU BEEN PAYING ATTENTION?,same TMDB title,22.0,18.0,,,,0.867,0.733,,,,0.650090909090909,0.46294444444444444,,,,5.0,9.0,,,,False,False,True,True,False,False,True,False
tv:66984,66984.0,tv,Highway Patrol,2009.0,Reality,Reality,Reality / unscripted,AU,en,,"Melbourne, Victoria, Australien|Seven Network",False,,,False,HIGHWAY PATROL,same TMDB title,2.0,,,,,0.3,,,,,0.16649999999999998,,,,,22.0,,,,,False,False,True,False,False,False,True,False
tv:218550,218550.0,tv,Hitler: A Life in Pictures,2022.0,Documentary,Documentary,Documentary,GB,en,,Woodcut Media,False,,,False,HITLER: A LIFE IN PICTURES,same TMDB title,,1.0,,,,,0.033,,,,,0.033,,,,,30.0,,,,False,False,False,True,False,False,True,False
tv:2354,2354.0,tv,Home and Away,1988.0,Drama,Drama|Soap,Scripted series,AU,en,Seven Network,Seven Studios|Seven Network Operations|Red Heart Entertainment|Kepper Media,False,,,False,HOME AND AWAY,same TMDB title,43.0,43.0,,,,0.933,1.0,,,,0.8108372093023256,0.9094418604651163,,,,3.0,1.0,,,,False,False,True,True,False,False,True,False
movie:1417941,1417941.0,movie,Haq,2025.0,Drama,Drama,Film,IN,hi,,Junglee Pictures|Insomnia Films|Baweja Studios,False,,,False,Haq,same TMDB title,,,1.0,,,,,0.2,,,,,0.2,,,,,9.0,,,False,False,False,False,True,False,True,False
tv:12998,12998.0,tv,Heartbreak High,1994.0,Drama,Drama,Scripted series,AU,en,ABC TV|10,Gannon Television|Gannon Films,False,,,False,Heartbreak High,same TMDB title,,,3.0,,,,,1.0,,,,,0.7666666666666666,,,,,1.0,,,False,False,False,False,True,False,True,False
tv:14929,14929.0,tv,Heartland,2007.0,Family,Family|Drama|Comedy,Scripted series,CA,en,CBC Television,SEVEN24 Films,False,,,False,Heartland,same TMDB title,,,1.0,,,,,0.3,,,,,0.3,,,,,8.0,,,False,False,False,False,True,False,True,False
movie:11970,11970.0,movie,Hercules,1997.0,Animation,Animation|Family|Fantasy|Adventure|Comedy|Romance,Animated film,US,en,,Walt Disney Feature Animation,False,,,False,Hercules,same TMDB title,,,2.0,,,,,0.6,,,,,0.35,,,,,5.0,,,False,False,False,False,True,False,True,True
tv:114413,114413.0,tv,Home Economics,2021.0,Comedy,Comedy,Scripted series,US,en,ABC,Lionsgate Television|The Tannenbaum Company|Colton & Aboud|ABC Signature,False,,,False,Home Economics,same TMDB title,,,1.0,,,,,0.4,,,,,0.4,,,,,7.0,,,False,False,False,False,True,False,True,True
movie:268920,268920.0,movie,Hot Pursuit,2015.0,Action,Action|Comedy,Film,US,en,,New Line Cinema|Pacific Standard|Metro-Goldwyn-Mayer,False,,,False,Hot Pursuit,same TMDB title,,,1.0,,,,,0.6,,,,,0.6,,,,,5.0,,,False,False,False,False,True,False,True,True
tv:233079,233079.0,tv,How to Get to Heaven from Belfast,2026.0,Mystery,Mystery|Comedy|Drama,Scripted series,GB,en,Netflix,Hat Trick Productions,False,,,False,How To Get To Heaven From Belfast,same TMDB title,,,2.0,,,,,0.5,,,,,0.4,,,,,6.0,,,False,False,False,False,True,False,True,False
tv:258908,258908.0,tv,I Was Actually There,2024.0,Documentary,Documentary,Documentary,AU,en,ABC TV,Australian Broadcasting Corporation|Docker Media Production (AU),False,,,False,I WAS ACTUALLY THERE,same TMDB title,4.0,2.0,,,,0.2,0.267,,,,0.13325,0.2,,,,25.0,23.0,,,,False,False,True,True,False,False,True,False
movie:639720,639720.0,movie,IF,2024.0,Comedy,Comedy|Fantasy|Family,Film,US,en,,Paramount Pictures|Sunday Night Productions|Maximum Effort,False,,,False,IF,same TMDB title,,,2.0,,,,,0.7,,,,,0.44999999999999996,,,,,4.0,,,False,False,False,False,True,False,True,True
movie:109431,109431.0,movie,Identity Thief,2013.0,Comedy,Comedy|Crime,Film,US,en,,Stuber Pictures|Aggregate Films|DumbDumb|Universal Pictures|Bluegrass Films,True,Universal Pictures,,False,Identity Thief,same TMDB title,,,1.0,,,,,0.6,,,,,0.6,,,,,5.0,,,False,False,False,False,True,False,True,True
movie:1323880,1323880.0,movie,Idli Kadai,2025.0,Action,Action|Drama|Comedy,Film,IN,ta,,Dawn Pictures|Wunderbar Films|Red Giant Movies,False,,,False,Idli Kadai,same TMDB title,,,1.0,,,,,0.1,,,,,0.1,,,,,10.0,,,False,False,False,False,True,False,True,False
movie:11931,11931.0,movie,In Her Shoes,2005.0,Comedy,Comedy|Drama|Romance,Film,US,en,,Deuce Three Productions|Fox 2000 Pictures|Scott Free Productions,False,,,False,In Her Shoes,same TMDB title,,,1.0,,,,,0.4,,,,,0.4,,,,,7.0,,,False,False,False,False,True,False,True,True
movie:324544,324544.0,movie,In the Lost Lands,2025.0,Action,Action|Fantasy|Western|Adventure|Horror,Film,DE|CH,en,,Constantin Film|Spark Productions,False,,,False,In the Lost Lands,same TMDB title,,,2.0,,,,,0.9,,,,,0.5,,,,,2.0,,,False,False,False,False,True,False,True,False
tv:256052,256052.0,tv,Inside,2024.0,Reality,Reality,Reality / unscripted,GB,en,Netflix|YouTube,Sidemen Entertainment,False,,,False,Inside,same TMDB title,,,1.0,,,,,0.5,,,,,0.5,,,,,6.0,,,False,False,False,False,True,False,True,False
tv:61913,61913.0,tv,I'm a Celebrity: Get Me Out of Here!,2015.0,Reality,Reality,Reality / unscripted,AU,en,10|Seven Network,ITV Studios Australia,False,,,False,I’M A CELEBRITY…GET ME OUT OF HERE!,same TMDB title,6.0,6.0,,,,0.9,1.0,,,,0.5555,0.8613333333333334,,,,4.0,1.0,,,,False,False,True,True,False,False,True,False
tv:307412,307412.0,tv,Jamie Durie's Future House,2025.0,Unknown,,Reality / unscripted,AU,en,Nine Network,Nine Network Australia,False,,,False,JAMIE DURIE’S FUTURE HOUSE,same TMDB title,3.0,5.0,,,,0.267,0.6,,,,0.15566666666666668,0.3066,,,,23.0,13.0,,,,False,False,True,True,False,False,True,False
movie:943327,943327.0,movie,John Farnham: 33⅓,2000.0,Unknown,,Film,AU,en,,,False,,,False,JOHN FARNHAM,same TMDB title,1.0,,,,,0.167,,,,,0.167,,,,,26.0,,,,,False,False,True,False,False,False,True,False
movie:343611,343611.0,movie,Jack Reacher: Never Go Back,2016.0,Action,Action|Thriller|Crime,Film,US,en,,Skydance Media|Huahua Media|Shanghai Film Group|TC Productions|Paramount Pictures,False,,,False,Jack Reacher: Never Go Back,same TMDB title,,,2.0,,,,,0.3,,,,,0.2,,,,,8.0,,,False,False,False,False,True,False,True,True
movie:1015981,1015981.0,movie,Jolly LLB 3,2025.0,Drama,Drama|Comedy,Film,IN,hi,,Star Studios|Kangra Talkies,False,,,False,Jolly LLB 3,same TMDB title,,,1.0,,,,,0.1,,,,,0.1,,,,,10.0,,,False,False,False,False,True,False,True,False
movie:1106739,1106739.0,movie,Juror #2,2024.0,Drama,Drama|Thriller,Film,US,en,,Warner Bros. Pictures|Malpaso Productions|Dichotomy Films,False,,,False,Juror #2,same TMDB title,,,2.0,,,,,0.8,,,,,0.75,,,,,3.0,,,False,False,False,False,True,False,True,True
movie:9007,9007.0,movie,Just Like Heaven,2005.0,Comedy,Comedy|Romance|Fantasy,Film,US,en,,DreamWorks Pictures|Parkes+MacDonald Production,False,,,False,Just Like Heaven,same TMDB title,,,2.0,,,,,0.5,,,,,0.3,,,,,6.0,,,False,False,False,False,True,False,True,True
movie:1628367,1628367.0,movie,Kartavya,2026.0,Crime,Crime|Drama|Thriller,Film,IN,hi,,Red Chillies Entertainment,False,,,False,KARTAVYA,same TMDB title,,,1.0,,,,,0.1,,,,,0.1,,,,,10.0,,,False,False,False,False,True,False,True,False
tv:240558,240558.0,tv,King & Conqueror,2025.0,Drama,Drama|Action & Adventure|War & Politics,Scripted limited series,GB,en,BBC One,BBC|Rabbit Track Pictures|Shepherd Content|The Development Partnership|CBS Studios|RVK Studios,False,,,False,KING & CONQUEROR,same TMDB title,,3.0,,,,,0.733,,,,,0.5,,,,,9.0,,,,False,False,False,True,False,False,True,False
tv:58062,58062.0,tv,Kitchen Cabinet,2012.0,Talk,Talk,Talk / variety,AU,en,ABC TV|ABC2,Australian Broadcasting Corporation,False,,,False,KITCHEN CABINET,same TMDB title,2.0,2.0,,,,0.3,0.367,,,,0.1835,0.2835,,,,22.0,20.0,,,,False,False,True,True,False,False,True,False
movie:1307029,1307029.0,movie,Kangaroo Island,2025.0,Drama,Drama|Comedy,Film,AU,en,,Pouch Potato Productions Pty Ltd|Piro,False,,,False,Kangaroo Island,same TMDB title,,,3.0,,,,,0.8,,,,,0.6333333333333334,,,,,3.0,,,False,False,False,False,True,False,True,False
movie:1412598,1412598.0,movie,Killer Whale,2026.0,Thriller,Thriller|Horror|Action,Film,AU,en,,Jaggi Entertainment|Metrol Technology|Ace Entertainment Films|Head Gear Films|Asia Pacific Film Group|Screen Queensland,False,,,False,Killer Whale,same TMDB title,,,2.0,,,,,0.5,,,,,0.45,,,,,6.0,,,False,False,False,False,True,False,True,False
movie:1200320,1200320.0,movie,Killing Faith,2025.0,Thriller,Thriller|Western,Film,US,en,,Film Bridge International|Filmology Finance|BondIt Media Capital|Choice Films,False,,,False,Killing Faith,same TMDB title,,,2.0,,,,,0.7,,,,,0.6499999999999999,,,,,4.0,,,False,False,False,False,True,False,True,True
movie:4964,4964.0,movie,Knocked Up,2007.0,Comedy,Comedy|Romance|Drama,Film,US,en,,Apatow Productions|Universal Pictures,True,Universal Pictures,,False,Knocked Up,same TMDB title,,,1.0,,,,,0.4,,,,,0.4,,,,,7.0,,,False,False,False,False,True,False,True,True
movie:140300,140300.0,movie,Kung Fu Panda 3,2016.0,Animation,Animation|Action|Adventure|Comedy|Family,Animated film,US,en,,DreamWorks Animation|Oriental DreamWorks|Zhong Ming You Ying Film|China Film Group Corporation,True,DreamWorks Animation,,False,Kung Fu Panda 3,same TMDB title,,,1.0,,,,,0.4,,,,,0.4,,,,,7.0,,,False,False,False,False,True,False,True,True
tv:320472,320472.0,tv,Kylie,2026.0,Documentary,Documentary,Documentary,US,en,Netflix,Ventureland,False,,,False,Kylie,same TMDB title,,,3.0,,,,,1.0,,,,,0.7000000000000001,,,,,1.0,,,False,False,False,False,True,False,True,True
tv:88754,88754.0,tv,LEGO Masters,2019,Family,Family|Reality,Reality / unscripted,AU,en,Nine Network,EndemolShine Australia|The LEGO Group,False,,,False,LEGO MASTERS BRICKTACULAR,same TMDB title,4.0,2.0,,,,0.5,0.533,,,,0.33325,0.43300000000000005,,,,16.0,15.0,,,,False,False,True,True,False,False,True,False
movie:18162,18162.0,movie,Land of the Lost,2009.0,Adventure,Adventure|Science Fiction|Comedy|Action,Film,US,en,,Universal Pictures|Relativity Media|Sid & Marty Krofft Pictures|Mosaic Media Group,True,Universal Pictures,,False,Land of the Lost,same TMDB title,,,2.0,,,,,0.2,,,,,0.15000000000000002,,,,,9.0,,,False,False,False,False,True,False,True,True
movie:972533,972533.0,movie,Last Breath,2025.0,Thriller,Thriller|Drama,Film,US,en,,Dark Castle Entertainment|MetFilm Production|Longshot Films|Floating Harbour|FilmNation Entertainment|Thing 44|Aperture Media Partners,False,,,False,Last Breath,same TMDB title,,,2.0,,,,,1.0,,,,,0.6,,,,,1.0,,,False,False,False,False,True,False,True,True
tv:270444,270444.0,tv,Lead Children,2026.0,Drama,Drama|War & Politics,Scripted limited series,PL,pl,Netflix,Orient Film,False,,,False,Lead Children,same TMDB title,,,1.0,,,,,0.1,,,,,0.1,,,,,10.0,,,False,False,False,False,True,False,True,False
movie:596161,596161.0,movie,Let Him Go,2020.0,Thriller,Thriller|Crime|Western,Film,CA|US,en,,The Mazur Kaplan Company|Focus Features,True,Focus Features,,False,Let Him Go,same TMDB title,,,2.0,,,,,0.9,,,,,0.75,,,,,2.0,,,False,False,False,False,True,False,True,True
movie:1289601,1289601.0,movie,Life After Fighting,2024.0,Action,Action|Drama|Thriller,Film,AU,en,,Blue Stone Media|Broken Yellow|Spinning Plates|Vertical,False,,,False,Life After Fighting,same TMDB title,,,1.0,,,,,0.4,,,,,0.4,,,,,7.0,,,False,False,False,False,True,False,True,False
movie:1083968,1083968.0,movie,Locked,2025.0,Horror,Horror|Thriller,Film,US,en,,North.Five.Six.|ZQ Entertainment|R.U. Robot Studios|Arcana Studio|Sillen Productions|BondIt Media Capital|Exemplary Films|Magic Button Films|Longevity Pictures|Blue Rider Pictures|Raimi Productions|The Avenue Entertainment|A-A Productions,False,,,False,Locked,same TMDB title,,,1.0,,,,,0.7,,,,,0.7,,,,,4.0,,,False,False,False,False,True,False,True,True
movie:1226578,1226578.0,movie,Longlegs,2024.0,Crime,Crime|Horror|Mystery,Film,US,en,,C2 Motion Picture Group|Saturn Films|Oddfellows Entertainment|Traffic.|Range Media Partners,False,,,False,Longlegs,same TMDB title,,,1.0,,,,,0.1,,,,,0.1,,,,,10.0,,,False,False,False,False,True,False,True,True
movie:1633264,1633264.0,movie,Louis Theroux: Inside the Manosphere,2026.0,Documentary,Documentary,Film,GB,en,,Mindhouse Productions,False,,,False,Louis Theroux: Inside the Manosphere,same TMDB title,,,3.0,,,,,0.9,,,,,0.8666666666666667,,,,,2.0,,,False,False,False,False,True,False,True,False
movie:508,508.0,movie,Love Actually,2003.0,Comedy,Comedy|Romance|Drama,Film,GB,en,,Working Title|DNA Films|StudioCanal,False,,,False,Love Actually,same TMDB title,,,1.0,,,,,0.3,,,,,0.3,,,,,8.0,,,False,False,False,False,True,False,True,False
tv:918,918.0,tv,M*A*S*H,1972.0,War & Politics,War & Politics|Drama|Comedy,Scripted series,US,en,CBS,20th Century Fox Television,False,,,False,M*A*S*H,same TMDB title,,1.0,,,,,0.133,,,,,0.133,,,,,27.0,,,,False,False,False,True,False,False,True,True
tv:26992,26992.0,tv,Maigret,1960.0,Crime,Crime|Drama|Mystery,Scripted series,GB,en,BBC One,BBC,False,,,False,MAIGRET,same TMDB title,2.0,4.0,,,,0.5,0.733,,,,0.3165,0.44975,,,,16.0,9.0,,,,False,False,True,True,False,False,True,False
tv:62705,62705.0,tv,Married at First Sight,2015.0,Reality,Reality,Reality / unscripted,AU,en,Nine Network,EndemolShine Australia,False,,,False,MARRIED AT FIRST SIGHT,same TMDB title,11.0,11.0,,,,1.0,1.0,,,,1.0,1.0,,,,1.0,1.0,,,,False,False,True,True,False,False,True,False
tv:16395,16395.0,tv,MasterChef Australia,2009.0,Reality,Reality,Reality / unscripted,AU,en,10,EndemolShine Australia,False,,,False,MASTERCHEF AUSTRALIA,same TMDB title,17.0,15.0,,,,0.733,0.933,,,,0.5528235294117647,0.7466,,,,9.0,3.0,,,,False,False,True,True,False,False,True,False
tv:764,764.0,tv,Midsomer Murders,1997.0,Crime,Crime|Drama|Mystery,Scripted series,GB,en,ITV1,Bentley Productions|ITV|BBC,False,,,False,MIDSOMER MURDERS,same TMDB title,2.0,2.0,,,,0.233,0.4,,,,0.21650000000000003,0.28350000000000003,,,,24.0,19.0,,,,False,False,True,True,False,False,True,False
tv:30751,30751.0,tv,Millionaire Hot Seat,2009.0,Unknown,,Scripted series,AU,en,Nine Network,,False,,,False,MILLIONAIRE HOT SEAT,same TMDB title,1.0,2.0,,,,0.233,0.433,,,,0.233,0.25,,,,24.0,18.0,,,,False,False,True,True,False,False,True,False
tv:281131,281131.0,tv,Murder Down Under,2024.0,Documentary,Documentary,Documentary,AU,en,Nine Network,Perpetual Entertainment|Nine Network Australia,False,,,False,MURDER DOWN UNDER,same TMDB title,,2.0,,,,,0.433,,,,,0.333,,,,,18.0,,,,False,False,False,True,False,False,True,False
tv:241549,241549.0,tv,Murder in a Small Town,2024.0,Drama,Drama|Crime,Scripted series,CA|US,en,FOX|Global TV,Sepia Films|Soapbox Productions|MoJo Global Arts|FOX Entertainment|Future Shack Entertainment,False,,,False,MURDER IN A SMALL TOWN | Murder in a Small Town,same TMDB title,,8.0,2.0,,,,0.567,0.9,,,,0.399875,0.55,,,,14.0,2.0,,,False,False,False,True,True,False,True,True
tv:156127,156127.0,tv,Muster Dogs,2022.0,Documentary,Documentary,Documentary,AU,en,ABC TV,Ambience Entertainment,False,,,False,MUSTER DOGS,same TMDB title,2.0,2.0,,,,0.333,0.433,,,,0.30000000000000004,0.2665,,,,21.0,18.0,,,,False,False,True,True,False,False,True,False
tv:278572,278572.0,tv,Muster Dogs: Where Are They Now,2024.0,Documentary,Documentary,Documentary,AU,en,ABC TV,Ambience Entertainment,False,,,False,MUSTER DOGS: WHERE ARE THEY NOW,same TMDB title,3.0,1.0,,,,0.533,0.4,,,,0.4223333333333334,0.4,,,,15.0,19.0,,,,False,False,True,True,False,False,True,False
tv:30745,30745.0,tv,My Kitchen Rules,2010.0,Reality,Reality,Reality / unscripted,AU,en,Seven Network,Beyond Productions|ITV Studios Australia,False,,,False,MY KITCHEN RULES,same TMDB title,6.0,6.0,,,,1.0,0.967,,,,0.9333333333333332,0.9613333333333333,,,,1.0,2.0,,,,False,False,True,True,False,False,True,False
tv:320355,320355.0,tv,My Reno Rules,2026.0,Unknown,,Scripted series,AU,en,,,False,,,False,MY RENO RULES,same TMDB title,7.0,7.0,,,,0.667,0.867,,,,0.39057142857142857,0.8097142857142857,,,,11.0,5.0,,,,False,False,True,True,False,False,True,False
tv:205242,205242.0,tv,Mystery Road: Origin,2022.0,Drama,Drama|Crime,Scripted series,AU,en,ABC TV,Bunya Productions,False,,,False,MYSTERY ROAD: ORIGIN,same TMDB title,1.0,2.0,,,,0.033,0.533,,,,0.033,0.35000000000000003,,,,30.0,15.0,,,,False,False,True,True,False,False,True,False
movie:1628448,1628448.0,movie,Maa Behen,2026.0,Comedy,Comedy|Thriller|Drama,Film,IN,hi,,Abundantia Entertainment,False,,,False,Maa Behen,same TMDB title,,,1.0,,,,,0.1,,,,,0.1,,,,,10.0,,,False,False,False,False,True,False,True,False
tv:80181,80181.0,tv,Madam Cutie On Duty,2015.0,Comedy,Comedy,Scripted series,HK,cn,TVB Jade,TVB,False,,,False,Madam,same TMDB title,,,2.0,,,,,0.6,,,,,0.5,,,,,5.0,,,False,False,False,False,True,False,True,False
movie:634492,634492.0,movie,Madame Web,2024.0,Action,Action|Fantasy,Film,US,en,,Columbia Pictures|di Bonaventura Pictures,False,,,False,Madame Web,same TMDB title,,,2.0,,,,,0.6,,,,,0.55,,,,,5.0,,,False,False,False,False,True,False,True,True
movie:1592821,1592821.0,movie,Mango Pachcha,2026.0,Crime,Crime|Drama|Action,Film,IN,kn,,KRG Studios|Supriyanvi Picture Studio,False,,,False,Mango,same TMDB title,,,1.0,,,,,0.3,,,,,0.3,,,,,8.0,,,False,False,False,False,True,False,True,False
movie:1339876,1339876.0,movie,Mardaani 3,2026.0,Action,Action|Crime|Thriller,Film,IN,hi,,Yash Raj Films,False,,,False,Mardaani 3,same TMDB title,,,1.0,,,,,0.2,,,,,0.2,,,,,9.0,,,False,False,False,False,True,False,True,False
movie:1701979,1701979.0,movie,MAX,2025.0,Animation,Animation|Mystery,Animated film,FR,fr,,La Fémis,False,,,False,Max,same TMDB title,,,2.0,,,,,0.9,,,,,0.6,,,,,2.0,,,False,False,False,False,True,False,True,False
movie:696506,696506.0,movie,Mickey 17,2025.0,Science Fiction,Science Fiction|Comedy|Adventure,Film,GB|US,en,,Plan B Entertainment|Offscreen|Kate Street Picture Company|Domain Entertainment|Warner Bros. Pictures,False,,,False,Mickey 17,same TMDB title,,,1.0,,,,,0.5,,,,,0.5,,,,,6.0,,,False,False,False,False,True,False,True,True
movie:1043565,1043565.0,movie,Mindcage,2022.0,Mystery,Mystery|Thriller|Crime,Film,US,en,,Boomtown Media Partners|Daniel Grodnik Productions|Buffalo 8|BondIt|Lionsgate,False,,,False,Mindcage,same TMDB title,,,2.0,,,,,0.8,,,,,0.55,,,,,3.0,,,False,False,False,False,True,False,True,True
movie:1147400,1147400.0,movie,"Miraculous World: Paris, Tales of Shadybug and Claw Noir",2024.0,Animation,Animation|Family|Action|Adventure|Fantasy,Animated film,FR,fr,,ZAG Entertainment|Method Animation,False,,,False,"Miraculous World: Paris, Tales of Shadybug and Claw Noir",same TMDB title,,,1.0,,,,,0.1,,,,,0.1,,,,,10.0,,,False,False,False,False,True,False,True,False
tv:241114,241114.0,tv,Miss Austen,2025.0,Drama,Drama,Scripted limited series,GB,en,BBC One,Bonnie Productions|Masterpiece|BBC|Federation Stories|BBC One,False,,,False,Miss Austen,same TMDB title,,,2.0,,,,,0.4,,,,,0.30000000000000004,,,,,7.0,,,False,False,False,False,True,False,True,False
movie:4379,4379.0,movie,Monster-in-Law,2005.0,Romance,Romance|Comedy,Film,US,en,,New Line Cinema|BenderSpink|Spring Creek Pictures|Kumar Mobiliengesellschaft mbH & Co. Projekt Nr. 1,False,,,False,Monster-in-Law,same TMDB title,,,1.0,,,,,0.2,,,,,0.2,,,,,9.0,,,False,False,False,False,True,False,True,True
tv:313101,313101.0,tv,Musafir Cafe,2026.0,Drama,Drama,Scripted series,IN,hi,Netflix,Terribly Tiny Tales|Homemade Stories,False,,,False,Musafir Cafe,same TMDB title,,,1.0,,,,,0.2,,,,,0.2,,,,,9.0,,,False,False,False,False,True,False,True,False
movie:1439112,1439112.0,movie,Muzzle: City of Wolves,2025.0,Action,Action|Thriller|Mystery,Film,US,en,,Highland Film Group|Slow Burn|Broken Open Pictures|Bonfire Legend|Gramercy Park Media|Mannequin Films|Peachtree Media Partners|Vacancy Films,False,,,False,Muzzle: City of Wolves,same TMDB title,,,2.0,,,,,0.7,,,,,0.6,,,,,4.0,,,False,False,False,False,True,False,True,True
movie:1128505,1128505.0,movie,My Dead Friend Zoe,2024.0,Comedy,Comedy|War|Drama,Film,US,en,,Legion M|Radiant Media Studios|ReCre8 Entertainment|Blue Three Productions,False,,,False,My Dead Friend Zoe,same TMDB title,,,1.0,,,,,0.5,,,,,0.5,,,,,6.0,,,False,False,False,False,True,False,True,True
movie:463252,463252.0,movie,My Favorite Wedding,2017.0,Comedy,Comedy|Romance|TV Movie,Film,CA|US,en,,All Canadian Entertainment|Motion Picture Corporation of America,False,,,False,My Favorite Wedding,same TMDB title,,,1.0,,,,,0.2,,,,,0.2,,,,,9.0,,,False,False,False,False,True,False,True,True
movie:586534,586534.0,movie,Mystify: Michael Hutchence,2019.0,Documentary,Documentary|Music,Film,AU|US,en,,BBC Music|Dogwoof|Australian Broadcasting Corporation|Screen Australia,False,,,False,Mystify: Michael Hutchence,same TMDB title,,,1.0,,,,,0.3,,,,,0.3,,,,,8.0,,,False,False,False,False,True,False,True,True
tv:336193,336193.0,tv,Naked City: Hitmen,2026.0,Crime,Crime|Documentary,Documentary,AU,en,Nine Network,,False,,,False,NAKED CITY: HITMEN,same TMDB title,3.0,3.0,,,,0.333,0.667,,,,0.22233333333333336,0.6336666666666667,,,,21.0,11.0,,,,False,False,True,True,False,False,True,False
movie:5825,5825.0,movie,National Lampoon's Christmas Vacation,1989.0,Comedy,Comedy,Film,US,en,,Hughes Entertainment|Warner Bros. Pictures,False,,,False,NATIONAL LAMPOON’S CHRISTMAS VACATION,same TMDB title,1.0,1.0,,,,0.033,0.2,,,,0.033,0.2,,,,30.0,25.0,,,,False,False,True,True,False,False,True,True
tv:2674,2674.0,tv,Neighbours,1985.0,Soap,Soap|Drama|Family|Comedy,Scripted series,AU,en,10|Seven Network|Eleven|10 Comedy,Fremantle Australia|Reg Grundy Productions,False,,,False,NEIGHBOURS,same TMDB title,,1.0,,,,,0.533,,,,,0.533,,,,,15.0,,,,False,False,False,True,False,False,True,False
tv:320348,320348.0,tv,New Zealand Spy,2026.0,Comedy,Comedy|Drama,Scripted series,NZ,en,TVNZ 2|TVNZ+,Kevin & Co,False,,,False,NEW ZEALAND SPY,same TMDB title,,1.0,,,,,0.667,,,,,0.667,,,,,11.0,,,,False,False,False,True,False,False,True,False
movie:225574,225574.0,movie,Non-Stop,2014.0,Action,Action|Thriller|Mystery,Film,US,en,,Silver Pictures|StudioCanal|Anton Capital Entertainment|LOVEFiLM International,False,,,False,Non-Stop,same TMDB title,,,1.0,,,,,0.2,,,,,0.2,,,,,9.0,,,False,False,False,False,True,False,True,True
tv:295074,295074.0,tv,Off the Grid with Colin and Manu,2025.0,Reality,Reality,Reality / unscripted,NZ,en,TVNZ,,False,,,False,OFF THE GRID WITH COLIN AND MANU,same TMDB title,2.0,6.0,,,,0.167,0.433,,,,0.15000000000000002,0.2501666666666667,,,,26.0,18.0,,,,False,False,True,True,False,False,True,False
tv:321547,321547.0,tv,Ooops! I Bought A Pub,2026.0,Reality,Reality|Documentary,Reality / unscripted,AU,en,7plus,,False,,,False,OOOPS I BOUGHT A PUB!,same TMDB title,,4.0,,,,,0.2,,,,,0.10825000000000001,,,,,25.0,,,,False,False,False,True,False,False,True,False
tv:320673,320673.0,tv,Outback Murder Highway,2026.0,Crime,Crime|Documentary,Documentary,AU,en,9now,Nine Network Australia,False,,,False,OUTBACK MURDER HIGHWAY,same TMDB title,,1.0,,,,,0.1,,,,,0.1,,,,,28.0,,,,False,False,False,True,False,False,True,False
movie:1077782,1077782.0,movie,Old Guy,2024.0,Action,Action|Comedy|Crime,Film,US|GB,en,,23ten|Source Management + Production|Aperture Media Partners|Pfaff & Pfaff Productions|LB Entertainment|Wee Buns Films|Northern Ireland Screen|Highland Film Group|Yellow Moon|Dark Castle Entertainment,False,,,False,Old Guy,same TMDB title,,,2.0,,,,,0.8,,,,,0.5,,,,,3.0,,,False,False,False,False,True,False,True,True
tv:278009,278009.0,tv,Old Money,2025.0,Drama,Drama,Scripted series,TR,tr,Netflix,TIMS&B Productions,False,,,False,Old Money,same TMDB title,,,1.0,,,,,0.2,,,,,0.2,,,,,9.0,,,False,False,False,False,True,False,True,False
tv:102348,102348.0,tv,Paramedics,2018.0,Documentary,Documentary,Reality / unscripted,AU,en,Nine Network,WTFN Entertainment,False,,,False,PARAMEDICS,same TMDB title,2.0,,,,,0.2,,,,,0.1165,,,,,25.0,,,,,False,False,True,False,False,False,True,False
tv:279603,279603.0,tv,Patience,2025.0,Drama,Drama|Crime,Scripted series,GB,en,Channel 4,Eagle Eye Drama|Happy Duck Films,False,,,False,PATIENCE,same TMDB title,4.0,3.0,,,,0.733,0.9,,,,0.35,0.622,,,,9.0,4.0,,,,False,False,True,True,False,False,True,False
tv:304482,304482.0,tv,Portrait Artist of the Year,2025.0,Reality,Reality,Reality / unscripted,AU,en,ABC TV,EndemolShine Australia,False,,,False,PORTRAIT ARTIST OF THE YEAR,same TMDB title,10.0,6.0,,,,0.633,0.767,,,,0.2534,0.4111666666666667,,,,12.0,8.0,,,,False,False,True,True,False,False,True,False
tv:126660,126660.0,tv,Professor T,2021.0,Crime,Crime|Mystery|Drama,Scripted series,GB,en,ITV1|BritBox,ITV|Eagle Eye Drama,False,,,False,PROFESSOR T,same TMDB title,2.0,3.0,,,,0.1,0.367,,,,0.0665,0.24466666666666667,,,,28.0,20.0,,,,False,False,True,True,False,False,True,False
movie:8879,8879.0,movie,Pale Rider,1985.0,Western,Western|Drama,Film,US,en,,Warner Bros. Pictures|Malpaso Productions,False,,,False,Pale Rider,same TMDB title,,,1.0,,,,,0.3,,,,,0.3,,,,,8.0,,,False,False,False,False,True,False,True,True
tv:1411,1411.0,tv,Person of Interest,2011.0,Action & Adventure,Action & Adventure|Crime|Sci-Fi & Fantasy,Scripted series,US,en,CBS,Kilter Films|Bad Robot|Warner Bros. Television|Bonanza Productions,False,,,False,Person of Interest,same TMDB title,,,1.0,,,,,0.4,,,,,0.4,,,,,7.0,,,False,False,False,False,True,False,True,True
tv:293613,293613.0,tv,Physical: Asia,2025.0,Reality,Reality,Reality / unscripted,KR,ko,Netflix,TEO,False,,,False,Physical: Asia,same TMDB title,,,3.0,,,,,0.6,,,,,0.43333333333333335,,,,,5.0,,,False,False,False,False,True,False,True,False
movie:1257009,1257009.0,movie,Primitive War,2025.0,Action,Action|Horror|War|Science Fiction,Film,AU,en,,Sparke Films,False,,,False,Primitive War,same TMDB title,,,1.0,,,,,0.8,,,,,0.8,,,,,3.0,,,False,False,False,False,True,False,True,False
movie:70981,70981.0,movie,Prometheus,2012.0,Science Fiction,Science Fiction|Mystery|Horror,Film,US,en,,Dune Entertainment|20th Century Fox|Brandywine Productions|Scott Free Productions,False,,,False,Prometheus,same TMDB title,,,1.0,,,,,0.9,,,,,0.9,,,,,2.0,,,False,False,False,False,True,False,True,True
tv:9527,9527.0,tv,Race Around the World,1997.0,Reality,Reality|Documentary,Reality / unscripted,AU,en,,,False,,,False,RACE AROUND THE WORLD,same TMDB title,2.0,3.0,,,,0.067,0.5,,,,0.05,0.3443333333333333,,,,29.0,16.0,,,,False,False,True,True,False,False,True,False
tv:63968,63968.0,tv,Restoration Australia,2015.0,Documentary,Documentary|Reality|Action & Adventure,Reality / unscripted,AU,en,ABC TV,Australian Broadcasting Corporation|Fremantle Australia,False,,,False,RESTORATION AUSTRALIA,same TMDB title,,1.0,,,,,0.567,,,,,0.567,,,,,14.0,,,,False,False,False,True,False,False,True,False
tv:244978,244978.0,tv,Return to Paradise,2024.0,Crime,Crime|Mystery|Drama,Scripted series,AU,en,ABC TV,BBC Studios ANZ|Red Planet Pictures,False,,,False,RETURN TO PARADISE,same TMDB title,6.0,5.0,,,,0.533,0.767,,,,0.43333333333333335,0.54,,,,15.0,8.0,,,,False,False,True,True,False,False,True,False
tv:300683,300683.0,tv,Revealed: Death Cap Murders,2025.0,Documentary,Documentary|Crime,Documentary,AU,en,Stan,Dreamchaser Entertainment|Fifth Season|Den of Martians,False,,,False,REVEALED: DEATH CAP MURDERS,same TMDB title,,1.0,,,,,0.267,,,,,0.267,,,,,23.0,,,,False,False,False,True,False,False,True,False
tv:130677,130677.0,tv,RFDS: Royal Flying Doctor Service,2021.0,Drama,Drama,Scripted series,AU,en,Seven Network,Endemol Shine Banks Australia,False,,,False,RFDS,same TMDB title,7.0,7.0,,,,0.867,0.867,,,,0.8142857142857143,0.8525714285714285,,,,5.0,5.0,,,,False,False,True,True,False,False,True,False
tv:324089,324089.0,tv,Rolf Harris: Primetime Predator,2026.0,Documentary,Documentary,Documentary,AU,en,ABC TV,Northern Pictures,False,,,False,ROLF HARRIS: PRIMETIME PREDATOR,same TMDB title,1.0,1.0,,,,0.267,0.433,,,,0.267,0.433,,,,23.0,18.0,,,,False,False,True,True,False,False,True,False
movie:13920,13920.0,movie,Radio,2003.0,Drama,Drama,Film,US,en,,Tollin/Robbins Productions|Revolution Studios,False,,,False,Radio,same TMDB title,,,2.0,,,,,0.4,,,,,0.35,,,,,7.0,,,False,False,False,False,True,False,True,True
tv:279884,279884.0,tv,Rafa,2026.0,Documentary,Documentary,Documentary,US,en,Netflix,Skydance Sports,False,,,False,Rafa,same TMDB title,,,1.0,,,,,0.1,,,,,0.1,,,,,10.0,,,False,False,False,False,True,False,True,True
movie:13494,13494.0,movie,Red Sonja,2025.0,Adventure,Adventure|Action|Fantasy,Film,US,en,,Millennium Media|Mark Canton Productions|Courtney Solomon Productions|Campbell Grobman Films,False,,,False,Red Sonja,same TMDB title,,,2.0,,,,,0.8,,,,,0.75,,,,,3.0,,,False,False,False,False,True,False,True,True
movie:2355,2355.0,movie,Reign Over Me,2007.0,Drama,Drama,Film,US,en,,Columbia Pictures|Sunlight Productions|Relativity Media|Mr. Madison,False,,,False,Reign Over Me,same TMDB title,,,1.0,,,,,0.6,,,,,0.6,,,,,5.0,,,False,False,False,False,True,False,True,True
tv:96580,96580.0,tv,Resident Alien,2021.0,Sci-Fi & Fantasy,Sci-Fi & Fantasy,Scripted series,US,en,USA Network|Syfy,UCP,True,UCP,USA Network,False,Resident Alien,same TMDB title,,,1.0,,,,,0.7,,,,,0.7,,,,,4.0,,,False,False,False,False,True,False,True,True
movie:869597,869597.0,movie,Reunion,2024.0,Comedy,Comedy|Mystery,Film,US,en,,Artists Road|Unique Features|Spyglass Media Group,False,,,False,Reunion,same TMDB title,,,1.0,,,,,0.8,,,,,0.8,,,,,3.0,,,False,False,False,False,True,False,True,True
movie:10851,10851.0,movie,Revolver,2005.0,Drama,Drama|Thriller|Crime|Mystery,Film,FR|GB,en,,Revolver Pictures Co.|Toff Guy Films|EuropaCorp|Isle of Man Film,False,,,False,Revolver,same TMDB title,,,1.0,,,,,0.2,,,,,0.2,,,,,9.0,,,False,False,False,False,True,False,True,False
tv:60625,60625.0,tv,Rick and Morty,2013.0,Animation,Animation|Comedy|Sci-Fi & Fantasy|Action & Adventure,Animated series,US,en,Adult Swim,Williams Street|Harmonious Claptrap|Justin Roiland's Solo Vanity Card Productions|Starburns Industries|Green Portal Productions,False,,,False,Rick and Morty,same TMDB title,,,3.0,,,,,0.6,,,,,0.43333333333333335,,,,,5.0,,,False,False,False,False,True,False,True,True
tv:300480,300480.0,tv,Ricky Gervais Alley Cats,2026.0,Animation,Animation|Comedy,Animated series,GB,en,Netflix,Blink Industries|Derek Productions|Shush Creative,False,,,False,Ricky Gervais Alley Cats,same TMDB title,,,2.0,,,,,0.4,,,,,0.25,,,,,7.0,,,False,False,False,False,True,False,True,False
movie:598331,598331.0,movie,Rumble,2021.0,Animation,Animation|Family|Comedy|Fantasy,Animated film,US,en,,Paramount Animation|Reel FX Creative Studios|WWE Studios|Walden Media|Paramount Pictures,False,,,False,Rumble,same TMDB title,,,2.0,,,,,0.8,,,,,0.7,,,,,3.0,,,False,False,False,False,True,False,True,True
tv:286597,286597.0,tv,Sam Pang Tonight,2025.0,Comedy,Comedy,Talk / variety,AU,en,10,Network Ten,False,,,False,SAM PANG TONIGHT,same TMDB title,2.0,2.0,,,,0.233,0.1,,,,0.1665,0.0665,,,,24.0,28.0,,,,False,False,True,True,False,False,True,False
tv:112867,112867.0,tv,SAS Australia,2020,Reality,Reality,Reality / unscripted,AU,en,Seven Network,Screentime,False,,,False,SAS: AUS V ENG,same TMDB title,,6.0,,,,,0.667,,,,,0.5,,,,,11.0,,,,False,False,False,True,False,False,True,False
tv:323054,323054.0,tv,Shaun Micallef's Going For Broke,2026.0,Documentary,Documentary,Documentary,AU,en,ABC TV,Cordell Jigsaw Zapruder,False,,,False,SHAUN MICALLEF’S GOING FOR BROKE,same TMDB title,1.0,1.0,,,,0.267,0.433,,,,0.267,0.433,,,,23.0,18.0,,,,False,False,True,True,False,False,True,False
tv:46923,46923.0,tv,Shetland,2013.0,Crime,Crime|Drama|Mystery,Scripted series,GB,en,BBC One|BBC Four,ITV Studios|BBC Scotland,False,,,False,SHETLAND,same TMDB title,2.0,1.0,,,,0.467,0.767,,,,0.317,0.767,,,,17.0,8.0,,,,False,False,True,True,False,False,True,False
tv:1642,1642.0,tv,Spicks and Specks,2005.0,Comedy,Comedy,Scripted series,AU,en,ABC TV,Australian Broadcasting Corporation,False,,,False,SPICKS AND SPECKS,same TMDB title,1.0,,,,,0.367,,,,,0.367,,,,,20.0,,,,,False,False,True,False,False,False,True,False
movie:1759852,1759852.0,movie,Steve Irwin: A Wild Life,2026.0,Unknown,,Film,AU,en,,,False,,,False,STEVE IRWIN: A WILD LIFE,same TMDB title,1.0,1.0,,,,0.433,0.6,,,,0.433,0.6,,,,18.0,13.0,,,,False,False,True,True,False,False,True,False
tv:302878,302878.0,tv,Sydney 2000: The Best Ever,2025.0,Documentary,Documentary,Documentary,AU,en,Nine Network,,False,,,False,SYDNEY 2000: THE BEST EVER,same TMDB title,,3.0,,,,,0.233,,,,,0.17766666666666667,,,,,24.0,,,,False,False,False,True,False,False,True,False
tv:139566,139566.0,tv,Selling the OC,2022.0,Reality,Reality,Reality / unscripted,US,en,Netflix,Lionsgate Television,False,,,False,Selling The OC,same TMDB title,,,2.0,,,,,0.8,,,,,0.7,,,,,3.0,,,False,False,False,False,True,False,True,True
movie:1288341,1288341.0,movie,Seven Snipers,2026.0,Action,Action|Thriller,Film,AU,en,,Filmbarr|Monster Pictures Studios|Head Gear Films|Screen Queensland|Metrol Technology|Kreo Films|Signature Films|Sandy Pictures,False,,,False,Seven Snipers,same TMDB title,,,3.0,,,,,1.0,,,,,0.8333333333333334,,,,,1.0,,,False,False,False,False,True,False,True,False
tv:285147,285147.0,tv,Shaque: Trust No One,2026.0,Crime,Crime|Mystery|Drama,Scripted series,IN,hi,Netflix,Alchemy Films (IN),False,,,False,Shaque: Trust No One,same TMDB title,,,1.0,,,,,0.2,,,,,0.2,,,,,9.0,,,False,False,False,False,True,False,True,False
movie:787747,787747.0,movie,Shell,2025.0,Horror,Horror|Drama|Thriller,Film,US,en,,Love & Squalor Pictures|Dark Castle Entertainment|Aperture Media Partners|Range Studios|Blank Tape,False,,,False,Shell,same TMDB title,,,1.0,,,,,0.8,,,,,0.8,,,,,3.0,,,False,False,False,False,True,False,True,True
tv:219799,219799.0,tv,Sheriff Labrador,2022.0,Kids,Kids|Animation,Animated series,CN,zh,,宝宝巴士股份有限公司,False,,,False,Sheriff Labrador,same TMDB title,,,2.0,,,,,0.4,,,,,0.4,,,,,7.0,,,False,False,False,False,True,False,True,False
tv:299713,299713.0,tv,Simon Cowell: The Next Act,2025.0,Reality,Reality,Reality / unscripted,GB,en,Netflix,Box to Box Films|Syco Entertainment,False,,,False,Simon Cowell: The Next Act,same TMDB title,,,1.0,,,,,0.1,,,,,0.1,,,,,10.0,,,False,False,False,False,True,False,True,False
tv:139798,139798.0,tv,Single's Inferno,2021.0,Reality,Reality|Comedy|Talk,Reality / unscripted,KR,ko,Netflix,Shijak Company|JTBC,False,,,False,Single’s Inferno,same TMDB title,,,2.0,,,,,0.1,,,,,0.1,,,,,10.0,,,False,False,False,False,True,False,True,False
movie:1233413,1233413.0,movie,Sinners,2025.0,Horror,Horror|Action|Thriller,Film,US,en,,Warner Bros. Pictures|Proximity Media|Domain Entertainment,False,,,False,Sinners,same TMDB title,,,1.0,,,,,0.5,,,,,0.5,,,,,6.0,,,False,False,False,False,True,False,True,True
movie:14245,14245.0,movie,Sniper 2,2002.0,Action,Action,Film,US,en,,Sandstorm Films|TriStar Pictures,False,,,False,Sniper 2,same TMDB title,,,1.0,,,,,0.3,,,,,0.3,,,,,8.0,,,False,False,False,False,True,False,True,True
movie:702936,702936.0,movie,Sniper: Assassin's End,2020.0,Action,Action,Film,US,en,,Destination Films,False,,,False,Sniper: Assassin's End,same TMDB title,,,2.0,,,,,0.5,,,,,0.3,,,,,6.0,,,False,False,False,False,True,False,True,True
movie:407375,407375.0,movie,Sniper: Ghost Shooter,2016.0,Action,Action|Drama|War,Film,US,en,,UFO International Productions|Destination Films|BUFO,False,,,False,Sniper: Ghost Shooter,same TMDB title,,,1.0,,,,,0.4,,,,,0.4,,,,,7.0,,,False,False,False,False,True,False,True,True
movie:1410082,1410082.0,movie,Sniper: The Last Stand,2025.0,Action,Action|Thriller,Film,US,en,,Destination Films|Blue Ice Pictures|Blue Ice Africa,False,,,False,Sniper: The Last Stand,same TMDB title,,,1.0,,,,,0.7,,,,,0.7,,,,,4.0,,,False,False,False,False,True,False,True,True
tv:255803,255803.0,tv,Son of a Donkey,2025.0,Comedy,Comedy,Scripted series,AU,en,Netflix,Princess Pictures,False,,,False,Son of a Donkey,same TMDB title,,,3.0,,,,,1.0,,,,,0.7000000000000001,,,,,1.0,,,False,False,False,False,True,False,True,False
movie:939243,939243.0,movie,Sonic the Hedgehog 3,2024.0,Action,Action|Science Fiction|Comedy|Family,Film,US,en,,Paramount Pictures|Original Film|Marza Animation Planet|SEGA|Blur Studio|SEGA of America,False,,,False,Sonic the Hedgehog 3,same TMDB title,,,3.0,,,,,0.8,,,,,0.6,,,,,3.0,,,False,False,False,False,True,False,True,True
movie:379686,379686.0,movie,Space Jam: A New Legacy,2021.0,Family,Family|Comedy|Adventure|Animation|Science Fiction,Animated film,US,en,,Warner Animation Group|Proximity Media|Warner Bros. Pictures|The SpringHill Company,False,,,False,Space Jam: A New Legacy,same TMDB title,,,1.0,,,,,0.6,,,,,0.6,,,,,5.0,,,False,False,False,False,True,False,True,True
movie:429617,429617.0,movie,Spider-Man: Far From Home,2019.0,Action,Action|Adventure|Science Fiction,Film,US,en,,Marvel Studios|Pascal Pictures|Columbia Pictures,False,,,False,Spider-Man: Far from Home,same TMDB title,,,1.0,,,,,0.1,,,,,0.1,,,,,10.0,,,False,False,False,False,True,False,True,True
movie:1384027,1384027.0,movie,Spit,2025.0,Comedy,Comedy|Crime,Film,AU,en,,Tracking Films Pty Ltd,False,,,False,Spit,same TMDB title,,,1.0,,,,,0.8,,,,,0.8,,,,,3.0,,,False,False,False,False,True,False,True,False
movie:1266,1266.0,movie,Street Kings,2008.0,Action,Action|Crime|Drama|Thriller,Film,US,en,,Fox Searchlight Pictures|Regency Enterprises|Dune Entertainment III|Emmett/Furla Films|Yari Film Group,False,,,False,Street Kings,same TMDB title,,,1.0,,,,,0.6,,,,,0.6,,,,,5.0,,,False,False,False,False,True,False,True,True
movie:521007,521007.0,movie,Superintelligence,2020.0,Comedy,Comedy|Science Fiction|Romance,Film,CA|US,en,,On the Day|Warner Bros. Pictures|New Line Cinema|Creative Wealth Media Finance,False,,,False,Superintelligence,same TMDB title,,,2.0,,,,,0.7,,,,,0.5,,,,,4.0,,,False,False,False,False,True,False,True,True
movie:1061474,1061474.0,movie,Superman,2025.0,Science Fiction,Science Fiction|Adventure|Action,Film,US,en,,Troll Court Entertainment|The Safran Company|DC Studios|Domain Entertainment,False,,,False,Superman,same TMDB title,,,2.0,,,,,0.9,,,,,0.8500000000000001,,,,,2.0,,,False,False,False,False,True,False,True,True
tv:103791,103791.0,tv,Taronga: Who's Who in the Zoo,2020.0,Documentary,Documentary|Kids,Documentary,AU,en,Nine Network,,False,,,False,TARONGA: WHO’S WHO IN THE ZOO,same TMDB title,8.0,10.0,,,,0.433,0.567,,,,0.312375,0.38689999999999997,,,,18.0,14.0,,,,False,False,True,True,False,False,True,False
tv:219341,219341.0,tv,Taskmaster Australia,2023.0,Comedy,Comedy|Reality,Reality / unscripted,AU,en,10,Avalon Television|Kevin & Co,False,,,False,TASKMASTER AUSTRALIA,same TMDB title,,4.0,,,,,0.333,,,,,0.17500000000000002,,,,,21.0,,,,False,False,False,True,False,False,True,False
tv:225523,225523.0,tv,The 1% Club,2023.0,Reality,Reality|Comedy,Reality / unscripted,AU,en,Seven Network,,False,,,False,THE 1% CLUB | THE 1% CLUB UK | THE 1% CLUB UK: ROLLOVER,same TMDB title,37.0,27.0,,,,0.8,0.6,,,,0.49000000000000005,0.2723103448275862,,,,7.0,13.0,,,,False,False,True,True,False,False,True,False
tv:326879,326879.0,tv,The Airport Chaplain,2026.0,Drama,Drama,Scripted series,AU,en,SBS,Wooden Horse,False,,,False,THE AIRPORT CHAPLAIN,same TMDB title,,1.0,,,,,0.867,,,,,0.867,,,,,5.0,,,,False,False,False,True,False,False,True,False
tv:45665,45665.0,tv,The Amazing Race Australia,2011,Reality,Reality,Reality / unscripted,AU,en,10|Seven Network,Eureka Productions,False,,,False,THE AMAZING RACE AUSTRALIA: CELEBRITY,same TMDB title,3.0,3.0,,,,0.467,0.8,,,,0.41133333333333333,0.789,,,,17.0,7.0,,,,False,False,True,True,False,False,True,False
tv:12271,12271.0,tv,The Block,2003.0,Reality,Reality,Reality / unscripted,AU,en,Nine Network,Watercress Productions|Cavalier Productions|Nine Network Australia,False,,,False,THE BLOCK,same TMDB title,13.0,13.0,,,,1.0,1.0,,,,0.9795384615384616,0.9846923076923078,,,,1.0,1.0,,,,False,False,True,True,False,False,True,False
tv:239540,239540.0,tv,The Chase Australia,,Reality,Reality,Reality / unscripted,AU,en,Seven Network,Seven Network|ITV Studios Australia,False,,,False,THE CHASE AUSTRALIA,same TMDB title,51.0,42.0,,,,0.6,0.567,,,,0.30325490196078436,0.19600000000000004,,,,13.0,14.0,,,,False,False,True,True,False,False,True,False
tv:129601,129601.0,tv,The Cheap Seats,2021.0,Comedy,Comedy|News,Scripted series,AU,en,10,Working Dog,False,,,False,THE CHEAP SEATS,same TMDB title,3.0,,,,,0.067,,,,,0.044333333333333336,,,,,29.0,,,,,False,False,True,False,False,False,True,False
tv:325549,325549.0,tv,The F Ward,2026.0,Drama,Drama,Scripted series,AU,en,Stan,Roadshow Rough Diamond,False,,,False,THE F WARD,same TMDB title,,1.0,,,,,0.033,,,,,0.033,,,,,30.0,,,,False,False,False,True,False,False,True,False
tv:286255,286255.0,tv,The Forsytes,2025.0,Drama,Drama,Scripted series,GB,en,5,Masterpiece|Mammoth Screen,False,,,False,THE FORSYTES,same TMDB title,,3.0,,,,,0.433,,,,,0.2776666666666667,,,,,18.0,,,,False,False,False,True,False,False,True,False
tv:88585,88585.0,tv,The Front Bar,,Comedy,Comedy|Talk,Talk / variety,,en,Seven Network,,False,,,False,THE FRONT BAR,same TMDB title,18.0,19.0,,,,0.467,0.433,,,,0.20750000000000002,0.20705263157894738,,,,17.0,18.0,,,,False,False,True,True,False,False,True,False
tv:107114,107114.0,tv,The Girl from Plainville,2022.0,Drama,Drama|Crime,Scripted limited series,US,en,Hulu,UCP|Littleton Road Productions|Echo Lake Entertainment|Lewellen Pictures|Happy Friday Productions,True,UCP,,False,THE GIRL FROM PLAINVILLE,same TMDB title,,1.0,,,,,0.433,,,,,0.433,,,,,18.0,,,,False,False,False,True,False,False,True,True
tv:292286,292286.0,tv,The Girl Who Caught a Killer,2025.0,Crime,Crime|Documentary|Mystery,Documentary,GB,en,Sky Documentaries,Sky Original Productions|Plimsoll Productions,False,,,False,THE GIRL WHO CAUGHT A KILLER,same TMDB title,,1.0,,,,,0.033,,,,,0.033,,,,,30.0,,,,False,False,False,True,False,False,True,False
tv:303516,303516.0,tv,The Golden Bachelor Australia,2025,Reality,Reality,Reality / unscripted,AU,en,,Warner Bros. International Television Production Australia|Nine Network Australia,False,,,False,THE GOLDEN BACHELOR,same TMDB title,4.0,4.0,,,,0.733,0.933,,,,0.6415,0.8915,,,,9.0,3.0,,,,False,False,True,True,False,False,True,False
tv:67557,67557.0,tv,The Grand Tour,2016.0,Reality,Reality|Comedy|Talk,Reality / unscripted,GB,en,Prime Video,W. Chump and Sons|Expectation TV|Grand Tour Productions|Flat Four Films,False,,,False,THE GRAND TOUR,same TMDB title,,1.0,,,,,0.367,,,,,0.367,,,,,20.0,,,,False,False,False,True,False,False,True,False
tv:299303,299303.0,tv,The Great Art Fraud,2025.0,Documentary,Documentary,Documentary,GB,en,BBC Two,BBC Studios,False,,,False,THE GREAT ART FRAUD,same TMDB title,,1.0,,,,,0.267,,,,,0.267,,,,,23.0,,,,False,False,False,True,False,False,True,False
tv:231751,231751.0,tv,The Hardacres,2024.0,Drama,Drama,Scripted series,GB,en,5,Playground Entertainment|Newgrange Pictures|Fís Éireann/Screen Ireland,False,,,False,THE HARDACRES,same TMDB title,,1.0,,,,,0.133,,,,,0.133,,,,,27.0,,,,False,False,False,True,False,False,True,False
tv:130887,130887.0,tv,The Hundred with Andy Lee,2021.0,Unknown,,Talk / variety,AU,en,Nine Network,,False,,,False,THE HUNDRED WITH ANDY LEE,same TMDB title,7.0,6.0,,,,0.367,0.367,,,,0.2047142857142857,0.26133333333333336,,,,20.0,20.0,,,,False,False,True,True,False,False,True,False
tv:244447,244447.0,tv,The Hunting Wives,2025.0,Drama,Drama|Mystery,Scripted series,US,en,Netflix,3 Arts Entertainment|Lionsgate Television|Pleasingly Pulp,False,,,False,THE HUNTING WIVES | The Hunting Wives,same TMDB title,,6.0,3.0,,,,0.667,0.9,,,,0.42783333333333334,0.7666666666666666,,,,11.0,2.0,,,False,False,False,True,True,False,True,True
tv:233324,233324.0,tv,The Jetty,2024.0,Drama,Drama|Crime,Scripted series,GB,en,BBC One,Firebird Pictures|BBC,False,,,False,THE JETTY,same TMDB title,,2.0,,,,,0.5,,,,,0.3,,,,,16.0,,,,False,False,False,True,False,False,True,False
movie:23756,23756.0,movie,The Michael Jackson Story,2009.0,Documentary,Documentary,Film,US,en,,Kam & Ronson,False,,,False,THE MICHAEL JACKSON STORY,same TMDB title,2.0,2.0,,,,0.233,0.567,,,,0.1665,0.55,,,,24.0,14.0,,,,False,False,True,True,False,False,True,True
tv:27023,27023.0,tv,The Oscars,1953.0,Unknown,,Scripted series,US,en,ABC|NBC|Hulu,Academy of Motion Picture Arts and Sciences (AMPAS),False,,NBC,True,THE OSCARS,same TMDB title,,1.0,,,,,0.533,,,,,0.533,,,,,15.0,,,,False,False,False,True,False,False,True,True
tv:290409,290409.0,tv,The Piano,2025.0,Documentary,Documentary,Documentary,AU,en,ABC TV,Eureka Productions,False,,,False,THE PIANO,same TMDB title,6.0,2.0,,,,0.633,0.6,,,,0.3443333333333333,0.3665,,,,12.0,13.0,,,,False,False,True,True,False,False,True,False
tv:303424,303424.0,tv,The Rise and Fall of Kings Cross,2025.0,Unknown,,Scripted series,AU,en,,,False,,,False,THE RISE AND FALL OF KINGS CROSS,same TMDB title,,1.0,,,,,0.1,,,,,0.1,,,,,28.0,,,,False,False,False,True,False,False,True,False
tv:79744,79744.0,tv,The Rookie,2018.0,Crime,Crime|Drama|Comedy,Scripted series,US,en,ABC,ABC Studios|Entertainment One|Lionsgate Television|ABC Signature|Perfectman Pictures|20th Television,False,,,False,THE ROOKIE | The Rookie,same TMDB title,22.0,22.0,3.0,,,0.8,0.933,0.6,,,0.5181818181818182,0.7818181818181817,0.3333333333333333,,,7.0,3.0,5.0,,,False,False,True,True,True,False,True,True
tv:313523,313523.0,tv,The Tony Blair Story,2026.0,Documentary,Documentary,Documentary,GB,en,Channel 4,72 Films,False,,,False,THE TONY BLAIR STORY,same TMDB title,,1.0,,,,,0.033,,,,,0.033,,,,,30.0,,,,False,False,False,True,False,False,True,False
tv:39845,39845.0,tv,The Voice,2012.0,Reality,Reality,Reality / unscripted,AU,en,Seven Network,ITV Studios Australia|Fox Studios Australia,False,,,False,THE VOICE,same TMDB title,12.0,12.0,,,,0.9,0.933,,,,0.7805,0.8914166666666667,,,,4.0,3.0,,,,False,False,True,True,False,False,True,False
tv:66893,66893.0,tv,The Weekly with Charlie Pickering,2015.0,Comedy,Comedy|Talk,Talk / variety,AU,en,ABC TV,Thinkative Television,False,,,False,THE WEEKLY WITH CHARLIE PICKERING,same TMDB title,5.0,5.0,,,,0.3,0.433,,,,0.20660000000000003,0.2666,,,,22.0,18.0,,,,False,False,True,True,False,False,True,False
tv:56926,56926.0,tv,Tipping Point,2012.0,Reality,Reality,Reality / unscripted,GB,en,ITV1,,False,,,False,TIPPING POINT | TIPPING POINT: 70 YEARS OF TV | TIPPING POINT: CELEBRITY SPECIAL | TIPPING POINT: TRAVEL GUIDES,same TMDB title,4.0,4.0,,,,0.433,0.633,,,,0.233,0.3915,,,,18.0,12.0,,,,False,False,True,True,False,False,True,False
tv:242192,242192.0,tv,Tipping Point Australia,2023.0,Family,Family,Scripted series,AU,en,Nine Network,,False,,,False,TIPPING POINT AUSTRALIA,same TMDB title,50.0,46.0,,,,0.767,0.733,,,,0.5287,0.49632608695652175,,,,8.0,9.0,,,,False,False,True,True,False,False,True,False
tv:315469,315469.0,tv,Todd Sampson's Why?,2026.0,Documentary,Documentary,Documentary,AU,en,ABC TV,Baltimore Films,False,,,False,TODD SAMPSON’S WHY?,same TMDB title,,1.0,,,,,0.033,,,,,0.033,,,,,30.0,,,,False,False,False,True,False,False,True,False
tv:99625,99625.0,tv,Travel Guides,2017.0,Reality,Reality,Reality / unscripted,AU,en,Nine Network,,False,,,False,TRAVEL GUIDES,same TMDB title,20.0,21.0,,,,0.9,0.8,,,,0.5501,0.4809523809523809,,,,4.0,7.0,,,,False,False,True,True,False,False,True,False
tv:325785,325785.0,tv,Treasure & Dirt,2026.0,Action & Adventure,Action & Adventure|Mystery|Crime|Drama,Scripted limited series,AU,en,ABC TV|ABC iview,Easy Tiger,False,,,False,TREASURE & DIRT,same TMDB title,1.0,2.0,,,,0.633,0.833,,,,0.633,0.7,,,,12.0,6.0,,,,False,False,True,True,False,False,True,False
tv:260650,260650.0,tv,Trespasses,2025.0,Drama,Drama|War & Politics,Scripted limited series,GB,en,Channel 4,Wildgaze Films,False,,,False,TRESPASSES,same TMDB title,,1.0,,,,,0.467,,,,,0.467,,,,,17.0,,,,False,False,False,True,False,False,True,False
movie:64720,64720.0,movie,Take Shelter,2011.0,Thriller,Thriller|Drama|Horror,Film,US,en,,Hydraulx|REI Capital|Grove Hill Productions|Strange Matter Films,False,,,False,Take Shelter,same TMDB title,,,2.0,,,,,0.8,,,,,0.6000000000000001,,,,,3.0,,,False,False,False,False,True,False,True,True
tv:262275,262275.0,tv,Take That,2026.0,Documentary,Documentary,Documentary,GB,en,Netflix,Fulwell Entertainment,False,,,False,Take That,same TMDB title,,,1.0,,,,,0.2,,,,,0.2,,,,,9.0,,,False,False,False,False,True,False,True,False
movie:719221,719221.0,movie,Tarot,2024.0,Horror,Horror,Film,US,en,,Screen Gems|Alloy Entertainment|Ground Control Entertainment|Capstone Pictures|TSG Entertainment,False,,,False,Tarot,same TMDB title,,,2.0,,,,,0.3,,,,,0.2,,,,,8.0,,,False,False,False,False,True,False,True,True
tv:308482,308482.0,tv,Taskaree: The Smuggler's Web,2026.0,Crime,Crime|Mystery|Drama,Scripted series,IN,hi,Netflix,Friday Storytellers,False,,,False,Taskaree: The Smuggler's Web,same TMDB title,,,2.0,,,,,0.7,,,,,0.44999999999999996,,,,,4.0,,,False,False,False,False,True,False,True,False
movie:1142921,1142921.0,movie,Tere Ishk Mein,2025.0,Romance,Romance|Drama,Film,IN,hi,,Colour Yellow Productions|T-Series,False,,,False,Tere Ishk Mein,same TMDB title,,,1.0,,,,,0.1,,,,,0.1,,,,,10.0,,,False,False,False,False,True,False,True,False
movie:13503,13503.0,movie,Texas Rangers,2001.0,Western,Western|Action|Adventure|Drama|Thriller,Film,US,en,,Dimension Films,False,,,False,Texas Rangers,same TMDB title,,,2.0,,,,,0.9,,,,,0.6,,,,,2.0,,,False,False,False,False,True,False,True,True
tv:273977,273977.0,tv,The Art of Sarah,2026.0,Crime,Crime|Mystery|Drama,Scripted limited series,KR,ko,Netflix,SLL,False,,,False,The Art of Sarah,same TMDB title,,,1.0,,,,,0.2,,,,,0.2,,,,,9.0,,,False,False,False,False,True,False,True,False
tv:302540,302540.0,tv,The Bad Guys: The Series,2025.0,Animation,Animation|Crime|Comedy|Family,Animated series,US,en,Netflix,DreamWorks Animation Television,True,DreamWorks Animation Television,,False,The Bad Guys: The Series,same TMDB title,,,1.0,,,,,0.3,,,,,0.3,,,,,8.0,,,False,False,False,False,True,False,True,True
tv:32406,32406.0,tv,The Big C,2010.0,Comedy,Comedy|Drama,Scripted series,US,en,Showtime,Perkins Street Productions|Farm Kid|Original Film|Sony Pictures Television,False,,,False,The Big C,same TMDB title,,,1.0,,,,,0.1,,,,,0.1,,,,,10.0,,,False,False,False,False,True,False,True,True
movie:1443762,1443762.0,movie,The Big Fake,2025.0,Thriller,Thriller|Crime|Drama,Film,IT,it,,Cattleya,False,,,False,The Big Fake,same TMDB title,,,1.0,,,,,0.1,,,,,0.1,,,,,10.0,,,False,False,False,False,True,False,True,False
movie:1441,1441.0,movie,The Contract,2006.0,Drama,Drama|Action|Thriller|Crime,Film,US,en,,Emmett/Furla Films|VIP Medienfonds 4|Revelations Entertainment|Millennium Media|Nu Image Entertainment,False,,,False,The Contract,same TMDB title,,,2.0,,,,,0.8,,,,,0.55,,,,,3.0,,,False,False,False,False,True,False,True,True
movie:1066262,1066262.0,movie,The Convert,2024.0,Drama,Drama|Action,Film,AU|NZ,en,,Jump Film and Television|MBK Productions|New Zealand Film Commission|Mister Smith Entertainment|Brouhaha Entertainment|Kismet Film Company,False,,,False,The Convert,same TMDB title,,,2.0,,,,,0.6,,,,,0.4,,,,,5.0,,,False,False,False,False,True,False,True,False
movie:1570751,1570751.0,movie,The Cost,2016.0,Fantasy,Fantasy,Film,US,en,,Poke the Bear Productions,False,,,False,The Cost,same TMDB title,,,1.0,,,,,0.4,,,,,0.4,,,,,7.0,,,False,False,False,False,True,False,True,True
tv:195407,195407.0,tv,The Creature Cases,2022.0,Kids,Kids|Animation,Animated series,FR|CN|GB|US,en,Netflix,TeamTO|Tencent Video|Silvergate Media|Sony Pictures Television – Kids,False,,,False,The Creature Cases,same TMDB title,,,1.0,,,,,0.5,,,,,0.5,,,,,6.0,,,False,False,False,False,True,False,True,True
movie:529203,529203.0,movie,The Croods: A New Age,2020.0,Animation,Animation|Family|Adventure|Fantasy|Comedy,Animated film,US,en,,DreamWorks Animation,True,DreamWorks Animation,,False,The Croods: A New Age,same TMDB title,,,3.0,,,,,0.9,,,,,0.39999999999999997,,,,,2.0,,,False,False,False,False,True,False,True,True
tv:279323,279323.0,tv,The East Palace,2026.0,Mystery,Mystery|Action & Adventure|Sci-Fi & Fantasy|Drama,Scripted limited series,KR,ko,Netflix,Show Runners|IMAGINUS,False,,,False,The East Palace,same TMDB title,,,1.0,,,,,0.4,,,,,0.4,,,,,7.0,,,False,False,False,False,True,False,True,False
movie:926393,926393.0,movie,The Equalizer 3,2023.0,Action,Action|Thriller|Crime,Film,US,en,,Columbia Pictures|Eagle Pictures|Escape Artists|ZHIV Productions,False,,,False,The Equalizer 3,same TMDB title,,,3.0,,,,,1.0,,,,,0.7666666666666666,,,,,1.0,,,False,False,False,False,True,False,True,True
movie:9030,9030.0,movie,The Eye,2008.0,Drama,Drama|Horror|Thriller,Film,US,en,,Paramount Vantage|VN Productions|Cruise/Wagner Productions|Vertigo Entertainment|Lionsgate,False,,,False,The Eye,same TMDB title,,,1.0,,,,,0.2,,,,,0.2,,,,,9.0,,,False,False,False,False,True,False,True,True
movie:9043,9043.0,movie,The Family Stone,2005.0,Comedy,Comedy|Drama|Romance,Film,US,en,,Fox 2000 Pictures|The Family Stone|Major Studio Partners|Michael London Productions|Pan Productions|20th Century Fox,False,,,False,The Family Stone,same TMDB title,,,1.0,,,,,0.6,,,,,0.6,,,,,5.0,,,False,False,False,False,True,False,True,True
movie:1186563,1186563.0,movie,The Friend,2025.0,Comedy,Comedy|Drama,Film,US,en,,Big Creek Projects|3dot Productions,False,,,False,The Friend,same TMDB title,,,1.0,,,,,0.6,,,,,0.6,,,,,5.0,,,False,False,False,False,True,False,True,True
movie:748783,748783.0,movie,The Garfield Movie,2024.0,Adventure,Adventure|Animation|Comedy|Family,Animated film,US|GB,en,,Alcon Entertainment|DNEG|Wayfarer Studios|One Cool Group|Stage 6 Films|Andrews McMeel Entertainment|John Cohen Productions,False,,,False,The Garfield Movie,same TMDB title,,,3.0,,,,,0.8,,,,,0.6333333333333333,,,,,3.0,,,False,False,False,False,True,False,True,True
movie:136795,136795.0,movie,The Heat,2013.0,Action,Action|Comedy|Crime,Film,US,en,,Chernin Entertainment|TSG Entertainment|Ingenious Media|Big Screen Productions|20th Century Fox,False,,,False,The Heat,same TMDB title,,,2.0,,,,,0.8,,,,,0.65,,,,,3.0,,,False,False,False,False,True,False,True,True
movie:35690,35690.0,movie,The Last Song,2010.0,Drama,Drama|Family|Romance,Film,US,en,,Touchstone Pictures|HopeTown Entertainment,False,,,False,The Last Song,same TMDB title,,,1.0,,,,,0.2,,,,,0.2,,,,,9.0,,,False,False,False,False,True,False,True,True
movie:10897,10897.0,movie,The Little Rascals,1994.0,Romance,Romance|Comedy|Family,Film,US,en,,Universal Pictures|King World Entertainment|Amblin Entertainment,True,Universal Pictures,,False,The Little Rascals,same TMDB title,,,2.0,,,,,0.3,,,,,0.2,,,,,8.0,,,False,False,False,False,True,False,True,True
movie:333484,333484.0,movie,The Magnificent Seven,2016.0,Adventure,Adventure|Action|Western,Film,US,en,,Metro-Goldwyn-Mayer|Columbia Pictures|LStar Capital|Village Roadshow Pictures|Pin High|Escape Artists,False,,,False,The Magnificent Seven,same TMDB title,,,1.0,,,,,0.7,,,,,0.7,,,,,4.0,,,False,False,False,False,True,False,True,True
tv:1422,1422.0,tv,The Middle,2009.0,Comedy,Comedy,Scripted series,US,en,ABC,Blackie and Blondie Productions|Warner Bros. Television,False,,,False,The Middle,same TMDB title,,,2.0,,,,,0.4,,,,,0.4,,,,,7.0,,,False,False,False,False,True,False,True,True
movie:1124620,1124620.0,movie,The Monkey,2025.0,Horror,Horror|Comedy,Film,US,en,,Atomic Monster|C2 Motion Picture Group|Range Media Partners|Oddfellows Entertainment|The Safran Company|Stars Collective|NEON,False,,,False,The Monkey,same TMDB title,,,1.0,,,,,0.2,,,,,0.2,,,,,9.0,,,False,False,False,False,True,False,True,True
tv:57273,57273.0,tv,The Red Road,2014.0,Crime,Crime|Drama,Scripted series,US,en,SundanceTV,Sundance Channel,False,,,False,The Red Road,same TMDB title,,,2.0,,,,,0.6,,,,,0.39999999999999997,,,,,5.0,,,False,False,False,False,True,False,True,True
movie:1482168,1482168.0,movie,"The Rise of the Red Hot Chili Peppers: Our Brother, Hillel",2026.0,Documentary,Documentary|Music,Film,US,en,,Polygram Entertainment|Submarine Entertainment|Asta Entertainment,False,,,False,"The Rise of the Red Hot Chili Peppers: Our Brother, Hillel",same TMDB title,,,1.0,,,,,0.5,,,,,0.5,,,,,6.0,,,False,False,False,False,True,False,True,True
movie:1545260,1545260.0,movie,The Run,2026.0,Science Fiction,Science Fiction|Thriller|Action,Film,AU,en,,,False,,,False,The Run,same TMDB title,,,1.0,,,,,0.5,,,,,0.5,,,,,6.0,,,False,False,False,False,True,False,True,False
movie:328111,328111.0,movie,The Secret Life of Pets,2016.0,Animation,Animation|Comedy|Family|Adventure,Animated film,US,en,,Illumination|Universal Pictures,True,Illumination,,False,The Secret Life of Pets,same TMDB title,,,1.0,,,,,0.1,,,,,0.1,,,,,10.0,,,False,False,False,False,True,False,True,True
movie:412117,412117.0,movie,The Secret Life of Pets 2,2019.0,Animation,Animation|Comedy|Family|Adventure,Animated film,US,en,,Universal Pictures|Illumination,True,Universal Pictures,,False,The Secret Life of Pets 2,same TMDB title,,,2.0,,,,,0.3,,,,,0.25,,,,,8.0,,,False,False,False,False,True,False,True,True
movie:436969,436969.0,movie,The Suicide Squad,2021.0,Action,Action|Comedy|Adventure,Film,US,en,,DC Films|Atlas Entertainment|The Safran Company|Warner Bros. Pictures,False,,,False,The Suicide Squad,same TMDB title,,,1.0,,,,,0.2,,,,,0.2,,,,,9.0,,,False,False,False,False,True,False,True,True
movie:1321439,1321439.0,movie,The Wrong Paris,2025.0,Romance,Romance|Comedy,Film,US,en,,Motion Picture Corporation of America|Brad Krevoy Productions,False,,,False,The Wrong Paris,same TMDB title,,,1.0,,,,,0.4,,,,,0.4,,,,,7.0,,,False,False,False,False,True,False,True,True
movie:1416391,1416391.0,movie,Toaster,2026.0,Comedy,Comedy|Crime|Action,Film,IN,hi,,Kampa Films,False,,,False,Toaster,same TMDB title,,,1.0,,,,,0.4,,,,,0.4,,,,,7.0,,,False,False,False,False,True,False,True,False
movie:1241983,1241983.0,movie,Train Dreams,2025.0,Drama,Drama,Film,US,en,,Kamala Films|Black Bear Pictures,False,,,False,Train Dreams,same TMDB title,,,2.0,,,,,0.5,,,,,0.35,,,,,6.0,,,False,False,False,False,True,False,True,True
movie:1032823,1032823.0,movie,Trap,2024.0,Crime,Crime|Horror|Thriller|Music,Film,US,en,,Blinding Edge Pictures,False,,,False,Trap,same TMDB title,,,3.0,,,,,0.9,,,,,0.6666666666666666,,,,,2.0,,,False,False,False,False,True,False,True,True
movie:446893,446893.0,movie,Trolls World Tour,2020.0,Family,Family|Animation|Comedy|Fantasy|Adventure|Music,Animated film,US,en,,DreamWorks Animation,True,DreamWorks Animation,,False,Trolls World Tour,same TMDB title,,,2.0,,,,,0.5,,,,,0.45,,,,,6.0,,,False,False,False,False,True,False,True,True
movie:10354,10354.0,movie,True Crime,1999.0,Crime,Crime|Thriller|Mystery|Drama,Film,US,en,,The Zanuck Company|Malpaso Productions|Warner Bros. Pictures,False,,,False,True Crime,same TMDB title,,,1.0,,,,,0.5,,,,,0.5,,,,,6.0,,,False,False,False,False,True,False,True,True
movie:718821,718821.0,movie,Twisters,2024.0,Action,Action|Thriller,Film,US,en,,Universal Pictures|Warner Bros. Pictures|Amblin Entertainment|Domain Entertainment,True,Universal Pictures,,False,Twisters,same TMDB title,,,2.0,,,,,0.9,,,,,0.8,,,,,2.0,,,False,False,False,False,True,False,True,True
tv:321032,321032.0,tv,Urzila,2026.0,Comedy,Comedy,Scripted series,AU,en,ABC TV|ABC iview,Australian Broadcasting Corporation,False,,,False,URZILA,same TMDB title,,1.0,,,,,0.633,,,,,0.633,,,,,12.0,,,,False,False,False,True,False,False,True,False
movie:609271,609271.0,movie,Under the Boardwalk,2023.0,Adventure,Adventure|Animation|Comedy|Family|Romance,Animated film,US,en,,Paramount Animation|Big Kid Pictures|DNEG,False,,,False,Under the Boardwalk,same TMDB title,,,2.0,,,,,0.9,,,,,0.6,,,,,2.0,,,False,False,False,False,True,False,True,True
movie:15070,15070.0,movie,Undisputed,2002.0,Action,Action|Drama|Crime,Film,US,en,,Amen Ra Films|Motion Picture Corporation of America|Hollywood Partners|Millennium Media|David Giler Productions,False,,,False,Undisputed,same TMDB title,,,1.0,,,,,0.3,,,,,0.3,,,,,8.0,,,False,False,False,False,True,False,True,True
movie:1115009,1115009.0,movie,Unsung Hero,2024.0,Drama,Drama|Music|Family,Film,US,en,,for KING & COUNTRY|WTA Media|Curb Records|Radiate Films|Kingdom Story Company|Candy Rock Entertainment|A Walsh Works Production,False,,,False,Unsung Hero,same TMDB title,,,1.0,,,,,0.3,,,,,0.3,,,,,8.0,,,False,False,False,False,True,False,True,True
movie:1684246,1684246.0,movie,Untold UK: Vinnie Jones,2026.0,History,History|Documentary,Film,GB,en,,Pitch Productions,False,,,False,Untold UK: Vinnie Jones,same TMDB title,,,1.0,,,,,0.2,,,,,0.2,,,,,9.0,,,False,False,False,False,True,False,True,False
movie:1641962,1641962.0,movie,Untold: Chess Mates,2026.0,Documentary,Documentary,Film,US,en,,Propagate Content|Stardust Frames,False,,,False,Untold: Chess Mates,same TMDB title,,,1.0,,,,,0.1,,,,,0.1,,,,,10.0,,,False,False,False,False,True,False,True,True
tv:39185,39185.0,tv,Vera,2011.0,Crime,Crime|Drama|Mystery,Scripted series,GB,en,ITV1,ITV Studios,False,,,False,VERA,same TMDB title,3.0,,,,,0.2,,,,,0.13333333333333333,,,,,25.0,,,,,False,False,True,False,False,False,True,False
tv:262281,262281.0,tv,Victoria Beckham,2025.0,Documentary,Documentary,Documentary,GB,en,Netflix,Studio 99|Dorothy St Pictures,False,,,False,Victoria Beckham,same TMDB title,,,3.0,,,,,1.0,,,,,0.7666666666666666,,,,,1.0,,,False,False,False,False,True,False,True,False
movie:1408162,1408162.0,movie,Vishwanath & Sons,2026.0,Drama,Drama|Romance|Comedy,Film,IN,ta,,Sithara Entertainments|Srikara Studios|Fortune Four Cinemas,False,,,False,Vishwanath & Sons,same TMDB title,,,1.0,,,,,0.3,,,,,0.3,,,,,8.0,,,False,False,False,False,True,False,True,False
tv:44619,44619.0,tv,Weekend Today,2009.0,News,News,Scripted series,AU,en,Nine Network,Nine Network Australia,False,,,False,WEEKEND TODAY,same TMDB title,,1.0,,,,,0.067,,,,,0.067,,,,,29.0,,,,False,False,False,True,False,False,True,False
movie:1229905,1229905.0,movie,Whatever It Takes,2024.0,Crime,Crime|Documentary,Film,GB,en,,Big Pond Films|Concordia Studio|Fremantle,False,,,False,WHATEVER IT TAKES: INSIDE THE EBAY SCANDAL,same TMDB title,1.0,,,,,0.033,,,,,0.033,,,,,30.0,,,,,False,False,True,False,False,False,True,False
tv:305791,305791.0,tv,When The War Is Over,2025.0,Documentary,Documentary,Documentary,AU,en,ABC TV,Mint Pictures,False,,,False,WHEN THE WAR IS OVER,same TMDB title,2.0,2.0,,,,0.4,0.4,,,,0.28350000000000003,0.28350000000000003,,,,19.0,19.0,,,,False,False,True,True,False,False,True,False
movie:1479945,1479945.0,movie,Wicked: One Wonderful Night,2025.0,Music,Music,Film,US,en,,Fulwell Entertainment,False,,,False,WICKED: ONE WONDERFUL NIGHT,same TMDB title,,1.0,,,,,0.467,,,,,0.467,,,,,17.0,,,,False,False,False,True,False,False,True,True
movie:1720145,1720145.0,movie,Wogball: Australia's Beautiful Game,2026.0,Documentary,Documentary,Film,AU,en,,,False,,,False,WOGBALL: AUSTRALIA’S BEAUTIFUL GAME,same TMDB title,,1.0,,,,,0.467,,,,,0.467,,,,,17.0,,,,False,False,False,True,False,False,True,False
movie:1198984,1198984.0,movie,We Bury the Dead,2026.0,Horror,Horror|Thriller,Film,US,en,,Campfire Studios|Gramercy Park Media|Lotterywest|ScreenWest|Screen Australia|The Penguin Empire,False,,,False,We Bury the Dead,same TMDB title,,,1.0,,,,,0.2,,,,,0.2,,,,,9.0,,,False,False,False,False,True,False,True,True
tv:119051,119051.0,tv,Wednesday,2022.0,Sci-Fi & Fantasy,Sci-Fi & Fantasy|Mystery|Comedy,Scripted series,US,en,Netflix,MGM Television|Millar Gough Ink|Toluca Pictures|Tim Burton Productions,False,,,False,Wednesday,same TMDB title,,,1.0,,,,,0.3,,,,,0.3,,,,,8.0,,,False,False,False,False,True,False,True,True
movie:9029,9029.0,movie,What Happens in Vegas,2008.0,Comedy,Comedy|Romance,Film,US,en,,Penn Station Entertainment|Regency Enterprises|21 Laps Entertainment|Dune Entertainment III|Mosaic Media Group|20th Century Fox|Monarchy Enterprises B.V.,False,,,False,What Happens in Vegas,same TMDB title,,,2.0,,,,,0.4,,,,,0.25,,,,,7.0,,,False,False,False,False,True,False,True,True
movie:402431,402431.0,movie,Wicked,2024.0,Drama,Drama|Romance|Fantasy,Film,US,en,,Universal Pictures|Marc Platt Productions,True,Universal Pictures,,False,Wicked,same TMDB title,,,1.0,,,,,0.3,,,,,0.3,,,,,8.0,,,False,False,False,False,True,False,True,True
movie:1377352,1377352.0,movie,With or Without You,2025.0,Drama,Drama,Film,AU,en,,Carolyn Johnson Films|SixtyFourSixty,False,,,False,With or Without You,same TMDB title,,,1.0,,,,,0.5,,,,,0.5,,,,,6.0,,,False,False,False,False,True,False,True,False
movie:400157,400157.0,movie,Wonder Park,2019.0,Comedy,Comedy|Animation|Adventure|Family|Fantasy,Animated film,US,en,,Nickelodeon Movies|Paramount Animation|Ilion Animation Studios|Paramount Pictures,False,,,False,Wonder Park,same TMDB title,,,2.0,,,,,0.4,,,,,0.25,,,,,7.0,,,False,False,False,False,True,False,True,True
movie:1400923,1400923.0,movie,"You, Always",2026.0,Comedy,Comedy|Romance,Film,AU,en,,Jaggi Entertainment|Screen Queensland,False,,,False,"You, Always",same TMDB title,,,2.0,,,,,0.5,,,,,0.4,,,,,6.0,,,False,False,False,False,True,False,True,False
tv:62117,62117.0,tv,Younger,2015.0,Drama,Drama|Comedy,Scripted series,US,en,TV Land|Paramount+,Jax Media|Darren Star Productions,False,,,False,Younger,same TMDB title,,,4.0,,,,,0.6,,,,,0.32857142857142857,,,,,5.0,,,False,False,False,False,True,False,True,True
tv:240456,240456.0,tv,The Count of Monte Cristo,2025.0,Action & Adventure,Action & Adventure|Drama,Scripted limited series,IT,it,Rai 1,Palomar|DEMD Productions|Rai Fiction|France Télévisions,False,,,False,COUNT OF MONTE CRISTO,same TMDB title,,1.0,,,,,0.733,,,,,0.733,,,,,9.0,,,,False,False,False,True,False,False,True,False
movie:1713222,1713222.0,movie,Madonna + Graham,2026.0,Documentary,Documentary,Film,GB,en,,So Television|BBC Studios Music Productions,False,,,False,MADONNA & GRAHAM,same TMDB title,,1.0,,,,,0.1,,,,,0.1,,,,,28.0,,,,False,False,False,True,False,False,True,False
movie:1601328,1601328.0,movie,Christmas with Delta 2025,,Music,Music,Film,AU,en,,,False,,,False,CHRISTMAS WITH DELTA,same TMDB title,2.0,2.0,,,,0.6,0.767,,,,0.55,0.7,,,,13.0,8.0,,,,False,False,True,True,False,False,True,False
movie:1402614,1402614.0,movie,Holidays in the Sun,1997.0,Unknown,,Film,GB,en,,,False,,,False,HOLIDAYS IN THE,same TMDB title,,1.0,,,,,0.333,,,,,0.333,,,,,21.0,,,,False,False,False,True,False,False,True,False
tv:260867,260867.0,tv,Beyond The Dream,2024.0,Reality,Reality|Documentary,Reality / unscripted,AU,en,,,False,,,False,BEYOND THE DREAM: ICE BREAKERS,same TMDB title,,1.0,,,,,0.5,,,,,0.5,,,,,16.0,,,,False,False,False,True,False,False,True,False
tv:990,990.0,tv,Big Brother,2001.0,Reality,Reality,Reality / unscripted,AU,en,10|Nine Network|Seven Network,EndemolShine Australia|Southern Star Entertainment,False,,,False,BIG BROTHER AUSTRALIA,same TMDB title,5.0,5.0,,,,0.8,0.967,,,,0.74,0.9134,,,,7.0,2.0,,,,False,False,True,True,False,False,True,False
movie:1246049,1246049.0,movie,Dracula,2025.0,Horror,Horror|Fantasy|Romance,Film,FR,fr,,EuropaCorp|TF1 Films Production|SND|Kinology|Actarus Productions|LBP,False,,,False,Dracula: A Love Tale,same TMDB title,,,2.0,,,,,0.6,,,,,0.4,,,,,5.0,,,False,False,False,False,True,False,True,False
movie:980489,980489.0,movie,Gran Turismo,2023.0,Adventure,Adventure|Drama|Action,Film,US,en,,PlayStation Productions|2.0 Entertainment|Columbia Pictures,False,,,False,Gran Turismo: Based on a True Story,same TMDB title,,,2.0,,,,,0.5,,,,,0.45,,,,,6.0,,,False,False,False,False,True,False,True,True
tv:39265,39265.0,tv,Long Lost Family,2011.0,Documentary,Documentary|Family,Documentary,GB,en,ITV1,Wall to Wall|Shed Media,False,,,False,LONG LOST FAMILY: SHIPPED TO AUSTRALIA,same TMDB title,1.0,1.0,,,,0.233,0.2,,,,0.233,0.2,,,,24.0,25.0,,,,False,False,True,True,False,False,True,False
tv:39208,39208.0,tv,RBT.AU,2010.0,Documentary,Documentary,Documentary,AU,en,Nine Network,,False,,,False,RBT,same TMDB title,12.0,14.0,,,,0.433,0.6,,,,0.1749166666666667,0.26435714285714285,,,,18.0,13.0,,,,False,False,True,True,False,False,True,False
tv:197193,197193.0,tv,The Reckoning,2023.0,Crime,Crime|Drama,Scripted limited series,GB,en,BBC One,ITV Studios,False,,,False,THE RECKONING: INSIDE THE EPSTEIN FILES,same TMDB title,1.0,1.0,,,,0.533,0.7,,,,0.533,0.7,,,,15.0,10.0,,,,False,False,True,True,False,False,True,False
tv:212457,212457.0,tv,The Traitors,2022.0,Reality,Reality,Reality / unscripted,AU,en,10,EndemolShine Australia,False,,,False,THE TRAITORS AUSTRALIA,same TMDB title,6.0,6.0,,,,0.6,0.867,,,,0.4721666666666667,0.7835000000000001,,,,13.0,5.0,,,,False,False,True,True,False,False,True,False
tv:207863,207863.0,tv,Mayfair Witches,2023.0,Drama,Drama|Sci-Fi & Fantasy,Scripted series,US,en,AMC,AMC Studios|Gran Via Productions|Round Two Productions|Pali Eyes Pictures,False,,,False,Anne Rice's Mayfair Witches,same TMDB title,,,2.0,,,,,0.5,,,,,0.4,,,,,6.0,,,False,False,False,False,True,False,True,True
movie:1582770,1582770.0,movie,Dhurandhar: The Revenge,2026.0,Action,Action|Crime|Thriller,Film,IN,hi,,Jio Studios|B62 Studios,False,,,False,Dhurandhar The Revenge (Raw & Undekha),same TMDB title,,,1.0,,,,,0.3,,,,,0.3,,,,,8.0,,,False,False,False,False,True,False,True,False
movie:1511502,1511502.0,movie,Jimmy Barnes: Working Class Man,2025.0,Documentary,Documentary|Music,Film,AU,en,,Cordell Jigsaw Zapruder|Seven News Australia|Channel 7,False,,,False,WORKING CLASS MAN,same TMDB title,1.0,1.0,,,,0.3,0.533,,,,0.3,0.533,,,,22.0,15.0,,,,False,False,True,True,False,False,True,False
movie:1500516,1500516.0,movie,Not Only Fred Dagg But Also John Clarke,2025.0,Documentary,Documentary,Film,AU,en,,Retaining Wall Productions,False,,,False,BUT ALSO JOHN CLARKE,same TMDB title,1.0,1.0,,,,0.667,0.667,,,,0.667,0.667,,,,11.0,11.0,,,,False,False,True,True,False,False,True,False
movie:73723,73723.0,movie,The Lorax,2012.0,Animation,Animation|Family,Animated film,US,en,,Illumination|dentsu,True,Illumination,,False,Dr. Seuss' The Lorax,same TMDB title,,,1.0,,,,,0.1,,,,,0.1,,,,,10.0,,,False,False,False,False,True,False,True,True
tv:2727,2727.0,tv,Border Security: Australia's Front Line,2004.0,Documentary,Documentary|Crime|Drama|Reality,Reality / unscripted,AU,en,Seven Network,,False,,,False,BORDER SECURITY | BORDER SECURITY: INTERNATIONAL,same TMDB title,4.0,3.0,,,,0.4,0.5,,,,0.25,0.25566666666666665,,,,19.0,16.0,,,,False,False,True,True,False,False,True,False
tv:284753,284753.0,tv,Operation Safed Sagar: The Untold Story of the Kargil War,2026.0,Drama,Drama,Scripted series,IN,hi,Netflix,Matchbox Shots|Feel Good Films,False,,,False,Operation Safed Sagar: The Highest Air Force Mission,same TMDB title,,,1.0,,,,,0.2,,,,,0.2,,,,,9.0,,,False,False,False,False,True,False,True,False
