title,markets,sources,category,tmdb_id,media_type,tmdb_name,match_score,year,genres,primary_genre,format,origin_country,original_language,networks,production_companies,nbcu_studio,nbcu_network,is_nbcu,nbcu_check_rights
10 Things I Hate About You,US,netflix,programming,4951.0,movie,10 Things I Hate About You,100.0,1999.0,Comedy|Romance|Drama,Comedy,Film,US,en,,Mad Chance|Jaret Entertainment,,,False,False
11.22.63,US,netflix,programming,64464.0,tv,11.22.63,100.0,2016.0,Drama|Sci-Fi & Fantasy,Drama,Scripted limited series,US,en,Hulu,Warner Bros. Television|Bad Robot|Carpenter B.,,,False,False
180,AU|US,netflix,programming,1659087.0,movie,180,100.0,2026.0,Thriller|Crime|Drama|TV Movie,Thriller,Film,ZA,en,,Ten30 Pictures,,,False,False
2 Broke Girls,AU,netflix,programming,39340.0,tv,2 Broke Girls,100.0,2011.0,Comedy,Comedy,Scripted series,US,en,CBS,Michael Patrick King Productions,,,False,False
2025 STATE CUP CHAMPIONSHIP GRAND FINAL,AU,voz,news/sport/live,,,,,,,,,,,,,,,,
2025: THE YEAR THAT WAS,AU,voz,excluded by review,307664.0,tv,2025爱奇艺尖叫之夜,80.0,2025.0,Reality,Reality,Reality / unscripted,CN,zh,,iQIYI,,,False,False
2026 AFL BROWNLOW MEDAL,AU,voz,news/sport/live,,,,,,,,,,,,,,,,
2026 AUSTRALIAN OPEN D1,AU,voz,no TMDB result,,,,0.0,,,,,,,,,,,,
2026 AUSTRALIAN OPEN D10,AU,voz,no TMDB result,,,,0.0,,,,,,,,,,,,
2026 AUSTRALIAN OPEN D11,AU,voz,no TMDB result,,,,0.0,,,,,,,,,,,,
2026 AUSTRALIAN OPEN D12,AU,voz,no TMDB result,,,,0.0,,,,,,,,,,,,
2026 AUSTRALIAN OPEN D13,AU,voz,no TMDB result,,,,0.0,,,,,,,,,,,,
2026 AUSTRALIAN OPEN D14,AU,voz,no TMDB result,,,,0.0,,,,,,,,,,,,
2026 AUSTRALIAN OPEN D15,AU,voz,no TMDB result,,,,0.0,,,,,,,,,,,,
2026 AUSTRALIAN OPEN D2,AU,voz,no TMDB result,,,,0.0,,,,,,,,,,,,
2026 AUSTRALIAN OPEN D3,AU,voz,no TMDB result,,,,0.0,,,,,,,,,,,,
2026 AUSTRALIAN OPEN D4,AU,voz,no TMDB result,,,,0.0,,,,,,,,,,,,
2026 AUSTRALIAN OPEN D5,AU,voz,no TMDB result,,,,0.0,,,,,,,,,,,,
2026 AUSTRALIAN OPEN D6,AU,voz,no TMDB result,,,,0.0,,,,,,,,,,,,
2026 AUSTRALIAN OPEN D7,AU,voz,no TMDB result,,,,0.0,,,,,,,,,,,,
2026 AUSTRALIAN OPEN D8,AU,voz,no TMDB result,,,,0.0,,,,,,,,,,,,
2026 AUSTRALIAN OPEN D9,AU,voz,no TMDB result,,,,0.0,,,,,,,,,,,,
2026 FIFA WORLD CUP 3RD PLACE: FRA V ENG LIVE,AU,voz,news/sport/live,,,,,,,,,,,,,,,,
2026 FIFA WORLD CUP 3RD PLACE: FRA V ENG POST-MATCH,AU,voz,news/sport/live,,,,,,,,,,,,,,,,
2026 FIFA WORLD CUP 3RD PLACE: FRA V ENG PRE-MATCH,AU,voz,news/sport/live,,,,,,,,,,,,,,,,
2026 FIFA WORLD CUP FINAL: ESP V ARG LIVE,AU,voz,news/sport/live,,,,,,,,,,,,,,,,
2026 FIFA WORLD CUP FINAL: ESP V ARG POST-MATCH,AU,voz,news/sport/live,,,,,,,,,,,,,,,,
2026 FIFA WORLD CUP FINAL: ESP V ARG PRE-MATCH,AU,voz,news/sport/live,,,,,,,,,,,,,,,,
2026 FIFA WORLD CUP QF: ARG V SUI LIVE,AU,voz,news/sport/live,,,,,,,,,,,,,,,,
2026 FIFA WORLD CUP QF: ARG V SUI POST-MATCH,AU,voz,news/sport/live,,,,,,,,,,,,,,,,
2026 FIFA WORLD CUP QF: ARG V SUI PRE-MATCH,AU,voz,news/sport/live,,,,,,,,,,,,,,,,
2026 FIFA WORLD CUP QF: ESP V BEL LIVE,AU,voz,news/sport/live,,,,,,,,,,,,,,,,
2026 FIFA WORLD CUP QF: ESP V BEL POST-MATCH,AU,voz,news/sport/live,,,,,,,,,,,,,,,,
2026 FIFA WORLD CUP QF: FRA V MAR LIVE,AU,voz,news/sport/live,,,,,,,,,,,,,,,,
2026 FIFA WORLD CUP QF: FRA V MAR POST-MATCH,AU,voz,news/sport/live,,,,,,,,,,,,,,,,
2026 FIFA WORLD CUP QF: NOR V ENG LIVE,AU,voz,news/sport/live,,,,,,,,,,,,,,,,
2026 FIFA WORLD CUP QF: NOR V ENG POST-MATCH,AU,voz,news/sport/live,,,,,,,,,,,,,,,,
2026 FIFA WORLD CUP QF: NOR V ENG PRE-MATCH,AU,voz,news/sport/live,,,,,,,,,,,,,,,,
2026 FIFA WORLD CUP SF: ENG V ARG LIVE,AU,voz,news/sport/live,,,,,,,,,,,,,,,,
2026 FIFA WORLD CUP SF: ENG V ARG POST-MATCH,AU,voz,news/sport/live,,,,,,,,,,,,,,,,
2026 FIFA WORLD CUP SF: FRA V ESP LIVE,AU,voz,news/sport/live,,,,,,,,,,,,,,,,
2026 FIFA WORLD CUP SF: FRA V ESP POST-MATCH,AU,voz,news/sport/live,,,,,,,,,,,,,,,,
2026 FIFA WORLD CUP: ARG V ALG LIVE,AU,voz,news/sport/live,,,,,,,,,,,,,,,,
2026 FIFA WORLD CUP: ARG V ALG POST-MATCH,AU,voz,news/sport/live,,,,,,,,,,,,,,,,
2026 FIFA WORLD CUP: ARG V ALG PRE-MATCH,AU,voz,news/sport/live,,,,,,,,,,,,,,,,
2026 FIFA WORLD CUP: ARG V CPV LIVE,AU,voz,news/sport/live,,,,,,,,,,,,,,,,
2026 FIFA WORLD CUP: ARG V CPV POST-MATCH,AU,voz,news/sport/live,,,,,,,,,,,,,,,,
2026 FIFA WORLD CUP: ARG V CPV PRE-MATCH,AU,voz,news/sport/live,,,,,,,,,,,,,,,,
2026 FIFA WORLD CUP: ARG V EGY LIVE,AU,voz,news/sport/live,,,,,,,,,,,,,,,,
2026 FIFA WORLD CUP: AUS V EGY LIVE,AU,voz,news/sport/live,,,,,,,,,,,,,,,,
2026 FIFA WORLD CUP: AUS V EGY POST-MATCH,AU,voz,news/sport/live,,,,,,,,,,,,,,,,
2026 FIFA WORLD CUP: AUS V TUR LIVE,AU,voz,news/sport/live,,,,,,,,,,,,,,,,
2026 FIFA WORLD CUP: AUS V TUR POST-MATCH,AU,voz,news/sport/live,,,,,,,,,,,,,,,,
2026 FIFA WORLD CUP: AUS V TUR PRE-MATCH,AU,voz,news/sport/live,,,,,,,,,,,,,,,,
2026 FIFA WORLD CUP: AUT V JOR LIVE,AU,voz,news/sport/live,,,,,,,,,,,,,,,,
2026 FIFA WORLD CUP: BEL V SEN LIVE,AU,voz,news/sport/live,,,,,,,,,,,,,,,,
2026 FIFA WORLD CUP: BEL V SEN POST-MATCH,AU,voz,news/sport/live,,,,,,,,,,,,,,,,
2026 FIFA WORLD CUP: BRA V HAI LIVE,AU,voz,news/sport/live,,,,,,,,,,,,,,,,
2026 FIFA WORLD CUP: BRA V JPN LIVE,AU,voz,news/sport/live,,,,,,,,,,,,,,,,
2026 FIFA WORLD CUP: BRA V MAR LIVE,AU,voz,news/sport/live,,,,,,,,,,,,,,,,
2026 FIFA WORLD CUP: BRA V MAR POST-MATCH,AU,voz,news/sport/live,,,,,,,,,,,,,,,,
2026 FIFA WORLD CUP: BRA V MAR PRE-MATCH,AU,voz,news/sport/live,,,,,,,,,,,,,,,,
2026 FIFA WORLD CUP: BRA V NOR LIVE,AU,voz,news/sport/live,,,,,,,,,,,,,,,,
2026 FIFA WORLD CUP: BRA V NOR POST-MATCH,AU,voz,news/sport/live,,,,,,,,,,,,,,,,
2026 FIFA WORLD CUP: CAN V BIH LIVE,AU,voz,news/sport/live,,,,,,,,,,,,,,,,
2026 FIFA WORLD CUP: CAN V QAT LIVE,AU,voz,news/sport/live,,,,,,,,,,,,,,,,
2026 FIFA WORLD CUP: CIV V ECU LIVE,AU,voz,news/sport/live,,,,,,,,,,,,,,,,
2026 FIFA WORLD CUP: COL V COD LIVE,AU,voz,news/sport/live,,,,,,,,,,,,,,,,
2026 FIFA WORLD CUP: COL V GHA LIVE,AU,voz,news/sport/live,,,,,,,,,,,,,,,,
2026 FIFA WORLD CUP: COL V GHA PRE-MATCH,AU,voz,news/sport/live,,,,,,,,,,,,,,,,
2026 FIFA WORLD CUP: COL V POR LIVE,AU,voz,news/sport/live,,,,,,,,,,,,,,,,
2026 FIFA WORLD CUP: COL V POR PRE-MATCH,AU,voz,news/sport/live,,,,,,,,,,,,,,,,
2026 FIFA WORLD CUP: ECU V GER LIVE,AU,voz,news/sport/live,,,,,,,,,,,,,,,,
2026 FIFA WORLD CUP: ENG V CRO LIVE,AU,voz,news/sport/live,,,,,,,,,,,,,,,,
2026 FIFA WORLD CUP: ENG V CRO POST-MATCH,AU,voz,news/sport/live,,,,,,,,,,,,,,,,
2026 FIFA WORLD CUP: ENG V GHA LIVE,AU,voz,news/sport/live,,,,,,,,,,,,,,,,
2026 FIFA WORLD CUP: ENG V GHA POST-MATCH,AU,voz,news/sport/live,,,,,,,,,,,,,,,,
2026 FIFA WORLD CUP: FRA V IRQ WEATHER DELAY,AU,voz,news/sport/live,,,,,,,,,,,,,,,,
2026 FIFA WORLD CUP: FRA V SEN LIVE,AU,voz,news/sport/live,,,,,,,,,,,,,,,,
2026 FIFA WORLD CUP: FRA V SWE LIVE,AU,voz,news/sport/live,,,,,,,,,,,,,,,,
2026 FIFA WORLD CUP: FRA V SWE POST-MATCH,AU,voz,news/sport/live,,,,,,,,,,,,,,,,
2026 FIFA WORLD CUP: GER V PAR LIVE,AU,voz,news/sport/live,,,,,,,,,,,,,,,,
2026 FIFA WORLD CUP: GER V PAR POST-MATCH,AU,voz,news/sport/live,,,,,,,,,,,,,,,,
2026 FIFA WORLD CUP: GHA V PAN LIVE,AU,voz,news/sport/live,,,,,,,,,,,,,,,,
2026 FIFA WORLD CUP: HAI V SCO LIVE,AU,voz,news/sport/live,,,,,,,,,,,,,,,,
2026 FIFA WORLD CUP: HAI V SCO PRE-MATCH,AU,voz,news/sport/live,,,,,,,,,,,,,,,,
2026 FIFA WORLD CUP: IRN V NZL LIVE,AU,voz,news/sport/live,,,,,,,,,,,,,,,,
2026 FIFA WORLD CUP: IRQ V NOR LIVE,AU,voz,news/sport/live,,,,,,,,,,,,,,,,
2026 FIFA WORLD CUP: JOR V ARG LIVE,AU,voz,news/sport/live,,,,,,,,,,,,,,,,
2026 FIFA WORLD CUP: JOR V ARG PRE-MATCH,AU,voz,news/sport/live,,,,,,,,,,,,,,,,
2026 FIFA WORLD CUP: JPN V SWE LIVE,AU,voz,news/sport/live,,,,,,,,,,,,,,,,
2026 FIFA WORLD CUP: KOR V CZE LIVE,AU,voz,news/sport/live,,,,,,,,,,,,,,,,
2026 FIFA WORLD CUP: KSA V URU LIVE,AU,voz,news/sport/live,,,,,,,,,,,,,,,,
2026 FIFA WORLD CUP: MEX V ECU LIVE,AU,voz,news/sport/live,,,,,,,,,,,,,,,,
2026 FIFA WORLD CUP: MEX V ENG LIVE,AU,voz,news/sport/live,,,,,,,,,,,,,,,,
2026 FIFA WORLD CUP: MEX V ENG POST-MATCH,AU,voz,news/sport/live,,,,,,,,,,,,,,,,
2026 FIFA WORLD CUP: MEX V ENG PRE-MATCH,AU,voz,news/sport/live,,,,,,,,,,,,,,,,
2026 FIFA WORLD CUP: MEX V KOR LIVE,AU,voz,news/sport/live,,,,,,,,,,,,,,,,
2026 FIFA WORLD CUP: MEX V RSA LIVE,AU,voz,news/sport/live,,,,,,,,,,,,,,,,
2026 FIFA WORLD CUP: NED V JPN LIVE,AU,voz,news/sport/live,,,,,,,,,,,,,,,,
2026 FIFA WORLD CUP: NED V MAR LIVE,AU,voz,news/sport/live,,,,,,,,,,,,,,,,
2026 FIFA WORLD CUP: NED V MAR POST-MATCH,AU,voz,news/sport/live,,,,,,,,,,,,,,,,
2026 FIFA WORLD CUP: NOR V SEN LIVE,AU,voz,news/sport/live,,,,,,,,,,,,,,,,
2026 FIFA WORLD CUP: NZL V BEL LIVE,AU,voz,news/sport/live,,,,,,,,,,,,,,,,
2026 FIFA WORLD CUP: NZL V EGY LIVE,AU,voz,news/sport/live,,,,,,,,,,,,,,,,
2026 FIFA WORLD CUP: PAN V CRO LIVE,AU,voz,news/sport/live,,,,,,,,,,,,,,,,
2026 FIFA WORLD CUP: PAN V ENG LIVE,AU,voz,news/sport/live,,,,,,,,,,,,,,,,
2026 FIFA WORLD CUP: PAR V AUS LIVE,AU,voz,news/sport/live,,,,,,,,,,,,,,,,
2026 FIFA WORLD CUP: PAR V AUS POST-MATCH,AU,voz,news/sport/live,,,,,,,,,,,,,,,,
2026 FIFA WORLD CUP: PAR V AUS PRE-MATCH,AU,voz,news/sport/live,,,,,,,,,,,,,,,,
2026 FIFA WORLD CUP: PAR V FRA LIVE,AU,voz,news/sport/live,,,,,,,,,,,,,,,,
2026 FIFA WORLD CUP: PAR V FRA POST-MATCH,AU,voz,news/sport/live,,,,,,,,,,,,,,,,
2026 FIFA WORLD CUP: POR V CRO LIVE,AU,voz,news/sport/live,,,,,,,,,,,,,,,,
2026 FIFA WORLD CUP: POR V CRO POST-MATCH,AU,voz,news/sport/live,,,,,,,,,,,,,,,,
2026 FIFA WORLD CUP: POR V ESP LIVE,AU,voz,news/sport/live,,,,,,,,,,,,,,,,
2026 FIFA WORLD CUP: POR V ESP POST-MATCH,AU,voz,news/sport/live,,,,,,,,,,,,,,,,
2026 FIFA WORLD CUP: SCO V BRA LIVE,AU,voz,news/sport/live,,,,,,,,,,,,,,,,
2026 FIFA WORLD CUP: SCO V MAR LIVE,AU,voz,news/sport/live,,,,,,,,,,,,,,,,
2026 FIFA WORLD CUP: SCO V MAR POST-MATCH,AU,voz,news/sport/live,,,,,,,,,,,,,,,,
2026 FIFA WORLD CUP: SCO V MAR PRE-MATCH,AU,voz,news/sport/live,,,,,,,,,,,,,,,,
2026 FIFA WORLD CUP: SUI V ALG LIVE,AU,voz,news/sport/live,,,,,,,,,,,,,,,,
2026 FIFA WORLD CUP: SUI V COL LIVE,AU,voz,news/sport/live,,,,,,,,,,,,,,,,
2026 FIFA WORLD CUP: SUI V COL POST-MATCH,AU,voz,news/sport/live,,,,,,,,,,,,,,,,
2026 FIFA WORLD CUP: SWE V TUN LIVE,AU,voz,news/sport/live,,,,,,,,,,,,,,,,
2026 FIFA WORLD CUP: TUN V JPN LIVE,AU,voz,news/sport/live,,,,,,,,,,,,,,,,
2026 FIFA WORLD CUP: TUR V PAR LIVE,AU,voz,news/sport/live,,,,,,,,,,,,,,,,
2026 FIFA WORLD CUP: URU V CPV LIVE,AU,voz,news/sport/live,,,,,,,,,,,,,,,,
2026 FIFA WORLD CUP: URU V ESP LIVE,AU,voz,news/sport/live,,,,,,,,,,,,,,,,
2026 FIFA WORLD CUP: URU V ESP POST-MATCH,AU,voz,news/sport/live,,,,,,,,,,,,,,,,
2026 FIFA WORLD CUP: USA V AUS LIVE,AU,voz,news/sport/live,,,,,,,,,,,,,,,,
2026 FIFA WORLD CUP: USA V AUS POST-MATCH,AU,voz,news/sport/live,,,,,,,,,,,,,,,,
2026 FIFA WORLD CUP: USA V BEL LIVE,AU,voz,news/sport/live,,,,,,,,,,,,,,,,
2026 FIFA WORLD CUP: USA V BEL POST-MATCH,AU,voz,news/sport/live,,,,,,,,,,,,,,,,
2026 FIFA WORLD CUP: USA V BIH LIVE,AU,voz,news/sport/live,,,,,,,,,,,,,,,,
2026 FIFA WORLD CUP: USA V BIH POST-MATCH,AU,voz,news/sport/live,,,,,,,,,,,,,,,,
2026 FIFA WORLD CUP: USA V PAR LIVE,AU,voz,news/sport/live,,,,,,,,,,,,,,,,
2026 FIFA WORLD CUP: USA V PAR POST-MATCH,AU,voz,news/sport/live,,,,,,,,,,,,,,,,
2026 FIFA WORLD CUP: USA V PAR PRE-MATCH,AU,voz,news/sport/live,,,,,,,,,,,,,,,,
2026 FIFA WORLD CUP: UZB V COL LIVE,AU,voz,news/sport/live,,,,,,,,,,,,,,,,
2026 UNITED CUP D10,AU,voz,news/sport/live,,,,,,,,,,,,,,,,
2026 UNITED CUP D2,AU,voz,news/sport/live,,,,,,,,,,,,,,,,
2026 UNITED CUP D5,AU,voz,news/sport/live,,,,,,,,,,,,,,,,
2026 UNITED CUP D8,AU,voz,news/sport/live,,,,,,,,,,,,,,,,
21 Jump Street,AU,netflix,programming,64688.0,movie,21 Jump Street,100.0,2012.0,Action|Comedy|Crime,Action,Film,US,en,,Columbia Pictures|Relativity Media|Original Film|Metro-Goldwyn-Mayer|Stephen J. Cannell Productions|SJC Studios,,,False,False
22 Jump Street,AU,netflix,programming,187017.0,movie,22 Jump Street,100.0,2014.0,Crime|Comedy|Action,Crime,Film,US,en,,Columbia Pictures|Original Film|MRC|Metro-Goldwyn-Mayer|Cannell Studios|JHF Productions|33andOut Productions,,,False,False
27 Dresses,AU,netflix,programming,6557.0,movie,27 Dresses,100.0,2008.0,Comedy|Romance,Comedy,Film,US,en,,Fox 2000 Pictures|Spyglass Entertainment|Dune Entertainment III,,,False,False
28 Years Later: The Bone Temple,US,netflix,programming,1272837.0,movie,28 Years Later: The Bone Temple,100.0,2026.0,Horror|Thriller|Science Fiction,Horror,Film,GB,en,,Columbia Pictures|TSG Entertainment|DNA Films,,,False,False
5lbs of Pressure,US,netflix,programming,1079346.0,movie,5lbs of Pressure,100.0,2024.0,Thriller|Crime|Romance|TV Movie,Thriller,Film,US,en,,Tetrad Productions|Make Things Work|Dark Dreams Entertainment|Paint Night Productions|Studio507|SHFT|Intrinsic Value Films,,,False,False
60 MINUTES,AU,voz,news/sport/live,,,,,,,,,,,,,,,,
7.30,AU,voz,news/sport/live,,,,,,,,,,,,,,,,
70 YEARS OF TELEVISION,AU,voz,no TMDB result,,,,0.0,,,,,,,,,,,,
72 HOURS,AU|US,netflix,programming,949838.0,movie,72 HOURS,100.0,2026.0,Comedy|Crime,Comedy,Film,US,en,,Sony Pictures|Davis Entertainment|Counterbalance Entertainment|HartBeat Productions|Will Packer Productions|The Story Company,,,False,False
7NEWS SPOTLIGHT,AU,voz,news/sport/live,,,,,,,,,,,,,,,,
7NEWS SPOTLIGHT SUMMER,AU,voz,news/sport/live,,,,,,,,,,,,,,,,
9 to 5,US,netflix,programming,1280053.0,movie,9 to 5,100.0,,Comedy|Drama,Comedy,Film,US,en,,Echo Films|20th Century Studios,,,False,False
9-1-1,AU,voz,programming,75219.0,tv,9-1-1,100.0,2018.0,Drama|Crime|Action & Adventure,Drama,Scripted series,US,en,ABC|FOX,Ryan Murphy Television|Ream Works|Brad Falchuk Teley-vision|20th Century Fox Television|20th Television,,,False,False
9NEWS,AU,voz,news/sport/live,,,,,,,,,,,,,,,,
9NEWS AFTERNOON,AU,voz,news/sport/live,,,,,,,,,,,,,,,,
9NEWS LATE,AU,voz,news/sport/live,,,,,,,,,,,,,,,,
9NEWS MORNING,AU,voz,news/sport/live,,,,,,,,,,,,,,,,
9NEWS SATURDAY,AU,voz,news/sport/live,,,,,,,,,,,,,,,,
9NEWS SUNDAY,AU,voz,news/sport/live,,,,,,,,,,,,,,,,
9NEWS: FIRST AT FIVE,AU,voz,news/sport/live,,,,,,,,,,,,,,,,
A CURRENT AFFAIR,AU,voz,news/sport/live,,,,,,,,,,,,,,,,
A Child of My Own,US,netflix,programming,1616131.0,movie,A Child of My Own,100.0,2026.0,Documentary,Documentary,Film,MX,es,,Micromundo Producciones|Gato Grande Productions,,,False,False
A Cowboy Christmas Romance,US,netflix,programming,1195473.0,movie,A Cowboy Christmas Romance,100.0,2023.0,TV Movie|Comedy|Romance,TV Movie,Film,US,en,,The Ninth House|Lifetime,,,False,False
A Different World,US,netflix,programming,115.0,tv,A Different World,100.0,1987.0,Comedy|Family,Comedy,Scripted series,US,en,NBC,Carsey-Werner Company|Bill Cosby,,NBC,False,True
A Father's Miracle,US,netflix,programming,1600028.0,movie,A Father's Miracle,100.0,2025.0,Drama,Drama,Film,MX,es,,The 42 Film|Secuoya Studios|Rock & Ruz|Black Sheep Productions,,,False,False
"A Friend, a Murderer",AU|US,netflix,programming,315755.0,tv,"A Friend, a Murderer",100.0,2026.0,Documentary|Crime,Documentary,Documentary,DK,da,Netflix,,,,False,False
A HOUSE OF DYNAMITE,AU|US,netflix,programming,1290159.0,movie,A House of Dynamite,100.0,2025.0,Thriller|Drama,Thriller,Film,US,en,,First Light|Prologue Entertainment|Kingsgate Films,,,False,False
A Line of Fire,US,netflix,programming,1367575.0,movie,A Line of Fire,100.0,2025.0,Action|Thriller,Action,Film,US,en,,Panoramic Pictures|Roaming Elephant Production|Shoofly Entertainment,,,False,False
A Man on the Inside,AU|US,netflix,programming,245312.0,tv,A Man on the Inside,100.0,2024.0,Comedy|Crime,Comedy,Scripted series,US,en,Netflix,Fremulon|3 Arts Entertainment|Micromundo|Motto Pictures|Universal Television|Dunshire Productions,Universal Television,,True,False
A Merry Little Ex-Mas,AU|US,netflix|nielsen,programming,1401318.0,movie,A Merry Little Ex-Mas,100.0,2025.0,Romance|Comedy,Romance,Film,US,en,,Hartbreak Films,,,False,False
A Minecraft Movie,AU,netflix,programming,950387.0,movie,A Minecraft Movie,100.0,2025.0,Family|Fantasy|Comedy|Adventure,Family,Film,US,en,,Warner Bros. Pictures|Legendary Pictures|Mojang Studios|Vertigo Entertainment|On the Roam|Domain Entertainment,,,False,False
A Quiet Place: Day One,AU|US,netflix,programming,762441.0,movie,A Quiet Place: Day One,100.0,2024.0,Horror|Science Fiction|Thriller,Horror,Film,US,en,,Paramount Pictures|Platinum Dunes|Sunday Night Productions,,,False,False
A Royal Winter,AU,netflix,programming,435107.0,movie,A Royal Winter,100.0,2017.0,TV Movie|Romance,TV Movie,Film,US,en,,Brad Krevoy Television|Motion Picture Corporation of America,,,False,False
A Toxic Love Story,AU|US,netflix,programming,1723460.0,movie,A Toxic Love Story,100.0,2026.0,Documentary,Documentary,Film,GB,en,,Curious Films,,,False,False
ABC NATIONAL FORUM,AU,voz,programming,316638.0,tv,ABC National Forum,100.0,2026.0,Talk,Talk,Talk / variety,AU,en,ABC TV,,,,False,False
ABC NATIONAL NEWS,AU,voz,news/sport/live,,,,,,,,,,,,,,,,
ABC NEWS,AU,voz,news/sport/live,,,,,,,,,,,,,,,,
ABC NEWS SUNDAY,AU,voz,news/sport/live,,,,,,,,,,,,,,,,
AFI Life Achievement Award: A Tribute to Eddie Murphy,US,netflix,excluded by review,23608.0,tv,The American Film Institute Salute to ...,38.0,1973.0,Reality,Reality,Reality / unscripted,US,en,TNT|Netflix,AFI,,,False,False
AFL: LEGENDS GAME FOR PROSTRATE CANCER,AU,voz,news/sport/live,,,,,,,,,,,,,,,,
AFL: THE BIG FREEZE @ THE G,AU,voz,news/sport/live,,,,,,,,,,,,,,,,
AL JAZEERA ENGLISH NEWS MORNING,AU,voz,news/sport/live,,,,,,,,,,,,,,,,
ALL CREATURES GREAT AND SMALL,AU,voz,programming,108255.0,tv,All Creatures Great & Small,100.0,2020.0,Drama|Comedy,Drama,Scripted series,GB,en,5,Playground Entertainment,,,False,False
ALONE AUSTRALIA,AU,voz,programming,223418.0,tv,Alone Australia,100.0,2023.0,Reality,Reality,Reality / unscripted,AU,en,SBS,ITV,,,False,False
ALWAYS WAS TONIGHT,AU,voz,programming,1622970.0,movie,Always Was Tonight,100.0,2026.0,,Unknown,Film,AU,en,,Australian Broadcasting Corporation,,,False,False
AMERICA'S SWEETHEARTS: Dallas Cowboys Cheerleaders,AU|US,netflix,programming,252257.0,tv,AMERICA'S SWEETHEARTS: Dallas Cowboys Cheerleaders,100.0,2024.0,Documentary,Documentary,Documentary,US,en,Netflix,One Potato Productions|Boardwalk Pictures|Campfire Studios,,,False,False
ANIMALS ABOARD WITH DR. HARRY,AU,voz,programming,230782.0,tv,Animals Aboard with Dr. Harry,100.0,2023.0,Documentary|Family|Reality,Documentary,Reality / unscripted,AU,en,Seven Network,Beyond Action,,,False,False
ANNABEL CRABB’S CIVIC DUTY,AU,voz,programming,304888.0,tv,Annabel Crabb's Civic Duty,100.0,2025.0,Documentary,Documentary,Documentary,AU,en,ABC TV,Australian Broadcasting Corporation,,,False,False
ANTIQUES ROADSHOW,AU,voz,programming,2042.0,tv,Antiques Roadshow,100.0,1979.0,Documentary|Family,Documentary,Documentary,GB,en,BBC One,BBC Studios Productions|BBC Studios Factual Entertainment Productions,,,False,False
ANZAC DAY NRL LIVE,AU,voz,news/sport/live,,,,,,,,,,,,,,,,
AO26,AU,voz,no TMDB result,,,,0.0,,,,,,,,,,,,
ART DETECTIVES,AU,voz,programming,272947.0,tv,Art Detectives,100.0,2025.0,Crime|Drama,Crime,Scripted series,US,en,Acorn TV,Black Dog Television|Acorn Media Enterprises|Dynamic Television,,,False,False
AUST FIA FORMULA ONE WORLD CHAMPIONSHIP 2026,AU,voz,news/sport/live,,,,,,,,,,,,,,,,
AUSTRALIAN CRIME STORIES: THE INVESTIGATORS,AU,voz,programming,270936.0,tv,Australian Crime Stories: The Investigators,100.0,2023.0,Crime|Documentary,Crime,Documentary,AU,en,Nine Network,,,,False,False
AUSTRALIAN IDOL,AU,voz,programming,4204.0,tv,Australian Idol,100.0,2003.0,Reality,Reality,Reality / unscripted,AU,en,10|Seven Network,,,,False,False
AUSTRALIAN OF THE YEAR 2026,AU,voz,no TMDB result,,,,0.0,,,,,,,,,,,,
AUSTRALIAN STORY,AU,voz,programming,12317.0,tv,Australian Story,100.0,1996.0,Documentary|News,Documentary,Documentary,AU,en,ABC TV,,,,False,False
AUSTRALIAN SURVIVOR,AU,voz,programming,10957.0,tv,Australian Survivor,100.0,2016.0,Reality,Reality,Reality / unscripted,AU,en,10,EndemolShine Australia,,,False,False
AUSTRALIAN SURVIVOR GRAND FINALE,AU,voz,news/sport/live,,,,,,,,,,,,,,,,
AUSTRALIA’S GREATEST CONMAN?,AU,voz,programming,314997.0,tv,Australia's Greatest Conman?,100.0,2026.0,Documentary|Crime,Documentary,Documentary,AU,en,SBS On Demand,,,,False,False
Aaron Chen: Funny Garden,AU,netflix,no TMDB result,,,,0.0,,,,,,,,,,,,
About My Father,US,netflix,programming,829051.0,movie,About My Father,100.0,2023.0,Comedy,Comedy,Film,US,en,,Lionsgate|Depth of Field|Media Capital Technologies,,,False,False
Absentia,AU|US,netflix,programming,72755.0,tv,Absentia,100.0,2017.0,Crime|Drama|Mystery,Crime,Scripted series,US,en,Prime Video|AXN,Masha Productions|Media Brat Productions|Bizu Productions,,,False,False
Accused,AU,netflix,programming,1389149.0,movie,Accused,100.0,2026.0,Thriller|Mystery|Drama,Thriller,Film,IN,hi,,Dharmatic Entertainment,,,False,False
Agatha Christie's Seven Dials,AU|US,netflix,programming,250505.0,tv,Agatha Christie's Seven Dials,100.0,2026.0,Mystery|Crime|Drama,Mystery,Scripted limited series,GB,en,Netflix,Agatha Christie|Imaginary Friends|Orchid Pictures,,,False,False
Age of Attraction,AU|US,netflix,programming,287390.0,tv,Age of Attraction,100.0,2026.0,Reality,Reality,Reality / unscripted,US,en,Netflix,Velvet Hammer Media,,,False,False
Agent Kim Reactivated,AU,netflix,programming,296206.0,tv,Agent Kim Reactivated,100.0,2026.0,Action & Adventure|Crime|Drama,Action & Adventure,Scripted limited series,KR,ko,SBS,Fantagio|Studio S,,,False,False
Aileen: Queen of the Serial Killers,AU|US,netflix,programming,1550569.0,movie,Aileen: Queen of the Serial Killers,100.0,2025.0,Documentary|Crime,Documentary,Film,GB,en,,BBC Studios Documentary Unit|NBC News Studios,NBC News Studios,,True,False
Alice,US,netflix,programming,714676.0,movie,Alice,100.0,2022.0,Thriller|Drama,Thriller,Film,US,en,,Steel Springs Pictures|Vertical|Roadside Attractions,,,False,False
Alice in Borderland,AU,netflix,programming,110316.0,tv,Alice in Borderland,100.0,2020.0,Mystery|Drama|Action & Adventure,Mystery,Scripted series,JP,ja,Netflix,Robot Communications,,,False,False
All Her Fault,US,nielsen,programming,246386.0,tv,All Her Fault,100.0,2025.0,Mystery|Crime,Mystery,Scripted limited series,GB,en,Sky Atlantic,Carnival Films|Universal International Studios,Carnival Films,Sky Atlantic,True,False
Alone,US,netflix,programming,63726.0,tv,Alone,100.0,2015.0,Reality,Reality,Reality / unscripted,US,en,History,Leftfield Pictures,,,False,False
Alpha,AU,netflix,programming,1122030.0,movie,Alpha,100.0,2026.0,Action|Thriller,Action,Film,IN,hi,,Yash Raj Films,,,False,False
Ambulance,US,netflix,programming,763285.0,movie,Ambulance,100.0,2022.0,Action|Crime|Drama|Thriller,Action,Film,US,en,,Bay Films|Endeavor Content|New Republic Pictures|Project X Entertainment|Universal Pictures,Universal Pictures,,True,False
American Godfathers: The Five Families,US,netflix,programming,260871.0,tv,American Godfathers: The Five Families,100.0,2024.0,Crime|Documentary,Crime,Documentary,US,en,History,History|Propagate Content|Barnicle Brothers,,,False,False
Americana,AU,netflix,programming,934456.0,movie,Americana,100.0,2025.0,Crime|Western|Comedy,Crime,Film,US,en,,Bron Studios|Creative Wealth Media Finance|Saks Picture Company|Rhea Films|Hercules Film Fund,,,False,False
Amish Stud: The Eli Weaver Story,US,netflix,programming,1174877.0,movie,Amish Stud: The Eli Weaver Story,100.0,2023.0,Drama|Thriller|Crime|TV Movie,Drama,Film,US,en,,Milojo Productions|Johnson Production Group|Lifetime,,,False,False
An Unexpected Valentine,US,netflix,programming,1414160.0,movie,An Unexpected Valentine,100.0,2025.0,TV Movie|Comedy|Romance,TV Movie,Film,US,en,,Front Street Pictures|Hallmark Media,,,False,False
Anaconda,US,netflix|nielsen,programming,1234731.0,movie,Anaconda,100.0,2025.0,Adventure|Comedy|Horror,Adventure,Film,US,en,,Fully Formed Entertainment|Columbia Pictures|TSG Entertainment,,,False,False
And So It Goes,US,netflix,programming,253235.0,movie,And So It Goes,100.0,2014.0,Comedy|Drama|Romance,Comedy,Film,US,en,,Castle Rock Entertainment|ASIG Productions|Envision Entertainment|Foresight Unlimited,,,False,False
Anne Rice's Mayfair Witches,AU,netflix,programming,207863.0,tv,Mayfair Witches,74.0,2023.0,Drama|Sci-Fi & Fantasy,Drama,Scripted series,US,en,AMC,AMC Studios|Gran Via Productions|Round Two Productions|Pali Eyes Pictures,,,False,False
Anyone But You,AU,netflix,programming,1072790.0,movie,Anyone but You,100.0,2023.0,Romance|Comedy,Romance,Film,US,en,,Olive Bridge Entertainment|Roth-Kirschenbaum Films|SK Global Entertainment|Columbia Pictures,,,False,False
Apex,AU|US,netflix,programming,1318447.0,movie,Apex,100.0,2026.0,Action|Thriller,Action,Film,US,en,,Chernin Entertainment|Ian Bryce Productions|Secret Menu|RVK Studios,,,False,False
Aquaman and the Lost Kingdom,US,netflix,programming,572802.0,movie,Aquaman and the Lost Kingdom,100.0,2023.0,Action|Adventure|Fantasy,Action,Film,US,en,,Warner Bros. Pictures|The Safran Company|Atomic Monster|DC Films|Domain Entertainment,,,False,False
Arthur the King,US,netflix,programming,618588.0,movie,Arthur the King,100.0,2024.0,Adventure|Drama,Adventure,Film,US,en,,Entertainment One|Tucker Tooley Entertainment|Municipal Pictures|Atmosphere Entertainment MM,,,False,False
At Home With The Furys,AU,netflix,programming,230939.0,tv,At Home with the Furys,100.0,2023.0,Reality|Family|Documentary,Reality,Reality / unscripted,GB,en,Netflix,,,,False,False
Avatar: The Last Airbender,AU|US,netflix,programming,82452.0,tv,Avatar: The Last Airbender,100.0,2024.0,Action & Adventure|Sci-Fi & Fantasy|Drama|Family,Action & Adventure,Scripted series,US,en,Netflix,Nickelodeon Productions|Rideback|Albert Kim Pictures,,,False,False
Awake,AU,netflix,programming,13483.0,movie,Awake,100.0,2007.0,Thriller|Crime|Mystery,Thriller,Film,US,en,,The Weinstein Company|Open City Films|GreeneStreet Films,,,False,False
BACK ROADS,AU,voz,programming,65405.0,tv,Back Roads,100.0,2015.0,Documentary,Documentary,Documentary,AU,en,ABC TV,Australian Broadcasting Corporation,,,False,False
BAD COMPANY,AU,voz,programming,317670.0,tv,Bad Company,100.0,2026.0,Comedy,Comedy,Scripted series,AU,en,ABC TV,,,,False,False
BANJO AND RO’S GRAND ISLAND HOTEL,AU,voz,programming,310044.0,tv,Banjo and Ro’s Grand Island Hotel,100.0,2026.0,Documentary,Documentary,Documentary,GB,en,BBC Scotland,Hello Halo,,,False,False
BEEF,AU|US,netflix,programming,154385.0,tv,BEEF,100.0,2023.0,Comedy|Drama,Comedy,Scripted series,US,en,Netflix,A24|Bugsy Bell Productions|Universal Remote|Domo Arigato Productions|Buji Productions|Celadon Pictures,,,False,False
BERGERAC,AU,voz,programming,1596.0,tv,Bergerac,100.0,1981.0,Drama,Drama,Scripted series,GB,en,BBC One,BBC TV,,,False,False
BETTER HOMES AND GARDENS,AU,voz,programming,4189.0,tv,Better Homes and Gardens,100.0,1996.0,,Unknown,Scripted series,AU,en,Seven Network,Channe 7 Australia,,,False,False
BETTER HOMES AND GARDENS SUMMER,AU,voz,no TMDB result,,,,0.0,,,,,,,,,,,,
BEYOND PARADISE,AU,voz,programming,205072.0,tv,Beyond Paradise,100.0,2023.0,Drama|Crime,Drama,Scripted series,GB,en,BBC One,Red Planet Pictures,,,False,False
BEYOND PARADISE: CHRISTMAS SPECIAL (2024),AU,voz,programming,205072.0,tv,Beyond Paradise,80.0,2023.0,Drama|Crime,Drama,Scripted series,GB,en,BBC One,Red Planet Pictures,,,False,False
BEYOND THE DREAM: ICE BREAKERS,AU,voz,programming,260867.0,tv,Beyond The Dream,80.0,2024.0,Reality|Documentary,Reality,Reality / unscripted,AU,en,,,,,False,False
BIG BROTHER AUSTRALIA,AU,voz,programming,990.0,tv,Big Brother,80.0,2001.0,Reality,Reality,Reality / unscripted,AU,en,10|Nine Network|Seven Network,EndemolShine Australia|Southern Star Entertainment,,,False,False
BIG BROTHER AUSTRALIA GRAND FINALE,AU,voz,news/sport/live,,,,,,,,,,,,,,,,
BLEDISLOE CUP 2025,AU,voz,news/sport/live,,,,,,,,,,,,,,,,
BLUE LIGHTS,AU,voz,programming,218344.0,tv,Blue Lights,100.0,2023.0,Crime|Drama,Crime,Scripted series,GB,en,BBC One,Gallagher Films|Two Cities Television,,,False,False
BLUE MURDER MOTEL,AU,voz,programming,310925.0,tv,Blue Murder Motel,100.0,2026.0,Crime|Drama|Mystery,Crime,Scripted series,NZ,en,TVNZ 1,Great Southern Television,,,False,False
BONDI BEACH SHOOTING,AU,voz,no TMDB result,,,,0.0,,,,,,,,,,,,
BONDI BEACH TERROR ATTACK,AU,voz,no TMDB result,,,,0.0,,,,,,,,,,,,
BORDER PATROL,AU,voz,programming,19910.0,tv,Border Patrol,100.0,2002.0,Documentary|Reality,Documentary,Reality / unscripted,NZ,en,TVNZ 1|TVNZ+,Greenstone TV,,,False,False
BORDER SECURITY,AU,voz,programming,2727.0,tv,Border Security: Australia's Front Line,63.0,2004.0,Documentary|Crime|Drama|Reality,Documentary,Reality / unscripted,AU,en,Seven Network,,,,False,False
BORDER SECURITY: INTERNATIONAL,AU,voz,programming,2727.0,tv,Border Security: Australia's Front Line,63.0,2004.0,Documentary|Crime|Drama|Reality,Documentary,Reality / unscripted,AU,en,Seven Network,,,,False,False
BTS THE COMEBACK LIVE | ARIRANG,AU|US,netflix,no TMDB result,,,,0.0,,,,,,,,,,,,
BUDGET 2026: A 7.30 SPECIAL,AU,voz,news/sport/live,,,,,,,,,,,,,,,,
BUDGET 2026: THE TREASURER’S SPEECH,AU,voz,news/sport/live,,,,,,,,,,,,,,,,
BUDGET BATTLERS,AU,voz,news/sport/live,,,,,,,,,,,,,,,,
BUMP,AU,voz,programming,115639.0,tv,Bump,100.0,2021.0,Drama|Comedy,Drama,Scripted series,AU,en,Stan,Roadshow Rough Diamond,,,False,False
BUT ALSO JOHN CLARKE,AU,voz,programming,1500516.0,movie,Not Only Fred Dagg But Also John Clarke,68.0,2025.0,Documentary,Documentary,Film,AU,en,,Retaining Wall Productions,,,False,False
Baby Shark Hospital Play,AU,netflix,programming,290219.0,tv,Baby Shark Hospital Play,100.0,2022.0,,Unknown,Scripted series,US,en,,,,,False,False
Bad Boys: Ride or Die,AU,netflix,programming,573435.0,movie,Bad Boys: Ride or Die,100.0,2024.0,Action|Comedy|Crime,Action,Film,US,en,,Westbrook|Columbia Pictures|Don Simpson/Jerry Bruckheimer Films|2.0 Entertainment,,,False,False
Bad Thoughts,AU|US,netflix,programming,251608.0,tv,Bad Thoughts,100.0,2025.0,Comedy,Comedy,Scripted series,US,en,Netflix,YMH Studios,,,False,False
Ballad of a Small Player,AU,netflix,programming,1272166.0,movie,Ballad of a Small Player,100.0,2025.0,Crime|Drama,Crime,Film,DE,en,,Good Chaos|Stigma Films|Nine Hours,,,False,False
Barnyard,AU,netflix,programming,9907.0,movie,Barnyard,100.0,2006.0,Animation|Comedy|Family,Animation,Animated film,US,en,,O Entertainment|Nickelodeon Movies|Paramount Pictures|Kumar Mobiliengesellschaft mbH & Co. Projekt Nr. 2,,,False,False
Beast (English),US,netflix,no TMDB result,,,,0.0,,,,,,,,,,,,
Beast of War,AU,netflix,programming,1244531.0,movie,Beast of War,100.0,2025.0,Thriller|Action|War|Horror,Thriller,Film,AU,en,,Bronte Pictures|Pictures in Paradise,,,False,False
Beauty in Black,AU|US,netflix|nielsen,programming,246246.0,tv,Beauty in Black,100.0,2024.0,Drama,Drama,Scripted series,US,en,Netflix,Tyler Perry Studios,,,False,False
Bee Movie,US,netflix,programming,5559.0,movie,Bee Movie,100.0,2007.0,Family|Animation|Adventure|Comedy,Family,Animated film,US,en,,Columbus 81 Productions|DreamWorks Animation,DreamWorks Animation,,True,False
Beetlejuice Beetlejuice,AU,netflix,programming,917496.0,movie,Beetlejuice Beetlejuice,100.0,2024.0,Comedy|Fantasy,Comedy,Film,US,en,,Warner Bros. Pictures|Geffen Pictures|Plan B Entertainment|Tim Burton Productions|Tommy Harper Productions|Domain Entertainment,,,False,False
Being Eddie,AU|US,netflix|nielsen,programming,1426518.0,movie,Being Eddie,100.0,2025.0,Documentary,Documentary,Film,US,en,,Levels Audio|MakeMake,,,False,False
Being Gordon Ramsay,AU,netflix,programming,262273.0,tv,Being Gordon Ramsay,100.0,2026.0,Documentary,Documentary,Documentary,GB,en,Netflix,Studio Ramsay Global,,,False,False
Best Medicine,US,netflix,programming,291084.0,tv,Best Medicine,100.0,2026.0,Comedy|Drama,Comedy,Scripted series,US,en,FOX,Propagate Content|FOX Entertainment Studios,,,False,False
Best of the Best,AU|US,netflix,programming,1514863.0,movie,Best of the Best,100.0,2026.0,Comedy,Comedy,Film,US,en,,186K Films|Rideback,,,False,False
Big Mistakes,AU|US,netflix,programming,291506.0,tv,Big Mistakes,100.0,2026.0,Comedy|Crime,Comedy,Scripted series,US,en,Netflix,Not a Real Production Company,,,False,False
Black Adam,US,netflix,programming,436270.0,movie,Black Adam,100.0,2022.0,Action|Adventure|Science Fiction,Action,Film,US,en,,New Line Cinema|Flynn Picture Company|DC Films|Seven Bucks Productions|Warner Bros. Pictures,,,False,False
Black Bag,AU,netflix,programming,1233575.0,movie,Black Bag,100.0,2025.0,Drama|Mystery|Thriller,Drama,Film,US,en,,Casey Silver Productions,,,False,False
Black Phone 2,AU,netflix,programming,1197137.0,movie,Black Phone 2,100.0,2025.0,Horror|Thriller,Horror,Film,US,en,,Blumhouse Productions|Crooked Highway|Universal Pictures,Universal Pictures,,True,False
Black Rabbit,AU|US,netflix,programming,249039.0,tv,Black Rabbit,100.0,2025.0,Drama|Crime,Drama,Scripted limited series,GB|US,en,Netflix,Aggregate Films|Riff Raff Entertainment|Youngblood Pictures|Range Studios|Colossal Productions,,,False,False
Black and Blue,US,netflix,programming,578189.0,movie,Black and Blue,100.0,2019.0,Action|Thriller|Crime,Action,Film,US,en,,Hidden Empire Film Group|Royal Viking Entertainment|Screen Gems,,,False,False
Blood Sacrifice,AU|US,netflix,programming,303351.0,tv,Blood Sacrifice,100.0,2026.0,Drama|Crime|Mystery,Drama,Scripted series,SE,sv,Netflix,B-Reel Films|New Pictures|Observatory Pictures,,,False,False
Bloodhounds,AU,netflix,programming,127529.0,tv,Bloodhounds,100.0,2023.0,Drama|Action & Adventure|Crime,Drama,Scripted series,KR,ko,Netflix,Studio N|See Át Film|STUDIO706|Ghost Studio,,,False,False
Blue Beetle,US,netflix,programming,565770.0,movie,Blue Beetle,100.0,2023.0,Action|Science Fiction|Adventure,Action,Film,US,en,,Warner Bros. Pictures|The Safran Company|DC Films,,,False,False
Bluey,US,nielsen,programming,82728.0,tv,Bluey,100.0,2018.0,Animation|Comedy|Family|Kids,Animation,Animated series,AU,en,ABC Kids,Ludo Studio|Australian Broadcasting Corporation|Screen Australia|Screen Queensland|CBeebies|BBC Worldwide|BBC Studios Distribution,,,False,False
Bob's Burgers,US,nielsen,programming,32726.0,tv,Bob's Burgers,100.0,2011.0,Animation|Comedy,Animation,Animated series,US,en,FOX,20th Century Fox Television|Bento Box Entertainment|Wilo Productions|Buck & Millie Productions|20th Television Animation|20th Television,,,False,False
"Bon Appétit, Your Majesty",AU,netflix,programming,280945.0,tv,"Bon Appétit, Your Majesty",100.0,2025.0,Drama|Sci-Fi & Fantasy,Drama,Scripted limited series,KR,ko,tvN,Studio Dragon,,,False,False
Boots,AU|US,netflix,programming,225647.0,tv,Boots,100.0,2025.0,Comedy|Drama|War & Politics,Comedy,Scripted series,US,en,Netflix,Sony Pictures Television|Act III Productions,,,False,False
Breaking In,AU,netflix,programming,497814.0,movie,Breaking In,100.0,2018.0,Action|Crime|Thriller,Action,Film,US,en,,Will Packer Productions|Practical Pictures,,,False,False
Bridgerton,AU|US,netflix|nielsen,programming,91239.0,tv,Bridgerton,100.0,2020.0,Drama,Drama,Scripted series,US,en,Netflix,shondaland,,,False,False
Bridget Jones: Mad About the Boy,AU,netflix,programming,1272149.0,movie,Bridget Jones: Mad About the Boy,100.0,2025.0,Romance|Comedy|Drama,Romance,Film,FR|US|GB,en,,StudioCanal|Miramax|Working Title,,,False,False
Bruce Bruce: I Ain’t Playin’,US,netflix,excluded by review,20140.0,tv,Bruce Wayne,64.0,,,Unknown,Scripted series,,en,,,,,False,False
Bugonia,US,netflix,programming,701387.0,movie,Bugonia,100.0,2025.0,Science Fiction|Thriller|Comedy,Science Fiction,Film,US,en,,Element Pictures|Square Peg|Fremantle|Pith Quest Films|Fruit Tree|CJ ENM,,,False,False
CALL THE MIDWIFE,AU,voz,programming,39793.0,tv,Call the Midwife,100.0,2012.0,Drama,Drama,Scripted series,GB,en,BBC One,BBC|Neal Street Productions,,,False,False
CALL THE MIDWIFE: CHRISTMAS SPECIAL (2024),AU,voz,programming,39793.0,tv,Call the Midwife,80.0,2012.0,Drama,Drama,Scripted series,GB,en,BBC One,BBC|Neal Street Productions,,,False,False
CALL THE MIDWIFE: CHRISTMAS SPECIAL (2024) TX 2,AU,voz,programming,39793.0,tv,Call the Midwife,80.0,2012.0,Drama,Drama,Scripted series,GB,en,BBC One,BBC|Neal Street Productions,,,False,False
CAN YOU KEEP A SECRET?,AU,voz,programming,537739.0,movie,Can You Keep a Secret?,100.0,2019.0,Romance|Comedy,Romance,Film,US,en,,BCDF Pictures|Big Indie Pictures|Embankment Films|120dB Films,,,False,False
CAROLS BY CANDLELIGHT,AU,voz,news/sport/live,,,,,,,,,,,,,,,,
CHRISTMAS WITH DELTA,AU,voz,programming,1601328.0,movie,Christmas with Delta 2025,89.0,,Music,Music,Film,AU,en,,,,,False,False
CLARKSON’S FARM,AU,voz,programming,117648.0,tv,Clarkson's Farm,100.0,2021.0,Reality|Comedy,Reality,Reality / unscripted,GB,en,Prime Video,Expectation TV|Con Dao Productions,,,False,False
COOL RUNNINGS,AU,voz,programming,864.0,movie,Cool Runnings,100.0,1993.0,Comedy|Adventure|Drama,Comedy,Film,US,en,,Walt Disney Pictures|Dawn Steel Productions,,,False,False
COOPER & FRY,AU,voz,programming,296520.0,tv,Cooper & Fry,100.0,2025.0,Crime|Drama|Mystery,Crime,Scripted series,GB,en,5,Clapperboard Studios|Studio TF1,,,False,False
COOPER & FRY TX 2,AU,voz,no TMDB result,,,,0.0,,,,,,,,,,,,
COUNT OF MONTE CRISTO,AU,voz,programming,240456.0,tv,The Count of Monte Cristo,92.0,2025.0,Action & Adventure|Drama,Action & Adventure,Scripted limited series,IT,it,Rai 1,Palomar|DEMD Productions|Rai Fiction|France Télévisions,,,False,False
CRIME NIGHT!,AU,voz,programming,304887.0,tv,Crime Night!,100.0,2025.0,Talk|Crime|Comedy,Talk,Talk / variety,AU,en,ABC TV,Dreamchaser Entertainment,,,False,False
Camp CrunchLabs,AU|US,netflix,programming,328629.0,tv,Camp CrunchLabs,100.0,2026.0,Reality,Reality,Reality / unscripted,US,en,Netflix,,,,False,False
Caramelo,AU|US,netflix,programming,1277988.0,movie,Caramelo,100.0,2025.0,Comedy|Drama,Comedy,Film,BR,pt,,Migdal Filmes,,,False,False
Casper,US,netflix,programming,8839.0,movie,Casper,100.0,1995.0,Fantasy|Comedy|Family,Fantasy,Film,US,en,,The Harvey Entertainment Company|Universal Pictures|Amblin Entertainment,Universal Pictures,,True,False
Caught Stealing,US,netflix,programming,1245993.0,movie,Caught Stealing,100.0,2025.0,Crime|Thriller|Comedy,Crime,Film,US,en,,Protozoa Pictures|TSG Entertainment|Columbia Pictures,,,False,False
Champagne Problems,AU|US,netflix,programming,1323475.0,movie,Champagne Problems,100.0,2025.0,Romance|Comedy,Romance,Film,US,en,,Off Camera Entertainment|Grumpy Entertainment|FullDawa Films,,,False,False
Charlie and the Chocolate Factory,US,netflix,programming,118.0,movie,Charlie and the Chocolate Factory,100.0,2005.0,Adventure|Comedy|Family|Fantasy,Adventure,Film,US,en,,Warner Bros. Pictures|Village Roadshow Pictures|The Zanuck Company|Plan B Entertainment|Theobald Film Productions,,,False,False
Cheaper by the Dozen,US,netflix,programming,11007.0,movie,Cheaper by the Dozen,100.0,2003.0,Comedy|Family,Comedy,Film,US,en,,20th Century Fox|Robert Simonds Productions,,,False,False
Chief of Station,US,netflix,programming,1093995.0,movie,Chief of Station,100.0,2024.0,Action|Thriller,Action,Film,US,en,,Bee Holder Productions|Concourse Media|Ashland Hill Media Finance|TDP FILMS|Filmology Finance|Tip-Top Productions|Mirror Productions,,,False,False
Christmas at the Chalet,US,netflix,programming,1173912.0,movie,Christmas at the Chalet,100.0,2023.0,TV Movie|Romance|Comedy,TV Movie,Film,US|CA,en,,Reel One Entertainment|Champlain Media|CMW Horizon Productions,,,False,False
Civil War,AU,netflix,programming,929590.0,movie,Civil War,100.0,2024.0,War|Action|Drama,War,Film,GB|US,en,,DNA Films|IPR.VC|A24,,,False,False
Cleaner,AU|US,netflix,programming,1125899.0,movie,Cleaner,100.0,2025.0,Action|Thriller,Action,Film,GB,en,,Anton|Qwerty Films,,,False,False
Cleanskin,AU,netflix,programming,95516.0,movie,Cleanskin,100.0,2012.0,Drama|Thriller|Crime,Drama,Film,US|GB,en,,UK Film Studio|The Salt Company,,,False,False
Clika,US,netflix,programming,1450257.0,movie,Clika,100.0,2026.0,Music|Drama,Music,Film,US,en,,Rancho Humilde|Everyone Can Eat|Sony Music Latin|Sony Music Vision|TSG Entertainment|Columbia Pictures,,,False,False
Cocktail 2,AU,netflix,programming,1392469.0,movie,Cocktail 2,100.0,2026.0,Romance|Comedy,Romance,Film,IN,hi,,Maddock Films|LUV Films,,,False,False
Colors Of Evil: Black,AU|US,netflix,programming,1560681.0,movie,Colors of Evil: Black,100.0,2026.0,Thriller|Mystery|Crime,Thriller,Film,PL,pl,,Aurum Film,,,False,False
Congo,AU,netflix,programming,10329.0,movie,Congo,100.0,1995.0,Action|Adventure|Science Fiction,Action,Film,US,en,,Paramount Pictures|The Kennedy/Marshall Company,,,False,False
Contraband,US,netflix,programming,77866.0,movie,Contraband,100.0,2012.0,Thriller|Action|Drama|Crime,Thriller,Film,US|GB|FR,en,,Universal Pictures|Relativity Media|Working Title|Leverage Entertainment|Closest to the Hole Productions|Farraday Films|BlueEyes Productions,Universal Pictures,,True,False
Conversations with a Killer: The Charles Manson Tapes,AU|US,netflix,programming,330320.0,tv,Conversations with a Killer: The Charles Manson Tapes,100.0,2026.0,Documentary,Documentary,Documentary,GB|US,en,Netflix,RadicalMedia|Naked|Third Eye Motion Picture Company,,,False,False
Copshop,US,netflix,programming,738652.0,movie,Copshop,100.0,2021.0,Thriller|Crime|Action,Thriller,Film,US,en,,WarParty Films|Sculptor Media|G-BASE|Zero Gravity Management|Raven Capital Management,,,False,False
Creed,US,netflix,programming,312221.0,movie,Creed,100.0,2015.0,Drama,Drama,Film,US,en,,Metro-Goldwyn-Mayer|New Line Cinema|Winkler Films,,,False,False
Creed III,US,netflix,programming,677179.0,movie,Creed III,100.0,2023.0,Drama|Action,Drama,Film,US,en,,Metro-Goldwyn-Mayer|Proximity Media|Outlier Society|Winkler Films,,,False,False
Crew Girl,AU|US,netflix|nielsen,programming,300507.0,tv,Crew Girl,100.0,2026.0,Drama,Drama,Scripted series,CA,en,Netflix,Great Pacific Media|Thunderbird Entertainment,,,False,False
Criminal Minds,US,nielsen,programming,4057.0,tv,Criminal Minds,100.0,2005.0,Crime|Drama|Mystery,Crime,Scripted series,US,en,CBS|Paramount+,Touchstone Television|The Mark Gordon Company|Paramount Television|CBS Studios|Erica Messer Productions|ABC Studios|ABC Signature|Entertainment One Television|Lionsgate Television|20th Television,,,False,False
DC League of Super-Pets,AU,netflix,programming,539681.0,movie,DC League of Super-Pets,100.0,2022.0,Family|Comedy|Adventure|Animation|Science Fiction|Action,Family,Animated film,US,en,,Warner Animation Group|Seven Bucks Productions|Animal Logic|DC,,,False,False
DEAL OR NO DEAL,AU,voz,programming,2176.0,tv,Deal or No Deal,100.0,2003.0,Reality,Reality,Reality / unscripted,AU,en,10|Seven Network,,,,False,False
DEATH IN PARADISE,AU,voz,programming,41956.0,tv,Death in Paradise,100.0,2011.0,Comedy|Crime|Drama|Mystery,Comedy,Scripted series,GB,en,BBC One,Red Planet Pictures|Atlantique Productions|Kudos|BBC,,,False,False
DEATH IN PARADISE: CHRISTMAS SPECIAL (2024),AU,voz,programming,41956.0,tv,Death in Paradise,80.0,2011.0,Comedy|Crime|Drama|Mystery,Comedy,Scripted series,GB,en,BBC One,Red Planet Pictures|Atlantique Productions|Kudos|BBC,,,False,False
DEATH VALLEY,AU,voz,programming,254897.0,tv,Death Valley,100.0,2025.0,Mystery|Drama|Comedy,Mystery,Scripted series,GB,en,BBC One,BBC Studios Comedy|BBC,,,False,False
DEEP END: THE SCOTT MILLER STORY,AU,voz,programming,326633.0,tv,Deep End: The Scott Miller Story,100.0,2026.0,Documentary,Documentary,Documentary,AU,en,ABC TV,,,,False,False
DIABOLICAL: THE EPSTEIN FILES,AU,voz,programming,1640697.0,movie,Diabolical: The Epstein Files,100.0,2026.0,Documentary|Crime,Documentary,Film,AU,en,,Australian Broadcasting Corporation|ABC TV,,,False,False
DOC,AU,voz,excluded by review,255055.0,tv,Doc,100.0,2025.0,Drama,Drama,Scripted series,US,en,FOX,Sony Pictures Television|FOX Entertainment Studios|Channel Road Productions|3 Arts Entertainment|Avenue K Productions,,,False,False
DOG PARK,AU,voz,programming,307823.0,tv,Dog Park,100.0,2026.0,Drama|Comedy,Drama,Scripted series,AU,en,ABC TV,Matchbox Pictures,Matchbox Pictures,,True,False
DR KARL’S HOW THINGS WORK,AU,voz,programming,281338.0,tv,Dr Karl's How Things Work,100.0,2025.0,Documentary|Family,Documentary,Documentary,AU,en,ABC TV,Australian Broadcasting Corporation,,,False,False
DR KARL’S HOW THINGS WORK TX 2,AU,voz,no TMDB result,,,,0.0,,,,,,,,,,,,
Danny Go!,AU|US,netflix,programming,258124.0,tv,Danny Go!,100.0,2019.0,Kids,Kids,Scripted series,US,en,Netflix,,,,False,False
Dark Winds,AU|US,netflix,programming,128904.0,tv,Dark Winds,100.0,2022.0,Drama|Crime|Mystery,Drama,Scripted series,US,en,AMC,AMC Studios|Rolling Cactus|Eleventh Northwest|Startling Television|Tina Elmo Productions|Fevre River Packet Company|Wildwood Enterprises|Wirthwhile TV,,,False,False
Dave Chappelle: The Unstoppable...,AU|US,netflix,programming,70830.0,tv,Dave Chappelle,80.0,2017.0,Comedy,Comedy,Scripted limited series,US,en,Netflix,,,,False,False
David,AU|US,netflix,programming,1167307.0,movie,David,100.0,2025.0,Animation|Family|Drama|History|Adventure,Animation,Animated film,ZA|US|GB,en,,Sunrise Productions|Slingshot USA|Angel Studios|2521 Entertainment,,,False,False
Dead Ahead,AU,netflix,programming,295233.0,tv,Dead Ahead,100.0,2025.0,Drama|Comedy|Family,Drama,Scripted series,NZ,en,TVNZ+,Hi Mama Productions,,,False,False
Death by Lightning,AU|US,netflix,programming,245219.0,tv,Death by Lightning,100.0,2025.0,Drama|Crime,Drama,Scripted limited series,US,en,Netflix,Bighead Littlehead,,,False,False
Death of the Pastor's Wife,AU|US,netflix,programming,331616.0,tv,Death of the Pastor's Wife,100.0,2026.0,Documentary|Crime,Documentary,Documentary,US,en,Netflix,The Cinemart|Crazy Legs Productions,,,False,False
Death on the Nile,AU,netflix,programming,505026.0,movie,Death on the Nile,100.0,2022.0,Mystery|Crime|Thriller,Mystery,Film,US,en,,Genre Films|20th Century Studios|Scott Free Productions|Mark Gordon Pictures,,,False,False
Deeper,AU,netflix,programming,1413316.0,movie,Deeper,100.0,2024.0,Crime|Drama|Thriller,Crime,Film,US,en,,,,,False,False
Deepwater Horizon,US,netflix,programming,296524.0,movie,Deepwater Horizon,100.0,2016.0,Drama|Action,Drama,Film,US,en,,Summit Entertainment|Participant|di Bonaventura Pictures|Closest to the Hole Productions|Leverage Entertainment|TIK Films|Lionsgate,,,False,False
Den of Thieves 2: Pantera,AU,netflix,programming,604685.0,movie,Den of Thieves 2: Pantera,100.0,2025.0,Action|Crime|Thriller,Action,Film,US,en,,Diamond Film Productions|G-BASE|Tucker Tooley Entertainment|Lionsgate|Entertainment One Features,,,False,False
Derrick Stroup: Nostalgic,US,netflix,no TMDB result,,,,0.0,,,,,,,,,,,,
Desi Bling,AU,netflix,programming,319919.0,tv,Desi Bling,100.0,2026.0,Reality,Reality,Reality / unscripted,IN,hi,Netflix,Different Productions,,,False,False
Desire,AU|US,netflix,programming,1668364.0,movie,Desire,100.0,2026.0,Mystery|Drama,Mystery,Film,MX|ES,es,,Las películas del Apache|El Estudio,,,False,False
Despicable Me 3,US,netflix,programming,324852.0,movie,Despicable Me 3,100.0,2017.0,Action|Animation|Comedy|Family|Adventure,Action,Animated film,US,en,,Illumination|Universal Pictures,Illumination,,True,False
Detective Hole,AU|US,netflix,programming,249597.0,tv,Detective Hole,100.0,2026.0,Mystery|Crime|Drama,Mystery,Scripted series,NO|GB|US,no,Netflix,Working Title Television|Universal International Studios|Living Daylights Productions|Redpoint Productions,Universal International Studios,,True,False
Devil May Cry,AU|US,netflix,programming,235930.0,tv,Devil May Cry,100.0,2025.0,Animation|Action & Adventure|Sci-Fi & Fantasy,Animation,Animated series,US,en,Netflix,Capcom|Studio Mir|Adishankarbrand|Studio La Cachette,,,False,False
Dhurandhar,AU,netflix,programming,1291608.0,movie,Dhurandhar,100.0,2025.0,Action|Crime|Thriller,Action,Film,IN,hi,,B62 Studios|Jio Studios,,,False,False
Dhurandhar The Revenge (Raw & Undekha),AU,netflix,programming,1582770.0,movie,Dhurandhar: The Revenge,74.0,2026.0,Action|Crime|Thriller,Action,Film,IN,hi,,Jio Studios|B62 Studios,,,False,False
Doc,US,netflix,programming,255055.0,tv,Doc,100.0,2025.0,Drama,Drama,Scripted series,US,en,FOX,Sony Pictures Television|FOX Entertainment Studios|Channel Road Productions|3 Arts Entertainment|Avenue K Productions,,,False,False
Dodgeball: A True Underdog Story,AU,netflix,programming,9472.0,movie,DodgeBall: A True Underdog Story,100.0,2004.0,Comedy,Comedy,Film,US,en,,20th Century Fox|Red Hour|Mediastream Vierte Film,,,False,False
Dog,US,netflix,programming,626735.0,movie,Dog,100.0,2022.0,Drama|Comedy,Drama,Film,US,en,,FilmNation Entertainment|Free Association|Metro-Goldwyn-Mayer,,,False,False
Dog Man,AU|US,netflix,programming,774370.0,movie,Dog Man,100.0,2025.0,Family|Comedy|Adventure|Animation|Action,Family,Animated film,US,en,,DreamWorks Animation,DreamWorks Animation,,True,False
Don't Say Good Luck,AU|US,netflix,programming,1504358.0,movie,Don't Say Good Luck,100.0,2026.0,Comedy|Music|Drama,Comedy,Film,US,en,,Original Headquarters|Range Studios|Happy Madison Productions,,,False,False
Don't Say a Word,US,netflix,programming,12103.0,movie,Don't Say a Word,100.0,2001.0,Thriller|Mystery|Crime,Thriller,Film,US,en,,Kopelson Entertainment|NPV Entertainment|New Regency Pictures|Village Roadshow Pictures|Regency Enterprises|Furthur Films,,,False,False
Don't Tell,AU,netflix,programming,401157.0,movie,Don't Tell,100.0,2017.0,Drama,Drama,Film,AU|US,en,,Fornillo Road,,,False,False
Downhill,AU,netflix,programming,560391.0,movie,Downhill,100.0,2020.0,Drama|Comedy,Drama,Film,US,en,,Searchlight Pictures|Likely Story|TSG Entertainment,,,False,False
Dr. Seuss' The Cat in the Hat,AU|US,netflix,programming,1102491.0,movie,Dr. Seuss The Cat in the Hat,100.0,2002.0,Animation|Family,Animation,Animated film,US,en,,Universal Pictures|Penguin Books|Random House,Universal Pictures,,True,False
Dr. Seuss' The Grinch,AU,netflix,programming,360920.0,movie,The Grinch,100.0,2018,Animation|Comedy|Family|Fantasy,Animation,Animated film,US,en,,Illumination|Universal Pictures,Illumination,,True,False
Dr. Seuss' The Lorax,AU,netflix,programming,73723.0,movie,The Lorax,67.0,2012.0,Animation|Family,Animation,Animated film,US,en,,Illumination|dentsu,Illumination,,True,False
Dracula: A Love Tale,AU,netflix,programming,1246049.0,movie,Dracula,80.0,2025.0,Horror|Fantasy|Romance,Horror,Film,FR,fr,,EuropaCorp|TF1 Films Production|SND|Kinology|Actarus Productions|LBP,,,False,False
Drop,AU,netflix,programming,1249213.0,movie,Drop,100.0,2025.0,Mystery|Thriller,Mystery,Film,US,en,,Blumhouse Productions|Platinum Dunes|Universal Pictures,Universal Pictures,,True,False
Due Date,AU,netflix,programming,41733.0,movie,Due Date,100.0,2010.0,Comedy|Drama,Comedy,Film,US,en,,Legendary Pictures|Green Hat Films|Warner Bros. Pictures,,,False,False
Dutton Ranch,US,nielsen,programming,299167.0,tv,Dutton Ranch,100.0,2026.0,Western|Drama,Western,Scripted series,US,en,Paramount Network|Paramount+,Paramount Television Studios|101 Studios|Bosque Ranch Productions|Linson Entertainment,,,False,False
Dynasty: The Murdochs,AU|US,netflix,programming,315159.0,tv,Dynasty: The Murdochs,100.0,2026.0,Documentary,Documentary,Documentary,US,en,Netflix,Story Syndicate,,,False,False
EVENTS THAT CHANGED AUSTRALIA,AU,voz,programming,307874.0,tv,Events That Changed Australia,100.0,2025.0,Documentary|Crime,Documentary,Documentary,AU,en,Nine Network,Nine Network Australia|Ronde,,,False,False
Earle Meets World,AU|US,netflix,programming,330371.0,tv,Earle Meets World,100.0,2026.0,Reality,Reality,Reality / unscripted,US,en,Netflix,DGN Studios|Fulwell Entertainment,,,False,False
Eden,US,netflix,programming,1042834.0,movie,Eden,100.0,2025.0,Thriller|Drama,Thriller,Film,US,en,,Imagine Entertainment|AGC Studios|Library Pictures International,,,False,False
Eleanor the Great,US,netflix,programming,1212271.0,movie,Eleanor the Great,100.0,2025.0,Drama,Drama,Film,US,en,,Pinky Promise|Maven Screen Media|These Pictures|Wayfarer Studios|Content Engineers|MacPac Entertainment|Off Media,,,False,False
Elf,AU,netflix,programming,10719.0,movie,Elf,100.0,2003.0,Comedy|Family|Fantasy,Comedy,Film,US,en,,New Line Cinema|Guy Walks into a Bar Productions,,,False,False
Elite Force,AU|US,netflix,programming,281281.0,tv,Elite Force,100.0,2026.0,Action & Adventure|Crime|Drama,Action & Adventure,Scripted series,FR,fr,Netflix,Labyrinthe Films,,,False,False
Elize: Shadows of a Woman,AU|US,netflix,programming,1487861.0,movie,Elize: Shadows of a Woman,100.0,2026.0,Thriller|Crime|Drama,Thriller,Film,BR,pt,,Boutique Filmes,,,False,False
Emily in Paris,AU|US,netflix,programming,82596.0,tv,Emily in Paris,100.0,2020.0,Drama|Comedy,Drama,Scripted series,US,en,Netflix,MTV Entertainment Studios|Jax Media|Darren Star Productions|Paramount Television Studios,,,False,False
Enola Holmes 3,AU|US,netflix,programming,1202033.0,movie,Enola Holmes 3,100.0,2026.0,Adventure|Crime|Mystery,Adventure,Film,US,en,,Legendary Pictures|PCMA Productions,,,False,False
Euphoria,US,nielsen,programming,85552.0,tv,Euphoria,100.0,2019.0,Drama,Drama,Scripted series,US,en,HBO,A24|The Reasonable Bunch|Little Lamb Productions|DreamCrew|Tiny Goat|HBO|ADD Content Agency|Hot|Tedy,,,False,False
Everybody's Fine,AU,netflix,programming,26171.0,movie,Everybody's Fine,100.0,2009.0,Drama,Drama,Film,US,en,,Miramax|Hollywood Gang Productions|Radar Pictures,,,False,False
Evil Influencer: The Jodi Hildebrandt Story,AU|US,netflix,programming,1591516.0,movie,Evil Influencer: The Jodi Hildebrandt Story,100.0,2025.0,Documentary,Documentary,Film,US,en,,Fremantle,,,False,False
Extinction,AU,netflix,programming,429415.0,movie,Extinction,100.0,2018.0,Action|Drama|Science Fiction|Thriller,Action,Film,US,en,,Good Universe|Mandeville Films,,,False,False
FARMER WANTS A WIFE,AU,voz,programming,15409.0,tv,The Farmer Wants a Wife,100.0,2007,Reality,Reality,Reality / unscripted,AU,en,Nine Network|Seven Network,Fremantle Australia,,,False,False
FIND MY BEACH HOUSE AUSTRALIA,AU,voz,programming,238923.0,tv,Beach House Hunters,100.0,2023.0,,Unknown,Reality / unscripted,AU,en,Nine Network,,,,False,False
FIND MY COUNTRY HOUSE AUSTRALIA,AU,voz,programming,280768.0,tv,Find My Country House,100.0,2024.0,,Unknown,Reality / unscripted,AU,en,,,,,False,False
FIRST DATES AUSTRALIA,AU,voz,programming,66001.0,tv,First Dates Australia,100.0,2016.0,Reality,Reality,Reality / unscripted,AU,en,10|Seven Network,Warner Bros. International Television Production Australia,,,False,False
FOOTBALL: AFC WOMEN’S ASIAN CUP,AU,voz,news/sport/live,,,,,,,,,,,,,,,,
FOREIGN CORRESPONDENT,AU,voz,programming,6292.0,tv,Foreign Correspondent,100.0,1992.0,Documentary|News,Documentary,Documentary,AU,en,ABC TV,,,,False,False
FOUR CORNERS,AU,voz,news/sport/live,,,,,,,,,,,,,,,,
FRAUDS,AU,voz,programming,285368.0,tv,Frauds,100.0,2025.0,Drama|Crime,Drama,Scripted limited series,GB,en,ITV1,ITV|Monumental Television,,,False,False
FRIDAY NIGHT NRL LIVE,AU,voz,news/sport/live,,,,,,,,,,,,,,,,
Facing El Chapo,AU|US,netflix,programming,1621552.0,movie,Facing El Chapo,100.0,2026.0,Crime|Action|Thriller,Crime,Film,MX,es,,Draco Films,,,False,False
Failure to Launch,AU,netflix,programming,6877.0,movie,Failure to Launch,100.0,2006.0,Romance|Comedy,Romance,Film,US,en,,Failure to Launch Productions|Paramount Pictures|Scott Rudin Productions,,,False,False
Faith in the Flames: The Nichole Jolly Story,US,netflix,programming,1507445.0,movie,Faith in the Flames: The Nichole Jolly Story,100.0,2025.0,TV Movie|Drama,TV Movie,Film,US,en,,Lighthouse Pictures|Wishing Floor Films|FilmAfrika|GroupM Motion Entertainment|Lifetime,,,False,False
Fall,US,netflix,programming,985939.0,movie,Fall,100.0,2022.0,Thriller,Thriller,Film,US,en,,Tea Shop Productions|Capstone Pictures|Eagle Films,,,False,False
Fallout,US,nielsen,programming,106379.0,tv,Fallout,100.0,2024.0,Action & Adventure|Sci-Fi & Fantasy|Drama,Action & Adventure,Scripted series,US,en,Prime Video,Kilter Films|Bethesda Game Studios|Amazon MGM Studios|Big Indie Pictures,,,False,False
Family Guy,US,nielsen,programming,1434.0,tv,Family Guy,100.0,1999.0,Animation|Comedy,Animation,Animated series,US,en,FOX,20th Century Fox Television|Fuzzy Door Productions|20th Television Animation|20th Television,,,False,False
Famous Last Words: Eric Dane,AU|US,netflix,no TMDB result,,,,0.0,,,,,,,,,,,,
Fast Charlie,US,netflix,programming,945937.0,movie,Fast Charlie,100.0,2023.0,Action|Crime|Drama,Action,Film,US,en,,Ashland Hill Media Finance|Daniel Grodnik Productions|Mitchell Welch Productions|Thomasville Pictures|Equitable Media|Streamline Global|Boomtown Media Partners,,,False,False
Final Destination: Bloodlines,AU,netflix,programming,574475.0,movie,Final Destination Bloodlines,100.0,2025.0,Horror|Mystery,Horror,Film,US,en,,New Line Cinema|Practical Pictures|Freshman Year|Fireside Films|Domain Entertainment,,,False,False
Finding Her Edge,AU|US,netflix,programming,281401.0,tv,Finding Her Edge,100.0,2026.0,Drama,Drama,Scripted series,CA,en,Netflix,WildBrain,,,False,False
Firebreak,AU|US,netflix,programming,1428862.0,movie,Firebreak,100.0,2026.0,Thriller|Drama,Thriller,Film,ES,es,,Espotlight,,,False,False
Five Nights at Freddy's 2,US,netflix,programming,1228246.0,movie,Five Nights at Freddy's 2,100.0,2025.0,Horror|Thriller,Horror,Film,US,en,,Blumhouse Productions|Scott Cawthon Productions|Mind Hive Films,,,False,False
Flipped,AU|US,netflix,programming,43949.0,movie,Flipped,100.0,2010.0,Romance|Drama,Romance,Film,US,en,,Reiner / Greisman Productions|Castle Rock Entertainment,,,False,False
Flowers in the Attic,US,netflix,programming,236399.0,movie,Flowers in the Attic,100.0,2014.0,Drama|Mystery|Thriller|TV Movie,Drama,Film,US|CA,en,,Lifetime,,,False,False
Ford v. Ferrari,US,netflix,programming,359724.0,movie,Ford v Ferrari,100.0,2019.0,Drama|History|Action,Drama,Film,US,en,,20th Century Fox|TSG Entertainment|Chernin Entertainment|Turnpike Films,,,False,False
Formula 1: Drive to Survive,AU,netflix,programming,87083.0,tv,Formula 1: Drive to Survive,100.0,2019.0,Documentary,Documentary,Documentary,GB,en,Netflix,Box to Box Films,,,False,False
Four Brothers,US,netflix,programming,8292.0,movie,Four Brothers,100.0,2005.0,Action|Crime,Action,Film,US,en,,Paramount Pictures|di Bonaventura Pictures,,,False,False
Frankenstein,AU|US,netflix,programming,1062722.0,movie,Frankenstein,100.0,2025.0,Drama|Fantasy|Horror,Drama,Film,US,en,,Double Dare You|Demilo Films|Bluegrass 7,,,False,False
Frankenstein (2025),US,nielsen,programming,1062722.0,movie,Frankenstein,100.0,2025.0,Drama|Fantasy|Horror,Drama,Film,US,en,,Double Dare You|Demilo Films|Bluegrass 7,,,False,False
Freakier Friday,US,nielsen,programming,1125257.0,movie,Freakier Friday,100.0,2025.0,Comedy|Fantasy|Family,Comedy,Film,US,en,,Walt Disney Pictures|Burr! Productions|Gunn Films,,,False,False
Free Bert,AU|US,netflix,programming,307534.0,tv,Free Bert,100.0,2026.0,Comedy,Comedy,Scripted series,US,en,Netflix,Counterpart Studios,,,False,False
Freefall: A Reckoning for Boeing,AU|US,netflix,programming,1688804.0,movie,Freefall: A Reckoning for Boeing,100.0,2026.0,Documentary,Documentary,Film,US,en,,Imagine Documentaries|Moxie Films,,,False,False
French Lover,AU,netflix,programming,1289888.0,movie,French Lover,100.0,2025.0,Romance|Comedy,Romance,Film,FR,fr,,Zazi Films|Federation Studios|Korokoro,,,False,False
Friends,AU,netflix,programming,1668.0,tv,Friends,100.0,1994.0,Comedy,Comedy,Scripted series,US,en,NBC,Warner Bros. Television|Bright/Kauffman/Crane Productions,,NBC,False,True
Fun with Dick & Jane,AU,netflix,programming,7552.0,movie,Fun with Dick and Jane,100.0,2005.0,Comedy|Crime,Comedy,Film,US,en,,JC 23 Entertainment|Imagine Entertainment|Columbia Pictures|Bart/Palevsky Productions,,,False,False
Funny AF with Kevin Hart,US,netflix,programming,311991.0,tv,Funny AF with Kevin Hart,100.0,2026.0,Comedy|Reality,Comedy,Reality / unscripted,US,en,Netflix,Alfred Street Industries|HartBeat Productions,,,False,False
GARDENING AUSTRALIA,AU,voz,programming,2835.0,tv,Gardening Australia,100.0,2005.0,Documentary,Documentary,Documentary,AU,en,ABC TV,,,,False,False
GLASGOW 2026 COMMONWEALTH GAMES: DAY 2 EVENING,AU,voz,news/sport/live,,,,,,,,,,,,,,,,
GLASGOW 2026 COMMONWEALTH GAMES: DAY 2 NIGHT,AU,voz,news/sport/live,,,,,,,,,,,,,,,,
GLASGOW 2026 COMMONWEALTH GAMES: DAY 3 EVENING,AU,voz,news/sport/live,,,,,,,,,,,,,,,,
GLASGOW 2026 COMMONWEALTH GAMES: DAY 3 NIGHT,AU,voz,news/sport/live,,,,,,,,,,,,,,,,
GLASGOW 2026 COMMONWEALTH GAMES: DAY 4 EVENING,AU,voz,news/sport/live,,,,,,,,,,,,,,,,
GLASGOW 2026 COMMONWEALTH GAMES: DAY 4 NIGHT,AU,voz,news/sport/live,,,,,,,,,,,,,,,,
GLASGOW 2026 COMMONWEALTH GAMES: DAY 5 EVENING,AU,voz,news/sport/live,,,,,,,,,,,,,,,,
GLASGOW 2026 COMMONWEALTH GAMES: DAY 5 NIGHT,AU,voz,news/sport/live,,,,,,,,,,,,,,,,
GLASGOW 2026 COMMONWEALTH GAMES: DAY 6 EVENING,AU,voz,news/sport/live,,,,,,,,,,,,,,,,
GLASGOW 2026 COMMONWEALTH GAMES: DAY 6 NIGHT,AU,voz,news/sport/live,,,,,,,,,,,,,,,,
GLASGOW 2026 COMMONWEALTH GAMES: DAY 7 NIGHT,AU,voz,news/sport/live,,,,,,,,,,,,,,,,
GLASGOW 2026 COMMONWEALTH GAMES: DAY 8 EVENING,AU,voz,news/sport/live,,,,,,,,,,,,,,,,
GLASGOW 2026 COMMONWEALTH GAMES: DAY 9 EVENING,AU,voz,news/sport/live,,,,,,,,,,,,,,,,
GLASGOW 2026 COMMONWEALTH GAMES: DAY 9 LATE,AU,voz,news/sport/live,,,,,,,,,,,,,,,,
GLASGOW 2026 COMMONWEALTH GAMES: DAY 9 NIGHT,AU,voz,news/sport/live,,,,,,,,,,,,,,,,
GLENN & MICK’S CELEBRITY INTERVENTION,AU,voz,programming,320313.0,tv,Glenn & Mick's Celebrity Intervention,100.0,2026.0,Reality,Reality,Reality / unscripted,AU,en,Seven Network,Molloy Boy Productions,,,False,False
GOAT,US,nielsen,programming,1297842.0,movie,GOAT,100.0,2026,Animation|Comedy|Family,Animation,Animated film,US,en,,Sony Pictures Animation|Unanimous Media|Modern Magic|Columbia Pictures|MACRO|TSG Entertainment,,,False,False
GOGGLEBOX,AU,voz,programming,74337.0,tv,Gogglebox Australia,100.0,2015,Reality,Reality,Reality / unscripted,AU,en,10|LifeStyle,,,,False,False
GOOD FRIDAY NRL LIVE,AU,voz,news/sport/live,,,,,,,,,,,,,,,,
GOOLAGONG,AU,voz,programming,309287.0,tv,Goolagong,100.0,2026.0,Drama,Drama,Scripted limited series,AU,en,ABC TV,Werner Film Productions,,,False,False
GRAND DESIGNS,AU,voz,programming,1831.0,tv,Grand Designs,100.0,1999.0,Documentary,Documentary,Documentary,GB,en,Channel 4,Talkback,,,False,False
GRAND DESIGNS AUSTRALIA,AU,voz,programming,38245.0,tv,Grand Designs Australia,100.0,2010.0,Documentary,Documentary,Documentary,AU,en,ABC TV|LifeStyle,,,,False,False
GRAND DESIGNS NEW ZEALAND,AU,voz,programming,64615.0,tv,Grand Designs New Zealand,100.0,2015.0,Reality,Reality,Reality / unscripted,NZ,en,Three|TVNZ 1,,,,False,False
GRAND DESIGNS TRANSFORMATIONS,AU,voz,programming,242204.0,tv,Grand Designs Transformations,100.0,2024.0,Reality,Reality,Reality / unscripted,AU,en,ABC TV,Fremantle Australia,,,False,False
GRANTCHESTER,AU,voz,programming,61457.0,tv,Grantchester,100.0,2014.0,Crime|Drama|Mystery,Crime,Scripted series,GB,en,ITV1,Kudos|Lovely Day,,,False,False
GREAT GETAWAYS,AU,voz,no TMDB result,,,,0.0,,,,,,,,,,,,
GROUND UP,AU,voz,programming,324451.0,tv,Ground Up,100.0,2026.0,Comedy,Comedy,Scripted series,AU,en,ABC TV|ABC iview,Gristmill,,,False,False
GRUEN,AU,voz,programming,75135.0,tv,Gruen,100.0,2015.0,Talk|Comedy,Talk,Talk / variety,AU,en,ABC TV,Cordell Jigsaw Zapruder,,,False,False
Gabby's Dollhouse,AU|US,netflix,programming,111474.0,tv,Gabby's Dollhouse,100.0,2021.0,Kids|Comedy|Animation|Sci-Fi & Fantasy,Kids,Animated series,US,en,Netflix,DreamWorks Animation Television,DreamWorks Animation Television,,True,False
Gabby's Dollhouse: The Movie,AU|US,netflix,programming,1280282.0,movie,Gabby's Dollhouse: The Movie,100.0,2025.0,Adventure|Animation|Comedy|Family|Fantasy,Adventure,Animated film,US,en,,DreamWorks Animation,DreamWorks Animation,,True,False
Game Night,US,netflix,programming,445571.0,movie,Game Night,100.0,2018.0,Mystery|Comedy|Crime,Mystery,Film,US,en,,New Line Cinema|Aggregate Films|Davis Entertainment|Access Entertainment|Dune Entertainment,,,False,False
Gaslit By My Husband: The Morgan Metzer Story,US,netflix,programming,1302733.0,movie,Gaslit by My Husband: The Morgan Metzer Story,100.0,2024.0,Drama|Thriller|TV Movie,Drama,Film,US,en,,Allegheny Image Factory|Lifetime,,,False,False
Ghost Rider: Spirit of Vengeance,US,netflix,programming,71676.0,movie,Ghost Rider: Spirit of Vengeance,100.0,2011.0,Action|Fantasy|Thriller,Action,Film,AE|US,en,,Columbia Pictures|Crystal Sky Pictures|Michael De Luca Productions|Hyde Park Entertainment|Arad Productions|Image Nation Studios|Marvel Entertainment,,,False,False
Ghost Town,AU,netflix,programming,12797.0,movie,Ghost Town,100.0,2008.0,Comedy|Romance|Drama|Fantasy,Comedy,Film,US,en,,Spyglass Entertainment|DreamWorks Pictures|Pariah,,,False,False
Ghosts,AU,netflix,programming,126027.0,tv,Ghosts,100.0,2021.0,Comedy|Sci-Fi & Fantasy,Comedy,Scripted series,US,en,CBS,Joe vs. Joe|Monumental Television|Them There|Lionsgate Television|BBC Studios|CBS Studios,,,False,False
Gladiator II,AU,netflix,programming,558449.0,movie,Gladiator II,100.0,2024.0,Action|Adventure|Drama,Action,Film,US,en,,Paramount Pictures|Scott Free Productions|Lucy Fisher/Douglas Wick Productions,,,False,False
Goat,US,netflix,programming,1297842.0,movie,GOAT,100.0,2026.0,Animation|Comedy|Family,Animation,Animated film,US,en,,Sony Pictures Animation|Unanimous Media|Modern Magic|Columbia Pictures|MACRO|TSG Entertainment,,,False,False
Gods of Egypt,AU,netflix,programming,205584.0,movie,Gods of Egypt,100.0,2016.0,Action|Adventure|Fantasy,Action,Film,AU|US,en,,Thunder Road|Pyramania|Summit Entertainment|Mystery Clock Cinema|TIK Films|Lionsgate|Fin Design & Effects,,,False,False
Gone Girl,US,netflix,programming,210577.0,movie,Gone Girl,100.0,2014.0,Mystery|Thriller|Drama,Mystery,Film,US,en,,20th Century Fox|Regency Enterprises|TSG Entertainment,,,False,False
Goodbye June,AU,netflix,programming,1435092.0,movie,Goodbye June,100.0,2025.0,Drama,Drama,Film,GB,en,,Working Title|55 Jugglers,,,False,False
Goosebumps 2: Haunted Halloween,US,netflix,programming,442062.0,movie,Goosebumps 2: Haunted Halloween,100.0,2018.0,Comedy|Fantasy|Horror|Family,Comedy,Film,US,en,,Columbia Pictures|Original Film|Scholastic Entertainment|Silvertongue Films|Sony Pictures Animation,,,False,False
Gran Turismo: Based on a True Story,AU,netflix,programming,980489.0,movie,Gran Turismo,80.0,2023.0,Adventure|Drama|Action,Adventure,Film,US,en,,PlayStation Productions|2.0 Entertainment|Columbia Pictures,,,False,False
Grand Theft Auto VI: An Extended Look,AU|US,netflix,programming,1744462.0,movie,Grand Theft Auto VI: An Extended Look,100.0,2026.0,Animation|Action|Adventure|Crime,Animation,Animated film,US,en,,Rockstar Games,,,False,False
Green Book,US,netflix,programming,490132.0,movie,Green Book,100.0,2018.0,Drama|Comedy|History,Drama,Film,US,en,,Participant|DreamWorks Pictures|Cinetic Media|Innisfree Pictures,,,False,False
Grey's Anatomy,US,nielsen,programming,1416.0,tv,Grey's Anatomy,100.0,2005.0,Drama,Drama,Scripted series,US,en,ABC,The Mark Gordon Company|shondaland|ABC Studios|Touchstone Television|Entertainment One Television|Lionsgate Television|ABC Signature|Trip the Light Productions|20th Television,,,False,False
Gunsmoke,US,nielsen,programming,3713.0,tv,Gunsmoke,100.0,1955.0,Western|Action & Adventure|Drama,Western,Scripted series,US,en,CBS,Filmaster Productions|Arness Production Company|CBS,,,False,False
HARD QUIZ,AU,voz,programming,75487.0,tv,Hard Quiz,100.0,2016.0,Comedy,Comedy,Scripted series,AU,en,ABC TV,Thinkative Television,,,False,False
HARD QUIZ BATTLE OF THE NETWORKS,AU,voz,no TMDB result,,,,0.0,,,,,,,,,,,,
HAVE YOU BEEN PAYING ATTENTION?,AU,voz,programming,67378.0,tv,Have You Been Paying Attention?,100.0,2013.0,Comedy|Talk,Comedy,Talk / variety,AU,en,10,Working Dog,,,False,False
HIGHWAY PATROL,AU,voz,programming,66984.0,tv,Highway Patrol,100.0,2009.0,Reality,Reality,Reality / unscripted,AU,en,,"Melbourne, Victoria, Australien|Seven Network",,,False,False
HIS & HERS,AU|US,netflix,programming,259731.0,tv,HIS & HERS,100.0,2026.0,Drama|Crime|Mystery,Drama,Scripted limited series,US,en,Netflix,Fifth Season|Freckle Films|Viva Maude|Small Wishes|Campout Productions|Headhunter Films,,,False,False
HITLER: A LIFE IN PICTURES,AU,voz,programming,218550.0,tv,Hitler: A Life in Pictures,100.0,2022.0,Documentary,Documentary,Documentary,GB,en,,Woodcut Media,,,False,False
HM THE KING’S CHRISTMAS MESSAGE 2025,AU,voz,no TMDB result,,,,0.0,,,,,,,,,,,,
HOLIDAYS IN THE,AU,voz,programming,1402614.0,movie,Holidays in the Sun,88.0,1997.0,,Unknown,Film,GB,en,,,,,False,False
HOME AND AWAY,AU,voz,programming,2354.0,tv,Home and Away,100.0,1988.0,Drama|Soap,Drama,Scripted series,AU,en,Seven Network,Seven Studios|Seven Network Operations|Red Heart Entertainment|Kepper Media,,,False,False
Halloween Ends,US,netflix,programming,616820.0,movie,Halloween Ends,100.0,2022.0,Horror|Thriller,Horror,Film,US,en,,Universal Pictures|Blumhouse Productions|Miramax|Rough House Pictures|Trancas International Films,Universal Pictures,,True,False
Halo,US,netflix,programming,52814.0,tv,Halo,100.0,2022.0,Sci-Fi & Fantasy|Action & Adventure,Sci-Fi & Fantasy,Scripted series,US,en,Paramount+,Amblin Television|One Big Picture|Chapter Eleven|343 Industries|David Wiener|Showtime Studios,,,False,False
Haq,AU,netflix,programming,1417941.0,movie,Haq,100.0,2025.0,Drama,Drama,Film,IN,hi,,Junglee Pictures|Insomnia Films|Baweja Studios,,,False,False
Heartbreak High,AU,netflix,programming,12998.0,tv,Heartbreak High,100.0,1994.0,Drama,Drama,Scripted series,AU,en,ABC TV|10,Gannon Television|Gannon Films,,,False,False
Heartland,AU,netflix,programming,14929.0,tv,Heartland,100.0,2007.0,Family|Drama|Comedy,Family,Scripted series,CA,en,CBC Television,SEVEN24 Films,,,False,False
Hercules,AU,netflix,programming,11970.0,movie,Hercules,100.0,1997.0,Animation|Family|Fantasy|Adventure|Comedy|Romance,Animation,Animated film,US,en,,Walt Disney Feature Animation,,,False,False
Him,US,netflix,programming,986097.0,movie,HIM,100.0,2025.0,Horror|Mystery|Thriller,Horror,Film,US,en,,Monkeypaw Productions|Universal Pictures,Universal Pictures,,True,False
Hoax: The Kidnapping of Sherri Papini,US,netflix,programming,1074896.0,movie,Hoax: The Kidnapping of Sherri Papini,100.0,2023.0,TV Movie|Drama|Crime,TV Movie,Film,US,en,,Johnson Production Group|Lifetime,,,False,False
Home,US,netflix,programming,228161.0,movie,Home,100.0,2015.0,Fantasy|Comedy|Animation|Science Fiction|Family,Fantasy,Animated film,US,en,,DreamWorks Animation,DreamWorks Animation,,True,False
Home Economics,AU,netflix,programming,114413.0,tv,Home Economics,100.0,2021.0,Comedy,Comedy,Scripted series,US,en,ABC,Lionsgate Television|The Tannenbaum Company|Colton & Aboud|ABC Signature,,,False,False
Homefront,US,netflix,programming,204082.0,movie,Homefront,100.0,2013.0,Action|Thriller,Action,Film,US,en,,Open Road Films|Millennium Media|Universal Pictures,Universal Pictures,,True,False
Homeland,US,nielsen,programming,1407.0,tv,Homeland,100.0,2011.0,Drama|War & Politics|Crime,Drama,Scripted series,US,en,Showtime,Showtime Networks|Teakwood Lane Productions|Cherry Pie Productions|Keshet Broadcasting|Fox 21|Fox 21 Television Studios|Keshet International,,,False,False
Homicide,AU|US,netflix,programming,5291.0,tv,Homicide,100.0,1964.0,Drama|Crime|Action & Adventure,Drama,Scripted series,AU,en,Seven Network,Crawford Productions|Seven Network,,,False,False
Homicide Squad: New Orleans,US,netflix,programming,279937.0,tv,Homicide Squad New Orleans,100.0,2025.0,Crime|Documentary,Crime,Documentary,US,en,A&E,44 Blue Productions|Wolf Entertainment,Wolf Entertainment,,True,False
Honest Thief,US,netflix,programming,553604.0,movie,Honest Thief,100.0,2020.0,Thriller|Action|Crime,Thriller,Film,US,en,,The Solution|Dreadnought Films|Zero Gravity Management|Argonaut Entertainment Partners|Honest Thief Productions|Ingenious Media|J Cubed Film Finance|Samuel Marshall Productions|Sprockefeller Pictures,,,False,False
Hoppers,US,nielsen,programming,1327819.0,movie,Hoppers,100.0,2026,Adventure|Animation|Comedy|Family|Science Fiction,Adventure,Animated film,US,en,,Pixar,,,False,False
Hot Ones: Extra Heat,AU|US,netflix,programming,326194.0,tv,Hot Ones: Extra Heat,100.0,2026.0,Talk,Talk,Talk / variety,US,en,Netflix,Digital Cinema Collective,,,False,False
Hot Pursuit,AU,netflix,programming,268920.0,movie,Hot Pursuit,100.0,2015.0,Action|Comedy,Action,Film,US,en,,New Line Cinema|Pacific Standard|Metro-Goldwyn-Mayer,,,False,False
Hotel Transylvania 3: Summer Vacation,US,netflix,programming,400155.0,movie,Hotel Transylvania 3: Summer Vacation,100.0,2018.0,Animation|Comedy|Family|Fantasy,Animation,Animated film,US,en,,Columbia Pictures|Sony Pictures Animation|MRC,,,False,False
House of Guinness,AU|US,netflix,programming,250988.0,tv,House of Guinness,100.0,2025.0,Drama,Drama,Scripted series,GB,en,Netflix,Kudos|Nebulastar,,,False,False
House of the Dragon,US,nielsen,programming,94997.0,tv,House of the Dragon,100.0,2022.0,Sci-Fi & Fantasy|Drama|Action & Adventure,Sci-Fi & Fantasy,Scripted series,US,en,HBO,HBO|Bastard Sword|1:26 Pictures|GRRM,,,False,False
How To Get To Heaven From Belfast,AU,netflix,programming,233079.0,tv,How to Get to Heaven from Belfast,100.0,2026.0,Mystery|Comedy|Drama,Mystery,Scripted series,GB,en,Netflix,Hat Trick Productions,,,False,False
How the Grinch Stole Christmas,AU,netflix,programming,8871.0,movie,How the Grinch Stole Christmas,100.0,2000.0,Family|Comedy|Fantasy,Family,Film,US,en,,Universal Pictures|Imagine Entertainment|LUNI Productions,Universal Pictures,,True,False
How the Grinch Stole Christmas (2000),US,nielsen,programming,8871.0,movie,How the Grinch Stole Christmas,100.0,2000.0,Family|Comedy|Fantasy,Family,Film,US,en,,Universal Pictures|Imagine Entertainment|LUNI Productions,Universal Pictures,,True,False
How to Train Your Dragon,AU|US,netflix,programming,1087192.0,movie,How to Train Your Dragon,100.0,2025.0,Fantasy|Family|Action|Adventure,Fantasy,Film,US,en,,DreamWorks Animation|Marc Platt Productions,DreamWorks Animation,,True,False
Hulk Hogan: Real American,AU|US,netflix,programming,318880.0,tv,Hulk Hogan: Real American,100.0,2026.0,Documentary,Documentary,Documentary,US,en,Netflix,Words + Pictures|World Wrestling Entertainment,,,False,False
Hunting Housewives,US,netflix,programming,1239303.0,movie,Hunting Housewives,100.0,2024.0,Drama|TV Movie,Drama,Film,US,en,,Lifetime|Brain Power Studio|Nicely Entertainment,,,False,False
"Husband, Father, Killer: The Alyssa Pladl Story",US,netflix,programming,1373873.0,movie,Husband Father Killer: The Alyssa Pladl Story,100.0,2024.0,Drama|Crime|TV Movie,Drama,Film,US,en,,Rohm Feifer Entertainment|Lifetime|Johnson Production Group,,,False,False
I AM CHEVY CHASE AND YOU’RE NOT,AU,voz,no TMDB result,,,,0.0,,,,,,,,,,,,
I Know What You Did Last Summer,US,netflix,programming,1083433.0,movie,I Know What You Did Last Summer,100.0,2025.0,Horror|Thriller|Mystery,Horror,Film,US,en,,Columbia Pictures|Original Film|Screen Gems|TSG Entertainment,,,False,False
I Survived a Serial Killer,US,netflix,programming,131458.0,tv,I Survived a Serial Killer,100.0,2021.0,Crime|Documentary,Crime,Documentary,US,en,A&E,,,,False,False
I WAS ACTUALLY THERE,AU,voz,programming,258908.0,tv,I Was Actually There,100.0,2024.0,Documentary,Documentary,Documentary,AU,en,ABC TV,Australian Broadcasting Corporation|Docker Media Production (AU),,,False,False
I Will Find You,AU|US,netflix|nielsen,programming,278178.0,tv,I Will Find You,100.0,2026.0,Drama|Mystery|Crime,Drama,Scripted limited series,US,en,Netflix,Final Twist Productions|Story Math,,,False,False
I'm Not Afraid,US,netflix,programming,290232.0,tv,I'm Not Afraid,100.0,2026.0,Drama,Drama,Scripted limited series,MX,es,Netflix,Alebrije Producciones|Primer Pictures Official,,,False,False
IF,AU,netflix,programming,639720.0,movie,IF,100.0,2024.0,Comedy|Fantasy|Family,Comedy,Film,US,en,,Paramount Pictures|Sunday Night Productions|Maximum Effort,,,False,False
INSIDERS,AU,voz,news/sport/live,,,,,,,,,,,,,,,,
INSIDERS: BUDGET NIGHT SPECIAL,AU,voz,news/sport/live,,,,,,,,,,,,,,,,
IT: Welcome to Derry,US,nielsen,programming,200875.0,tv,IT: Welcome to Derry,100.0,2025.0,Drama|Mystery,Drama,Scripted series,US,en,HBO,Warner Bros. Television|Double Dream|Rideback|Vertigo Entertainment|HBO|FiveTen Productions|K Plus Ultra,,,False,False
Identity Thief,AU,netflix,programming,109431.0,movie,Identity Thief,100.0,2013.0,Comedy|Crime,Comedy,Film,US,en,,Stuber Pictures|Aggregate Films|DumbDumb|Universal Pictures|Bluegrass Films,Universal Pictures,,True,False
Idiocracy,US,netflix,programming,7512.0,movie,Idiocracy,100.0,2006.0,Comedy|Science Fiction|Adventure|Thriller,Comedy,Film,US,en,,20th Century Fox|Ternion Pictures,,,False,False
Idli Kadai,AU,netflix,programming,1323880.0,movie,Idli Kadai,100.0,2025.0,Action|Drama|Comedy,Action,Film,IN,ta,,Dawn Pictures|Wunderbar Films|Red Giant Movies,,,False,False
In Her Shoes,AU,netflix,programming,11931.0,movie,In Her Shoes,100.0,2005.0,Comedy|Drama|Romance,Comedy,Film,US,en,,Deuce Three Productions|Fox 2000 Pictures|Scott Free Productions,,,False,False
In Your Dreams,AU|US,netflix|nielsen,programming,1117857.0,movie,In Your Dreams,100.0,2025.0,Adventure|Animation|Comedy|Family|Fantasy,Adventure,Animated film,US,en,,Kuku Studios|Netflix Animation Studios,,,False,False
In the Land of Saints and Sinners,US,netflix,programming,1027073.0,movie,In the Land of Saints and Sinners,100.0,2023.0,Action|Thriller|Crime,Action,Film,IE,en,,Facing East Entertainment|Jumpy Cow Pictures|Merlin Films|Prodigal Films|Bleiberg Entertainment|Saga Film|Davis Films,,,False,False
In the Lost Lands,AU,netflix,programming,324544.0,movie,In the Lost Lands,100.0,2025.0,Action|Fantasy|Western|Adventure|Horror,Action,Film,DE|CH,en,,Constantin Film|Spark Productions,,,False,False
Independence Day,US,netflix,programming,602.0,movie,Independence Day,100.0,1996.0,Action|Adventure|Science Fiction,Action,Film,US,en,,20th Century Fox|Centropolis Entertainment,,,False,False
Inside,AU,netflix,programming,256052.0,tv,Inside,100.0,2024.0,Reality,Reality,Reality / unscripted,GB,en,Netflix|YouTube,Sidemen Entertainment,,,False,False
"Instadocs: Alex Murdaugh, Unconvicted",AU|US,netflix,programming,334250.0,tv,Instadocs,80.0,2026.0,Documentary,Documentary,Documentary,FR,fr,,,,,False,False
Instadocs: The Decoy Plane,AU|US,netflix,programming,334250.0,tv,Instadocs,80.0,2026.0,Documentary,Documentary,Documentary,FR,fr,,,,,False,False
Is It Cake? Halloween,AU|US,netflix,programming,300594.0,tv,Is It Cake? Halloween,100.0,2025.0,Reality,Reality,Reality / unscripted,US,en,Netflix,Alfred Street Industries,,,False,False
Is It Cake? Holiday,US,netflix,programming,275144.0,tv,Is It Cake? Holiday,100.0,2024.0,Reality,Reality,Reality / unscripted,US,en,Netflix,Alfred Street Industries,,,False,False
Is It Cake? Valentines,AU|US,netflix,no TMDB result,,,,0.0,,,,,,,,,,,,
I’M A CELEBRITY…GET ME OUT OF HERE!,AU,voz,programming,61913.0,tv,I'm a Celebrity: Get Me Out of Here!,100.0,2015.0,Reality,Reality,Reality / unscripted,AU,en,10|Seven Network,ITV Studios Australia,,,False,False
I’M A CELEBRITY…GET ME OUT OF HERE! GRAND FINALE,AU,voz,news/sport/live,,,,,,,,,,,,,,,,
JAMIE DURIE’S FUTURE HOUSE,AU,voz,programming,307412.0,tv,Jamie Durie's Future House,100.0,2025.0,,Unknown,Reality / unscripted,AU,en,Nine Network,Nine Network Australia,,,False,False
JOHN FARNHAM,AU,voz,programming,943327.0,movie,John Farnham: 33⅓,100.0,2000.0,,Unknown,Film,AU,en,,,,,False,False
Jack Reacher: Never Go Back,AU,netflix,programming,343611.0,movie,Jack Reacher: Never Go Back,100.0,2016.0,Action|Thriller|Crime,Action,Film,US,en,,Skydance Media|Huahua Media|Shanghai Film Group|TC Productions|Paramount Pictures,,,False,False
Jake Paul vs. Anthony Joshua,AU|US,netflix,news/sport/live,,,,,,,,,,,,,,,,
Jay Kelly,AU|US,netflix,programming,1069905.0,movie,Jay Kelly,100.0,2025.0,Drama|Comedy,Drama,Film,GB|US,en,,Pascal Pictures|Heyday Films|NB/GG Pictures,,,False,False
Jeff Arcuri: Nice to Meet You,US,netflix,no TMDB result,,,,0.0,,,,,,,,,,,,
Jeffrey Epstein: Filthy Rich,AU|US,netflix,programming,103506.0,tv,Jeffrey Epstein: Filthy Rich,100.0,2020.0,Crime|Documentary,Crime,Documentary,US,en,Netflix,RadicalMedia|James Patterson Entertainment|Third Eye Motion Picture Company,,,False,False
Jennifer's Body,US,netflix,programming,19994.0,movie,Jennifer's Body,100.0,2009.0,Horror|Comedy,Horror,Film,US,en,,Fox Atomic|Dubiecki/Novick/Reitman Productions|Dune Entertainment,,,False,False
Jingle Bell Heist,AU|US,netflix,programming,1218762.0,movie,Jingle Bell Heist,100.0,2025.0,Romance|Crime|Comedy,Romance,Film,GB|US,en,,ACE Entertainment|Tea Shop Productions,,,False,False
Jo Koy: Blue in the Face,AU|US,netflix,no TMDB result,,,,0.0,,,,,,,,,,,,
Joe’s College Road Trip,AU|US,netflix,programming,1243460.0,movie,Joe's College Road Trip,100.0,2026.0,Comedy,Comedy,Film,US,en,,Tyler Perry Studios|Netflix,,,False,False
Jolly LLB 3,AU,netflix,programming,1015981.0,movie,Jolly LLB 3,100.0,2025.0,Drama|Comedy,Drama,Film,IN,hi,,Star Studios|Kangra Talkies,,,False,False
José Totoy 3,AU|US,netflix,no TMDB result,,,,0.0,,,,,,,,,,,,
Jumanji: Welcome to the Jungle,US,netflix,programming,353486.0,movie,Jumanji: Welcome to the Jungle,100.0,2017.0,Adventure|Comedy|Fantasy,Adventure,Film,US,en,,Matt Tolmach Productions|Seven Bucks Productions|Columbia Pictures,,,False,False
Jurassic World,US,netflix,programming,135397.0,movie,Jurassic World,100.0,2015.0,Adventure|Science Fiction|Thriller,Adventure,Film,US,en,,Amblin Entertainment|Universal Pictures|Legendary Pictures,Universal Pictures,,True,False
Jurassic World Rebirth,AU|US,netflix|nielsen,programming,1234821.0,movie,Jurassic World Rebirth,100.0,2025.0,Science Fiction|Adventure|Action,Science Fiction,Film,US,en,,Universal Pictures|Amblin Entertainment,Universal Pictures,,True,False
Jurassic World: Dominion,US,netflix,programming,507086.0,movie,Jurassic World Dominion,100.0,2022.0,Adventure|Science Fiction|Thriller,Adventure,Film,US,en,,Amblin Entertainment|Universal Pictures,Universal Pictures,,True,False
Jurassic World: Fallen Kingdom,US,netflix,programming,351286.0,movie,Jurassic World: Fallen Kingdom,100.0,2018.0,Adventure|Science Fiction|Thriller,Adventure,Film,US,en,,Amblin Entertainment|Universal Pictures,Universal Pictures,,True,False
Juror #2,AU,netflix,programming,1106739.0,movie,Juror #2,100.0,2024.0,Drama|Thriller,Drama,Film,US,en,,Warner Bros. Pictures|Malpaso Productions|Dichotomy Films,,,False,False
Just Go With It,US,netflix,programming,50546.0,movie,Just Go with It,100.0,2011.0,Comedy|Romance,Comedy,Film,US,en,,Columbia Pictures|Happy Madison Productions,,,False,False
Just Like Heaven,AU,netflix,programming,9007.0,movie,Just Like Heaven,100.0,2005.0,Comedy|Romance|Fantasy,Comedy,Film,US,en,,DreamWorks Pictures|Parkes+MacDonald Production,,,False,False
KARTAVYA,AU,netflix,programming,1628367.0,movie,Kartavya,100.0,2026.0,Crime|Drama|Thriller,Crime,Film,IN,hi,,Red Chillies Entertainment,,,False,False
KING & CONQUEROR,AU,voz,programming,240558.0,tv,King & Conqueror,100.0,2025.0,Drama|Action & Adventure|War & Politics,Drama,Scripted limited series,GB,en,BBC One,BBC|Rabbit Track Pictures|Shepherd Content|The Development Partnership|CBS Studios|RVK Studios,,,False,False
KITCHEN CABINET,AU,voz,programming,58062.0,tv,Kitchen Cabinet,100.0,2012.0,Talk,Talk,Talk / variety,AU,en,ABC TV|ABC2,Australian Broadcasting Corporation,,,False,False
KPop Demon Hunters,AU|US,netflix|nielsen,programming,803796.0,movie,KPop Demon Hunters,100.0,2025.0,Fantasy|Music|Comedy|Animation,Fantasy,Animated film,US,en,,Sony Pictures Animation,,,False,False
Kangaroo Island,AU,netflix,programming,1307029.0,movie,Kangaroo Island,100.0,2025.0,Drama|Comedy,Drama,Film,AU,en,,Pouch Potato Productions Pty Ltd|Piro,,,False,False
Karate Kid: Legends,US,netflix,programming,1011477.0,movie,Karate Kid: Legends,100.0,2025.0,Action|Adventure|Drama,Action,Film,US,en,,Columbia Pictures|Sunswept Entertainment|TSG Entertainment,,,False,False
Katt Williams: The Last Report,AU|US,netflix,no TMDB result,,,,0.0,,,,,,,,,,,,
Kevin Hart: Acting My Age,AU|US,netflix,excluded by review,128432.0,tv,Kevin Hart: Lyft Legend,63.0,2017.0,Comedy|Reality,Comedy,Reality / unscripted,US,en,,,,,False,False
Kidnapped: Elizabeth Smart,AU|US,netflix,programming,1595481.0,movie,Kidnapped: Elizabeth Smart,100.0,2026.0,Documentary,Documentary,Film,US,en,,Minnow Films,,,False,False
Kill Tony: Once Upon a Time in Texas,US,netflix,programming,292601.0,tv,Kill Tony,80.0,,Comedy,Comedy,Talk / variety,US,en,,,,,False,False
Killer Whale,AU,netflix,programming,1412598.0,movie,Killer Whale,100.0,2026.0,Thriller|Horror|Action,Thriller,Film,AU,en,,Jaggi Entertainment|Metrol Technology|Ace Entertainment Films|Head Gear Films|Asia Pacific Film Group|Screen Queensland,,,False,False
Killing Faith,AU,netflix,programming,1200320.0,movie,Killing Faith,100.0,2025.0,Thriller|Western,Thriller,Film,US,en,,Film Bridge International|Filmology Finance|BondIt Media Capital|Choice Films,,,False,False
Knock at the Cabin,US,netflix,programming,631842.0,movie,Knock at the Cabin,100.0,2023.0,Horror|Mystery|Thriller,Horror,Film,US,en,,Blinding Edge Pictures|FilmNation Entertainment|Wishmore|Universal Pictures,Universal Pictures,,True,False
Knocked Up,AU,netflix,programming,4964.0,movie,Knocked Up,100.0,2007.0,Comedy|Romance|Drama,Comedy,Film,US,en,,Apatow Productions|Universal Pictures,Universal Pictures,,True,False
Kung Fu Panda 3,AU,netflix,programming,140300.0,movie,Kung Fu Panda 3,100.0,2016.0,Animation|Action|Adventure|Comedy|Family,Animation,Animated film,US,en,,DreamWorks Animation|Oriental DreamWorks|Zhong Ming You Ying Film|China Film Group Corporation,DreamWorks Animation,,True,False
Kylie,AU,netflix,programming,320472.0,tv,Kylie,100.0,2026.0,Documentary,Documentary,Documentary,US,en,Netflix,Ventureland,,,False,False
LEGO MASTERS BRICKTACULAR,AU,voz,programming,88754.0,tv,LEGO Masters,100.0,2019,Family|Reality,Family,Reality / unscripted,AU,en,Nine Network,EndemolShine Australia|The LEGO Group,,,False,False
LIVE AID: WHEN ROCK ‘N’ ROLL TOOK ON THE WORLD,AU,voz,news/sport/live,,,,,,,,,,,,,,,,
LOGIES RED CARPET,AU,voz,no TMDB result,,,,0.0,,,,,,,,,,,,
LONG LOST FAMILY: SHIPPED TO AUSTRALIA,AU,voz,programming,39265.0,tv,Long Lost Family,80.0,2011.0,Documentary|Family,Documentary,Documentary,GB,en,ITV1,Wall to Wall|Shed Media,,,False,False
LOVE ISLAND AUSTRALIA,AU,voz,programming,79792.0,tv,Love Island Australia,100.0,2018.0,Reality,Reality,Reality / unscripted,AU,en,Nine Network|9Go!|9now,ITV Studios Australia,,,False,False
La Brea,US,netflix|nielsen,programming,128839.0,tv,La Brea,100.0,2021.0,Sci-Fi & Fantasy|Drama|Action & Adventure,Sci-Fi & Fantasy,Scripted series,US,en,NBC,Keshet Studios|Universal Television|Matchbox Pictures,Universal Television,NBC,True,False
Ladies First,AU|US,netflix,programming,1368881.0,movie,Ladies First,100.0,2026.0,Comedy|Fantasy,Comedy,Film,US,en,,3dot Productions|Netflix,,,False,False
Land of the Lost,AU,netflix,programming,18162.0,movie,Land of the Lost,100.0,2009.0,Adventure|Science Fiction|Comedy|Action,Adventure,Film,US,en,,Universal Pictures|Relativity Media|Sid & Marty Krofft Pictures|Mosaic Media Group,Universal Pictures,,True,False
Landman,US,nielsen,programming,157741.0,tv,Landman,100.0,2024.0,Drama,Drama,Scripted series,US,en,Paramount+,Bosque Ranch Productions|101 Studios|MTV Entertainment Studios|Texas Monthly|Imperative Entertainment|Paramount Television Studios,,,False,False
Lanterns,US,nielsen,programming,95350.0,tv,Lanterns,100.0,2026.0,Drama|Mystery|Sci-Fi & Fantasy,Drama,Scripted series,US,en,HBO,"DC Studios|HBO|Warner Bros. Television|Man, Woman & Child Productions",,,False,False
Last Breath,AU,netflix,programming,972533.0,movie,Last Breath,100.0,2025.0,Thriller|Drama,Thriller,Film,US,en,,Dark Castle Entertainment|MetFilm Production|Longshot Films|Floating Harbour|FilmNation Entertainment|Thing 44|Aperture Media Partners,,,False,False
Last Samurai Standing,AU|US,netflix,programming,252193.0,tv,Last Samurai Standing,100.0,2025.0,Action & Adventure|Drama,Action & Adventure,Scripted series,JP,ja,Netflix,Netflix|Office Shirous,,,False,False
Law & Order,US,nielsen,programming,549.0,tv,Law & Order,100.0,1990.0,Crime|Drama,Crime,Scripted series,US,en,NBC,Wolf Entertainment|Universal Television|Universal Media Studios|Studios USA,Wolf Entertainment,NBC,True,False
Law Abiding Citizen,US,netflix,programming,22803.0,movie,Law Abiding Citizen,100.0,2009.0,Drama|Crime|Thriller,Drama,Film,US,en,,The Film Department|Evil Twins|Warp Films|Overture Films|G-BASE,,,False,False
Lawmen: Bass Reeves,AU|US,netflix,programming,157732.0,tv,Lawmen: Bass Reeves,100.0,2023.0,Drama,Drama,Scripted limited series,US,en,Paramount+,Yoruba Saxon|Bosque Ranch Productions|MTV Entertainment Studios|101 Studios|Catch Fire Films,,,False,False
Lead Children,AU,netflix,programming,270444.0,tv,Lead Children,100.0,2026.0,Drama|War & Politics,Drama,Scripted limited series,PL,pl,Netflix,Orient Film,,,False,False
Leanne,US,netflix,programming,252751.0,tv,Leanne,100.0,2025.0,Comedy,Comedy,Scripted series,US,en,Netflix,Chuck Lorre Productions|Warner Bros. Television,,,False,False
Leanne Morgan: Unspeakable Things,US,netflix,no TMDB result,,,,0.0,,,,,,,,,,,,
Legends,AU|US,netflix,programming,60855.0,tv,Legends,100.0,2014.0,Crime|Mystery|Action & Adventure,Crime,Scripted series,US,en,TNT,Paperboy Productions|Teakwood Lane Productions|Fox 21|Fox 21 Television Studios,,,False,False
Let Him Go,AU,netflix,programming,596161.0,movie,Let Him Go,100.0,2020.0,Thriller|Crime|Western,Thriller,Film,CA|US,en,,The Mazur Kaplan Company|Focus Features,Focus Features,,True,False
Let's Marry Harry,AU|US,netflix,programming,327817.0,tv,Let's Marry Harry,100.0,2026.0,Reality,Reality,Reality / unscripted,US,en,Netflix,Unwell Productions,,,False,False
Let's Marry Harry: The Reunion,AU|US,netflix,programming,327817.0,tv,Let's Marry Harry,80.0,2026.0,Reality,Reality,Reality / unscripted,US,en,Netflix,Unwell Productions,,,False,False
Life After Fighting,AU,netflix,programming,1289601.0,movie,Life After Fighting,100.0,2024.0,Action|Drama|Thriller,Action,Film,AU,en,,Blue Stone Media|Broken Yellow|Spinning Plates|Vertical,,,False,False
Life of the Party,US,netflix,programming,399796.0,movie,Life of the Party,100.0,2018.0,Comedy,Comedy,Film,US,en,,On the Day|New Line Cinema,,,False,False
Lioness,US,nielsen,programming,113962.0,tv,Lioness,100.0,2023.0,Drama|War & Politics,Drama,Scripted series,US,en,Paramount+,Blossom Films|MTV Entertainment Studios|101 Studios|Bosque Ranch Productions|Cinestar Pictures|Paramount Television Studios,,,False,False
Little Brother,AU|US,netflix,programming,1397385.0,movie,Little Brother,100.0,2026.0,Comedy,Comedy,Film,US,en,,Middle Child Pictures,,,False,False
Little House on the Prairie,AU|US,netflix,programming,1781.0,tv,Little House on the Prairie,100.0,1974.0,Western|Drama|Family,Western,Scripted series,US,en,NBC,Worldvision Enterprises|Ed Friendly Productions|NBC|NBC Studios,NBC Studios,NBC,True,False
Locked,AU,netflix,programming,1083968.0,movie,Locked,100.0,2025.0,Horror|Thriller,Horror,Film,US,en,,North.Five.Six.|ZQ Entertainment|R.U. Robot Studios|Arcana Studio|Sillen Productions|BondIt Media Capital|Exemplary Films|Magic Button Films|Longevity Pictures|Blue Rider Pictures|Raimi Productions|The Avenue Entertainment|A-A Productions,,,False,False
Longlegs,AU,netflix,programming,1226578.0,movie,Longlegs,100.0,2024.0,Crime|Horror|Mystery,Crime,Film,US,en,,C2 Motion Picture Group|Saturn Films|Oddfellows Entertainment|Traffic.|Range Media Partners,,,False,False
Lord of the Flies,US,netflix,programming,270572.0,tv,Lord of the Flies,100.0,2026.0,Drama|Action & Adventure,Drama,Scripted limited series,GB,en,BBC One,Eleven|One Shoe Films|BBC,,,False,False
Louis C.K.: Ridiculous,US,netflix,excluded by review,49458.0,tv,Louis CK Stand Up,64.0,1996.0,Comedy,Comedy,Scripted series,US,en,,,,,False,False
Louis Theroux: Inside the Manosphere,AU,netflix,programming,1633264.0,movie,Louis Theroux: Inside the Manosphere,100.0,2026.0,Documentary,Documentary,Film,GB,en,,Mindhouse Productions,,,False,False
Love & Death,US,netflix,programming,124800.0,tv,Love & Death,100.0,2023.0,Crime|Drama,Crime,Scripted limited series,US,en,HBO Max|Max,Lionsgate Television|David E. Kelley Productions|Blossom Films|Whatever Lola Wants Productions,,,False,False
Love Actually,AU,netflix,programming,508.0,movie,Love Actually,100.0,2003.0,Comedy|Romance|Drama,Comedy,Film,GB,en,,Working Title|DNA Films|StudioCanal,,,False,False
Love Is Blind,US,netflix|nielsen,programming,99353.0,tv,Love Is Blind,100.0,2020.0,Reality,Reality,Reality / unscripted,US,en,Netflix,Kinetic Content,,,False,False
Love Island USA,US,nielsen,programming,90521.0,tv,Love Island USA,100.0,2019.0,Reality,Reality,Reality / unscripted,US,en,CBS|Peacock,ITV Global Entertainment|ITV America,,Peacock,False,True
Love on the Spectrum,AU|US,netflix,programming,200731.0,tv,Love on the Spectrum,100.0,2022.0,Documentary|Reality,Documentary,Reality / unscripted,US,en,Netflix,Northern Pictures,,,False,False
M*A*S*H,AU,voz,programming,918.0,tv,M*A*S*H,100.0,1972.0,War & Politics|Drama|Comedy,War & Politics,Scripted series,US,en,CBS,20th Century Fox Television,,,False,False
M3GAN 2.0,AU|US,netflix,programming,1071585.0,movie,M3GAN 2.0,100.0,2025.0,Action|Science Fiction|Thriller,Action,Film,US,en,,Blumhouse Productions|Atomic Monster|Divide / Conquer,,,False,False
MADONNA & GRAHAM,AU,voz,programming,1713222.0,movie,Madonna + Graham,91.0,2026.0,Documentary,Documentary,Film,GB,en,,So Television|BBC Studios Music Productions,,,False,False
MAIGRET,AU,voz,programming,26992.0,tv,Maigret,100.0,1960.0,Crime|Drama|Mystery,Crime,Scripted series,GB,en,BBC One,BBC,,,False,False
MARINES,AU|US,netflix,programming,303173.0,tv,MARINES,100.0,2025.0,Documentary,Documentary,Documentary,US,en,Netflix,Lucky8 TV|Amblin Television,,,False,False
MARRIED AT FIRST SIGHT,AU,voz,programming,62705.0,tv,Married at First Sight,100.0,2015.0,Reality,Reality,Reality / unscripted,AU,en,Nine Network,EndemolShine Australia,,,False,False
MASTERCHEF AUSTRALIA,AU,voz,programming,16395.0,tv,MasterChef Australia,100.0,2009.0,Reality,Reality,Reality / unscripted,AU,en,10,EndemolShine Australia,,,False,False
MEDIA WATCH,AU,voz,news/sport/live,,,,,,,,,,,,,,,,
MEDIA WATCH-LE,AU,voz,news/sport/live,,,,,,,,,,,,,,,,
MELBOURNE CUP CARNIVAL,AU,voz,news/sport/live,,,,,,,,,,,,,,,,
MIDSOMER MURDERS,AU,voz,programming,764.0,tv,Midsomer Murders,100.0,1997.0,Crime|Drama|Mystery,Crime,Scripted series,GB,en,ITV1,Bentley Productions|ITV|BBC,,,False,False
MILLIONAIRE HOT SEAT,AU,voz,programming,30751.0,tv,Millionaire Hot Seat,100.0,2009.0,,Unknown,Scripted series,AU,en,Nine Network,,,,False,False
MURDER DOWN UNDER,AU,voz,programming,281131.0,tv,Murder Down Under,100.0,2024.0,Documentary,Documentary,Documentary,AU,en,Nine Network,Perpetual Entertainment|Nine Network Australia,,,False,False
MURDER IN A SMALL TOWN,AU,voz,programming,241549.0,tv,Murder in a Small Town,100.0,2024.0,Drama|Crime,Drama,Scripted series,CA|US,en,FOX|Global TV,Sepia Films|Soapbox Productions|MoJo Global Arts|FOX Entertainment|Future Shack Entertainment,,,False,False
MUSTER DOGS,AU,voz,programming,156127.0,tv,Muster Dogs,100.0,2022.0,Documentary,Documentary,Documentary,AU,en,ABC TV,Ambience Entertainment,,,False,False
MUSTER DOGS: WHERE ARE THEY NOW,AU,voz,programming,278572.0,tv,Muster Dogs: Where Are They Now,100.0,2024.0,Documentary,Documentary,Documentary,AU,en,ABC TV,Ambience Entertainment,,,False,False
MY KITCHEN RULES,AU,voz,programming,30745.0,tv,My Kitchen Rules,100.0,2010.0,Reality,Reality,Reality / unscripted,AU,en,Seven Network,Beyond Productions|ITV Studios Australia,,,False,False
MY RENO RULES,AU,voz,programming,320355.0,tv,My Reno Rules,100.0,2026.0,,Unknown,Scripted series,AU,en,,,,,False,False
MYSTERY ROAD: ORIGIN,AU,voz,programming,205242.0,tv,Mystery Road: Origin,100.0,2022.0,Drama|Crime,Drama,Scripted series,AU,en,ABC TV,Bunya Productions,,,False,False
Maa Behen,AU,netflix,programming,1628448.0,movie,Maa Behen,100.0,2026.0,Comedy|Thriller|Drama,Comedy,Film,IN,hi,,Abundantia Entertainment,,,False,False
Madagascar,AU|US,netflix,programming,953.0,movie,Madagascar,100.0,2005.0,Adventure|Animation|Comedy|Family,Adventure,Animated film,US,en,,Pacific Data Images|DreamWorks Animation,DreamWorks Animation,,True,False
Madam,AU,netflix,programming,80181.0,tv,Madam Cutie On Duty,100.0,2015.0,Comedy,Comedy,Scripted series,HK,cn,TVB Jade,TVB,,,False,False
Madame Web,AU,netflix,programming,634492.0,movie,Madame Web,100.0,2024.0,Action|Fantasy,Action,Film,US,en,,Columbia Pictures|di Bonaventura Pictures,,,False,False
Major Crimes,US,nielsen,programming,39483.0,tv,Major Crimes,100.0,2012.0,Crime|Drama,Crime,Scripted series,US,en,TNT,Warner Bros. Television|The Shephard/Robin Company|Walking Entropy,,,False,False
Man Vs Baby,AU|US,netflix,programming,279601.0,tv,Man vs Baby,100.0,2025.0,Comedy|Family,Comedy,Scripted limited series,GB,en,Netflix,HouseSitter Productions,,,False,False
Man on Fire,AU|US,netflix,programming,9509.0,movie,Man on Fire,100.0,2004.0,Action|Drama|Thriller,Action,Film,US,en,,Fox 2000 Pictures|Regency Enterprises|New Regency Pictures|Scott Free Productions|Epsilon Motion Pictures|Estudios Churubusco Azteca|20th Century Fox,,,False,False
Mango,AU,netflix,programming,1592821.0,movie,Mango Pachcha,100.0,2026.0,Crime|Drama|Action,Crime,Film,IN,kn,,KRG Studios|Supriyanvi Picture Studio,,,False,False
Marcello Hernández: American Boy,US,netflix,no TMDB result,,,,0.0,,,,,,,,,,,,
Mardaani 3,AU,netflix,programming,1339876.0,movie,Mardaani 3,100.0,2026.0,Action|Crime|Thriller,Action,Film,IN,hi,,Yash Raj Films,,,False,False
Mark Rober's CrunchLabs,AU|US,netflix,programming,306074.0,tv,Mark Rober's CrunchLabs,100.0,2025.0,Family|Documentary,Family,Documentary,US,en,,,,,False,False
Maternal Instinct,AU|US,netflix|nielsen,programming,1699155.0,movie,Maternal Instinct,100.0,2026.0,Documentary|Crime,Documentary,Film,US,en,,Story Syndicate,,,False,False
Matt Rife: Unwrapped - A Christmas Crowd Work Special,AU|US,netflix,no TMDB result,,,,0.0,,,,,,,,,,,,
Max,AU,netflix,programming,1701979.0,movie,MAX,100.0,2025.0,Animation|Mystery,Animation,Animated film,FR,fr,,La Fémis,,,False,False
Mayday,US,nielsen,programming,1137844.0,movie,Mayday,100.0,2026.0,Action|Comedy,Action,Film,US,en,,Skydance Media|Maximum Effort|GoldDay,,,False,False
Maze Runner: Death Cure,US,netflix,programming,336843.0,movie,Maze Runner: The Death Cure,92.0,2018.0,Science Fiction|Action|Adventure|Thriller,Science Fiction,Film,US,en,,The Gotham Group|Temple Hill Entertainment|20th Century Fox|Oddball Entertainment|TSG Entertainment,,,False,False
Maze Runner: The Scorch Trials,US,netflix,programming,294254.0,movie,Maze Runner: The Scorch Trials,100.0,2015.0,Science Fiction|Action|Thriller|Adventure,Science Fiction,Film,US,en,,Temple Hill Entertainment|The Gotham Group|TSG Entertainment|20th Century Fox,,,False,False
Mean Girls,US,netflix,programming,10625.0,movie,Mean Girls,100.0,2004.0,Drama|Comedy,Drama,Film,US,en,,Broadway Video|Paramount Pictures|M.G. Films,,,False,False
Michael Jackson: The Verdict,AU|US,netflix,programming,323111.0,tv,Michael Jackson: The Verdict,100.0,2026.0,Documentary,Documentary,Documentary,US,en,Netflix,Candle True Stories,,,False,False
Mickey 17,AU,netflix,programming,696506.0,movie,Mickey 17,100.0,2025.0,Science Fiction|Comedy|Adventure,Science Fiction,Film,GB|US,en,,Plan B Entertainment|Offscreen|Kate Street Picture Company|Domain Entertainment|Warner Bros. Pictures,,,False,False
Mike Epps: Delusional,US,netflix,excluded by review,334165.0,tv,Cube & Epps,55.0,,Comedy,Comedy,Scripted series,US,en,,New Line Cinema|Cube Vision|Warner Bros. Television,,,False,False
Mike and Dave Need Wedding Dates,US,netflix,programming,316023.0,movie,Mike and Dave Need Wedding Dates,100.0,2016.0,Comedy,Comedy,Film,US,en,,Chernin Entertainment|TSG Entertainment|20th Century Fox,,,False,False
Million Dollar Secret,US,netflix,programming,285205.0,tv,Million Dollar Secret,100.0,2025.0,Reality,Reality,Reality / unscripted,US|GB,en,Netflix,Spoke Studios|Wheelhouse UK,,,False,False
Mindcage,AU,netflix,programming,1043565.0,movie,Mindcage,100.0,2022.0,Mystery|Thriller|Crime,Mystery,Film,US,en,,Boomtown Media Partners|Daniel Grodnik Productions|Buffalo 8|BondIt|Lionsgate,,,False,False
Minions,US,netflix,programming,211672.0,movie,Minions,100.0,2015.0,Family|Animation|Adventure|Comedy,Family,Animated film,US,en,,Illumination|Universal Pictures,Illumination,,True,False
Minions: The Rise of Gru,US,netflix,programming,438148.0,movie,Minions: The Rise of Gru,100.0,2022.0,Animation|Comedy|Crime|Science Fiction|Family,Animation,Animated film,US,en,,Universal Pictures|Illumination,Universal Pictures,,True,False
"Miraculous World: Paris, Tales of Shadybug and Claw Noir",AU,netflix,programming,1147400.0,movie,"Miraculous World: Paris, Tales of Shadybug and Claw Noir",100.0,2024.0,Animation|Family|Action|Adventure|Fantasy,Animation,Animated film,FR,fr,,ZAG Entertainment|Method Animation,,,False,False
Miss Austen,AU,netflix,programming,241114.0,tv,Miss Austen,100.0,2025.0,Drama,Drama,Scripted limited series,GB,en,BBC One,Bonnie Productions|Masterpiece|BBC|Federation Stories|BBC One,,,False,False
Missing: Dead or Alive?,AU|US,netflix,programming,225351.0,tv,Missing: Dead or Alive?,100.0,2023.0,Crime|Documentary,Crime,Documentary,US,en,Netflix,Blast! Films,,,False,False
Mission: Impossible - Dead Reckoning,US,netflix,programming,575264.0,movie,Mission: Impossible - Dead Reckoning Part One,89.0,2023.0,Action|Adventure|Thriller,Action,Film,US,en,,Paramount Pictures|Skydance Media|TC Productions,,,False,False
Mob War: Philadelphia vs. The Mafia,AU|US,netflix,news/sport/live,,,,,,,,,,,,,,,,
Modern Family,US,nielsen,programming,1421.0,tv,Modern Family,100.0,2009.0,Comedy,Comedy,Scripted series,US,en,ABC,Levitan Lloyd Productions|20th Century Fox Television|Steven Levitan Prods|Picador Productions,,,False,False
Monster-in-Law,AU,netflix,programming,4379.0,movie,Monster-in-Law,100.0,2005.0,Romance|Comedy,Romance,Film,US,en,,New Line Cinema|BenderSpink|Spring Creek Pictures|Kumar Mobiliengesellschaft mbH & Co. Projekt Nr. 1,,,False,False
Monster: The Ed Gein Story,AU|US,netflix,programming,286801.0,tv,Monster: The Ed Gein Story,100.0,2025.0,Crime|Drama,Crime,Scripted limited series,US,en,Netflix,Ryan Murphy Television|Prospect Films,,,False,False
Monster: The Lizzie Borden Story,AU|US,netflix|nielsen,programming,299939.0,tv,Monster: The Lizzie Borden Story,100.0,2026.0,Drama|Crime,Drama,Scripted limited series,US,en,Netflix,Ryan Murphy Television|Prospect Films,,,False,False
Monsters vs. Aliens,AU,netflix,news/sport/live,,,,,,,,,,,,,,,,
Mother's Day,US,netflix,programming,353069.0,movie,Mother's Day,100.0,2016.0,Comedy|Drama|Romance,Comedy,Film,US,en,,Rice Films|GulfStream Pictures|May Day Movies|Triad Film Works|Beatnik Films|Capacity Pictures|Open Road Films|PalmStar Media|Universal Pictures,Universal Pictures,,True,False
Ms. Rachel,AU|US,netflix,programming,282238.0,tv,Ms. Rachel,100.0,2025.0,Kids,Kids,Scripted series,US,en,Netflix,,,,False,False
Murder in Monaco,AU|US,netflix,programming,1584619.0,movie,Murder in Monaco,100.0,2025.0,Crime|Documentary,Crime,Film,GB,en,,Ventureland,,,False,False
Murder in a Small Town,AU,netflix,programming,241549.0,tv,Murder in a Small Town,100.0,2024.0,Drama|Crime,Drama,Scripted series,CA|US,en,FOX|Global TV,Sepia Films|Soapbox Productions|MoJo Global Arts|FOX Entertainment|Future Shack Entertainment,,,False,False
Musafir Cafe,AU,netflix,programming,313101.0,tv,Musafir Cafe,100.0,2026.0,Drama,Drama,Scripted series,IN,hi,Netflix,Terribly Tiny Tales|Homemade Stories,,,False,False
Muzzle: City of Wolves,AU,netflix,programming,1439112.0,movie,Muzzle: City of Wolves,100.0,2025.0,Action|Thriller|Mystery,Action,Film,US,en,,Highland Film Group|Slow Burn|Broken Open Pictures|Bonfire Legend|Gramercy Park Media|Mannequin Films|Peachtree Media Partners|Vacancy Films,,,False,False
My Brilliant Career,AU|US,netflix,programming,309798.0,tv,My Brilliant Career,100.0,2026.0,Drama|Family,Drama,Scripted limited series,AU,en,Netflix,Jungle Entertainment,,,False,False
My Daughter's Father,US,netflix,programming,329394.0,tv,My Daughter's Father,100.0,2026.0,Drama,Drama,Scripted limited series,MX,es,Netflix,Mar Abierto Productions,,,False,False
My Dead Friend Zoe,AU,netflix,programming,1128505.0,movie,My Dead Friend Zoe,100.0,2024.0,Comedy|War|Drama,Comedy,Film,US,en,,Legion M|Radiant Media Studios|ReCre8 Entertainment|Blue Three Productions,,,False,False
"My Father, the BTK Killer",AU|US,netflix,programming,1550785.0,movie,"My Father, the BTK Killer",100.0,2025.0,Crime|Documentary,Crime,Film,US,en,,Campfire Studios,,,False,False
My Favorite Wedding,AU,netflix,programming,463252.0,movie,My Favorite Wedding,100.0,2017.0,Comedy|Romance|TV Movie,Comedy,Film,CA|US,en,,All Canadian Entertainment|Motion Picture Corporation of America,,,False,False
My Life With the Walter Boys,AU|US,netflix,programming,199001.0,tv,My Life with the Walter Boys,100.0,2023.0,Drama,Drama,Scripted series,US,en,Netflix,iGeneration Studios|Nomadic Pictures|Sony Pictures Television - International Production,,,False,False
My Life with the Walter Boys,US,nielsen,programming,199001.0,tv,My Life with the Walter Boys,100.0,2023.0,Drama,Drama,Scripted series,US,en,Netflix,iGeneration Studios|Nomadic Pictures|Sony Pictures Television - International Production,,,False,False
My Secret Santa,AU|US,netflix,programming,1441563.0,movie,My Secret Santa,100.0,2025.0,Comedy|Romance,Comedy,Film,US,en,,Howard Braunstein Films,,,False,False
Mystify: Michael Hutchence,AU,netflix,programming,586534.0,movie,Mystify: Michael Hutchence,100.0,2019.0,Documentary|Music,Documentary,Film,AU|US,en,,BBC Music|Dogwoof|Australian Broadcasting Corporation|Screen Australia,,,False,False
NAKED CITY: HITMEN,AU,voz,programming,336193.0,tv,Naked City: Hitmen,100.0,2026.0,Crime|Documentary,Crime,Documentary,AU,en,Nine Network,,,,False,False
NATIONAL LAMPOON’S CHRISTMAS VACATION,AU,voz,programming,5825.0,movie,National Lampoon's Christmas Vacation,100.0,1989.0,Comedy,Comedy,Film,US,en,,Hughes Entertainment|Warner Bros. Pictures,,,False,False
NCIS,US,nielsen,programming,4614.0,tv,NCIS,100.0,2003.0,Crime|Drama|Action & Adventure,Crime,Scripted series,US,en,CBS,Paramount Television|Belisarius Productions|CBS Studios,,,False,False
NEIGHBOURS,AU,voz,programming,2674.0,tv,Neighbours,100.0,1985.0,Soap|Drama|Family|Comedy,Soap,Scripted series,AU,en,10|Seven Network|Eleven|10 Comedy,Fremantle Australia|Reg Grundy Productions,,,False,False
NEW YEAR’S EVE 2025-LE,AU,voz,news/sport/live,,,,,,,,,,,,,,,,
NEW YEAR’S EVE 2025: CALLING COUNTRY FIREWORKS,AU,voz,news/sport/live,,,,,,,,,,,,,,,,
NEW YEAR’S EVE 2025: COUNTDOWN TO MIDNIGHT-LE,AU,voz,news/sport/live,,,,,,,,,,,,,,,,
NEW YEAR’S EVE 2025: LIVE CONCERT FROM THE OPERA HOUSE,AU,voz,news/sport/live,,,,,,,,,,,,,,,,
NEW YEAR’S EVE 2025: MIDNIGHT FIREWORKS-EM,AU,voz,news/sport/live,,,,,,,,,,,,,,,,
NEW YEAR’S EVE 2025: WELCOME TO NYE,AU,voz,news/sport/live,,,,,,,,,,,,,,,,
NEW ZEALAND SPY,AU,voz,programming,320348.0,tv,New Zealand Spy,100.0,2026.0,Comedy|Drama,Comedy,Scripted series,NZ,en,TVNZ 2|TVNZ+,Kevin & Co,,,False,False
NFL,AU,voz,excluded by review,137023.0,tv,NFL Icons,50.0,2021.0,Documentary,Documentary,Documentary,US,en,Epix|MGM+,,,,False,False
NINE DAYS IN AFGHANISTAN,AU,voz,no TMDB result,,,,0.0,,,,,,,,,,,,
NRL GRAND FINAL COUNTDOWN,AU,voz,news/sport/live,,,,,,,,,,,,,,,,
NRL GRAND FINAL DAY,AU,voz,news/sport/live,,,,,,,,,,,,,,,,
NRL LIVE FINAL SERIES EF1,AU,voz,news/sport/live,,,,,,,,,,,,,,,,
NRL LIVE FINAL SERIES EF2,AU,voz,news/sport/live,,,,,,,,,,,,,,,,
NRL LIVE FINAL SERIES PF1,AU,voz,news/sport/live,,,,,,,,,,,,,,,,
NRL LIVE FINAL SERIES QF1,AU,voz,news/sport/live,,,,,,,,,,,,,,,,
NRL LIVE FINAL SERIES QF2,AU,voz,news/sport/live,,,,,,,,,,,,,,,,
NRL LIVE FINAL SERIES SF1,AU,voz,news/sport/live,,,,,,,,,,,,,,,,
NRL LIVE FINAL SERIES SF2,AU,voz,news/sport/live,,,,,,,,,,,,,,,,
NRL ORIGIN STORY,AU,voz,news/sport/live,,,,,,,,,,,,,,,,
NRL WOMEN’S PREMIERSHIP,AU,voz,news/sport/live,,,,,,,,,,,,,,,,
Neagley,US,nielsen,programming,273207.0,tv,Neagley,100.0,2026.0,Drama|Mystery|Crime,Drama,Scripted series,US,en,Prime Video,Amazon MGM Studios|Paramount Television Studios,,,False,False
Nemesis,AU|US,netflix|nielsen,programming,285807.0,tv,Nemesis,100.0,2026.0,Action & Adventure|Drama|Crime,Action & Adventure,Scripted series,US,en,Netflix,End of Episode,,,False,False
Night at the Museum,AU|US,netflix,programming,1593.0,movie,Night at the Museum,100.0,2006.0,Fantasy|Family|Comedy,Fantasy,Film,US,en,,1492 Pictures|21 Laps Entertainment|20th Century Fox|Ingenious Media|Sun Canada Productions,,,False,False
No One Saw Us Leave,AU|US,netflix,programming,246027.0,tv,No One Saw Us Leave,100.0,2025.0,Drama,Drama,Scripted limited series,MX,es,Netflix,Alebrije Producciones|Peninsula Films|Big Drama,,,False,False
No Sleep 'Til Christmas,US,netflix,programming,550097.0,movie,No Sleep 'Til Christmas,100.0,2018.0,Comedy|Romance|TV Movie,Comedy,Film,US,en,,Magic Valley Productions|Freeform Studios|Mass Hysteria Entertainment,,,False,False
No Time to Die,AU|US,netflix,programming,370172.0,movie,No Time to Die,100.0,2021.0,Action|Thriller|Adventure,Action,Film,GB,en,,EON Productions|Metro-Goldwyn-Mayer,,,False,False
Nobody 2,AU|US,netflix,programming,1007734.0,movie,Nobody 2,100.0,2025.0,Action|Thriller|Crime,Action,Film,US,en,,Universal Pictures|87North Productions|OPE Partners|Eighty Two Films,Universal Pictures,,True,False
Nobody Dumps My Daughter,US,netflix,programming,1361786.0,movie,Nobody Dumps My Daughter,100.0,2024.0,Drama|TV Movie|Crime,Drama,Film,US,en,,Lifetime|Lighthouse Pictures,,,False,False
Nobody Wants This,AU|US,netflix,programming,250923.0,tv,Nobody Wants This,100.0,2024.0,Comedy|Drama,Comedy,Scripted series,US,en,Netflix,3 Arts Entertainment|Steven Levitan Prods|20th Television|Dunshire Productions|Fatigue Sisters Productions|Mr. D Productions,,,False,False
Non-Stop,AU,netflix,programming,225574.0,movie,Non-Stop,100.0,2014.0,Action|Thriller|Mystery,Action,Film,US,en,,Silver Pictures|StudioCanal|Anton Capital Entertainment|LOVEFiLM International,,,False,False
Nope,US,netflix,programming,762504.0,movie,Nope,100.0,2022.0,Horror|Science Fiction|Thriller,Horror,Film,US,en,,Universal Pictures|Monkeypaw Productions,Universal Pictures,,True,False
Not a Stranger,AU|US,netflix,programming,320760.0,tv,Not a Stranger,100.0,2026.0,Drama,Drama,Scripted series,TR,tr,Netflix,,,,False,False
Nothing to Lose,US,netflix,programming,11676.0,movie,Nothing to Lose,100.0,1997.0,Comedy|Crime|Action|Adventure,Comedy,Film,US,en,,Touchstone Pictures|O Entertainment,,,False,False
Nuremberg,US,netflix,programming,1214931.0,movie,Nuremberg,100.0,2025.0,History|Drama,History,Film,US,en,,Bluestone Entertainment|Walden Media|Filmsquad|Mythology Entertainment|Titan Media,,,False,False
OFF THE GRID WITH COLIN AND MANU,AU,voz,programming,295074.0,tv,Off the Grid with Colin and Manu,100.0,2025.0,Reality,Reality,Reality / unscripted,NZ,en,TVNZ,,,,False,False
ONE PIECE,AU|US,netflix,programming,37854.0,tv,One Piece,100.0,1999.0,Action & Adventure|Comedy|Animation,Action & Adventure,Animated series,JP,ja,Fuji TV|Tokai Television Broadcasting,Toei Animation|Fuji Television Network|Avex Trax|Shueisha|ADK,,,False,False
ONE SHOT with Ed Sheeran,AU,netflix,no TMDB result,,,,0.0,,,,,,,,,,,,
OOOPS I BOUGHT A PUB!,AU,voz,programming,321547.0,tv,Ooops! I Bought A Pub,100.0,2026.0,Reality|Documentary,Reality,Reality / unscripted,AU,en,7plus,,,,False,False
OSCARS RED CARPET LIVE,AU,voz,news/sport/live,,,,,,,,,,,,,,,,
OUTBACK MURDER HIGHWAY,AU,voz,programming,320673.0,tv,Outback Murder Highway,100.0,2026.0,Crime|Documentary,Crime,Documentary,AU,en,9now,Nine Network Australia,,,False,False
Oasis,AU|US,netflix,programming,296285.0,tv,Oasis,100.0,2026.0,Crime|Mystery|Drama,Crime,Scripted series,ES,es,Netflix,Bambú Producciones,,,False,False
Office Romance,AU|US,netflix,programming,1358005.0,movie,Office Romance,100.0,2026.0,Romance|Comedy,Romance,Film,US,en,,Ryder Picture Company|Nuyorican Productions|For the Table|Hey Buddy|Netflix,,,False,False
Old Guy,AU,netflix,programming,1077782.0,movie,Old Guy,100.0,2024.0,Action|Comedy|Crime,Action,Film,US|GB,en,,23ten|Source Management + Production|Aperture Media Partners|Pfaff & Pfaff Productions|LB Entertainment|Wee Buns Films|Northern Ireland Screen|Highland Film Group|Yellow Moon|Dark Castle Entertainment,,,False,False
Old Henry,US,netflix,programming,785663.0,movie,Old Henry,100.0,2021.0,Western|Drama,Western,Film,US,en,,Shout! Studios|Hideout Pictures|Blue Swan Entertainment|VMI Worldwide,,,False,False
Old Money,AU,netflix,programming,278009.0,tv,Old Money,100.0,2025.0,Drama,Drama,Scripted series,TR,tr,Netflix,TIMS&B Productions,,,False,False
One Last Adventure: The Making of Stranger Things 5,AU|US,netflix,programming,1610413.0,movie,One Last Adventure: The Making of Stranger Things 5,100.0,2026.0,Documentary,Documentary,Film,US,en,,MakeMake,,,False,False
One Piece,US,nielsen,programming,37854.0,tv,One Piece,100.0,1999.0,Action & Adventure|Comedy|Animation,Action & Adventure,Animated series,JP,ja,Fuji TV|Tokai Television Broadcasting,Toei Animation|Fuji Television Network|Avex Trax|Shueisha|ADK,,,False,False
Operation Safed Sagar: The Highest Air Force Mission,AU,netflix,programming,284753.0,tv,Operation Safed Sagar: The Untold Story of the Kargil War,55.0,2026.0,Drama,Drama,Scripted series,IN,hi,Netflix,Matchbox Shots|Feel Good Films,,,False,False
Ordinary Angels,AU|US,netflix,programming,974036.0,movie,Ordinary Angels,100.0,2024.0,Drama,Drama,Film,US,en,,Kingdom Story Company|Vertigo Entertainment|Stampede Ventures,,,False,False
Outer Banks,AU|US,netflix,programming,100757.0,tv,Outer Banks,100.0,2020.0,Action & Adventure|Mystery,Action & Adventure,Scripted series,US,en,Netflix,Rockfish|Red Canoe Productions,,,False,False
Outlast: The Jungle,AU|US,netflix,programming,322803.0,tv,Outlast: The Jungle,100.0,2026.0,Reality,Reality,Reality / unscripted,US,en,Netflix,,,,False,False
Overboard (2018),US,netflix,programming,454619.0,movie,Overboard,100.0,2018.0,Romance|Comedy,Romance,Film,US,en,,Metro-Goldwyn-Mayer|Pantelion Films|3Pas Studios,,,False,False
PACIFIC CHAMPIONSHIPS,AU,voz,news/sport/live,,,,,,,,,,,,,,,,
PARAMEDICS,AU,voz,programming,102348.0,tv,Paramedics,100.0,2018.0,Documentary,Documentary,Reality / unscripted,AU,en,Nine Network,WTFN Entertainment,,,False,False
PATIENCE,AU,voz,programming,279603.0,tv,Patience,100.0,2025.0,Drama|Crime,Drama,Scripted series,GB,en,Channel 4,Eagle Eye Drama|Happy Duck Films,,,False,False
PAW Patrol: The Mighty Movie,US,netflix,programming,893723.0,movie,PAW Patrol: The Mighty Movie,100.0,2023.0,Adventure|Animation|Comedy|Family|Science Fiction,Adventure,Animated film,US|CA,en,,Nickelodeon Movies|Spin Master|Paramount Pictures,,,False,False
PLANET AMERICA-LE,AU,voz,news/sport/live,,,,,,,,,,,,,,,,
PORTRAIT ARTIST OF THE YEAR,AU,voz,programming,304482.0,tv,Portrait Artist of the Year,100.0,2025.0,Reality,Reality,Reality / unscripted,AU,en,ABC TV,EndemolShine Australia,,,False,False
PORTRAIT ARTIST OF THE YEAR-LE,AU,voz,no TMDB result,,,,0.0,,,,,,,,,,,,
PROFESSOR T,AU,voz,programming,126660.0,tv,Professor T,100.0,2021.0,Crime|Mystery|Drama,Crime,Scripted series,GB,en,ITV1|BritBox,ITV|Eagle Eye Drama,,,False,False
Pale Rider,AU,netflix,programming,8879.0,movie,Pale Rider,100.0,1985.0,Western|Drama,Western,Film,US,en,,Warner Bros. Pictures|Malpaso Productions,,,False,False
Passengers,US,netflix,programming,274870.0,movie,Passengers,100.0,2016.0,Drama|Romance|Science Fiction,Drama,Film,US,en,,Columbia Pictures|Village Roadshow Pictures|Original Film|Company Films|Start Motion Pictures|LStar Capital|Wanda Pictures,,,False,False
Paw Patrol: The Movie,AU|US,netflix,programming,675445.0,movie,PAW Patrol: The Movie,100.0,2021.0,Action|Adventure|Animation|Comedy|Family,Action,Animated film,US,en,,Nickelodeon Movies|Paramount Pictures|Mikros Image|Spin Master|Mikros Animation,,,False,False
Peaky Blinders: The Immortal Man,AU|US,netflix,programming,875828.0,movie,Peaky Blinders: The Immortal Man,100.0,2026.0,Crime|Drama,Crime,Film,GB,en,,BBC Film|Garrison Drama|Nebulastar,,,False,False
People We Meet on Vacation,AU|US,netflix,programming,1034716.0,movie,People We Meet on Vacation,100.0,2026.0,Comedy|Romance,Comedy,Film,US,en,,3000 Pictures|Temple Hill Entertainment|HarperCollins Publishers,,,False,False
Percy Jackson & the Olympians: The Lightning Thief,US,netflix,programming,32657.0,movie,Percy Jackson & the Olympians: The Lightning Thief,100.0,2010.0,Adventure|Fantasy|Family,Adventure,Film,US|GB|CA,en,,1492 Pictures|Sunswept Entertainment|Dune Entertainment,,,False,False
Percy Jackson: Sea of Monsters,US,netflix,programming,76285.0,movie,Percy Jackson: Sea of Monsters,100.0,2013.0,Adventure|Family|Fantasy,Adventure,Film,CA|US,en,,Fox 2000 Pictures|Sunswept Entertainment|1492 Pictures|TSG Entertainment,,,False,False
Perfect Match,US,netflix,programming,254821.0,tv,Perfect Match,100.0,2025.0,Drama,Drama,Scripted series,CN,zh,Mango TV,Huanyu Film and Television,,,False,False
Person of Interest,AU,netflix,programming,1411.0,tv,Person of Interest,100.0,2011.0,Action & Adventure|Crime|Sci-Fi & Fantasy,Action & Adventure,Scripted series,US,en,CBS,Kilter Films|Bad Robot|Warner Bros. Television|Bonanza Productions,,,False,False
Physical: Asia,AU,netflix,programming,293613.0,tv,Physical: Asia,100.0,2025.0,Reality,Reality,Reality / unscripted,KR,ko,Netflix,TEO,,,False,False
Pitch Perfect,US,netflix,programming,114150.0,movie,Pitch Perfect,100.0,2012.0,Comedy|Music|Romance,Comedy,Film,US,en,,Brownstone Productions|Gold Circle Films|Universal Pictures,Universal Pictures,,True,False
Pitch Perfect 2,US,netflix,programming,254470.0,movie,Pitch Perfect 2,100.0,2015.0,Comedy|Music,Comedy,Film,US,en,,Brownstone Productions|Gold Circle Films|Universal Pictures,Universal Pictures,,True,False
Playdate,US,nielsen,programming,1248226.0,movie,Playdate,100.0,2025.0,Action|Comedy,Action,Film,US,en,,Amazon MGM Studios|Nickel City Pictures|A Higher Standard|Wide Awake Pictures|Arcana Studio,,,False,False
Practical Magic,US,nielsen,programming,6435.0,movie,Practical Magic,100.0,1998.0,Romance|Fantasy|Comedy,Romance,Film,US,en,,Di Novi Pictures|Fortis Films|Village Roadshow Pictures|Warner Bros. Pictures,,,False,False
Premonition,US,netflix,programming,9963.0,movie,Premonition,100.0,2007.0,Thriller|Drama|Mystery,Thriller,Film,US,en,,TriStar Pictures|Hyde Park Entertainment|Offspring Entertainment|Metro-Goldwyn-Mayer,,,False,False
Pretty Woman,US,netflix,programming,114.0,movie,Pretty Woman,100.0,1990.0,Romance|Comedy,Romance,Film,US,en,,Touchstone Pictures|Silver Screen Partners IV|Arnon Milchan Productions,,,False,False
Primitive War,AU,netflix,programming,1257009.0,movie,Primitive War,100.0,2025.0,Action|Horror|War|Science Fiction,Action,Film,AU,en,,Sparke Films,,,False,False
Priscilla,US,netflix,programming,1020006.0,movie,Priscilla,100.0,2023.0,Drama|Romance,Drama,Film,US,en,,The Apartment Pictures|American Zoetrope,,,False,False
Prometheus,AU,netflix,programming,70981.0,movie,Prometheus,100.0,2012.0,Science Fiction|Mystery|Horror,Science Fiction,Film,US,en,,Dune Entertainment|20th Century Fox|Brandywine Productions|Scott Free Productions,,,False,False
Puss in Boots: The Last Wish,US,netflix|nielsen,programming,315162.0,movie,Puss in Boots: The Last Wish,100.0,2022.0,Animation|Adventure|Fantasy|Comedy|Family,Animation,Animated film,US,en,,DreamWorks Animation,DreamWorks Animation,,True,False
RACE AROUND THE WORLD,AU,voz,programming,9527.0,tv,Race Around the World,100.0,1997.0,Reality|Documentary,Reality,Reality / unscripted,AU,en,,,,,False,False
RBT,AU,voz,programming,39208.0,tv,RBT.AU,80.0,2010.0,Documentary,Documentary,Documentary,AU,en,Nine Network,,,,False,False
RESTORATION AUSTRALIA,AU,voz,programming,63968.0,tv,Restoration Australia,100.0,2015.0,Documentary|Reality|Action & Adventure,Documentary,Reality / unscripted,AU,en,ABC TV,Australian Broadcasting Corporation|Fremantle Australia,,,False,False
RETURN TO PARADISE,AU,voz,programming,244978.0,tv,Return to Paradise,100.0,2024.0,Crime|Mystery|Drama,Crime,Scripted series,AU,en,ABC TV,BBC Studios ANZ|Red Planet Pictures,,,False,False
REVEALED: DEATH CAP MURDERS,AU,voz,programming,300683.0,tv,Revealed: Death Cap Murders,100.0,2025.0,Documentary|Crime,Documentary,Documentary,AU,en,Stan,Dreamchaser Entertainment|Fifth Season|Den of Martians,,,False,False
RFDS,AU,voz,programming,130677.0,tv,RFDS: Royal Flying Doctor Service,100.0,2021.0,Drama,Drama,Scripted series,AU,en,Seven Network,Endemol Shine Banks Australia,,,False,False
ROLF HARRIS: PRIMETIME PREDATOR,AU,voz,programming,324089.0,tv,Rolf Harris: Primetime Predator,100.0,2026.0,Documentary,Documentary,Documentary,AU,en,ABC TV,Northern Pictures,,,False,False
RUGBY LEAGUE ALL STARS,AU,voz,news/sport/live,,,,,,,,,,,,,,,,
Radio,AU,netflix,programming,13920.0,movie,Radio,100.0,2003.0,Drama,Drama,Film,US,en,,Tollin/Robbins Productions|Revolution Studios,,,False,False
Rafa,AU,netflix,programming,279884.0,tv,Rafa,100.0,2026.0,Documentary,Documentary,Documentary,US,en,Netflix,Skydance Sports,,,False,False
Ransom Canyon,AU|US,netflix,programming,240993.0,tv,Ransom Canyon,100.0,2025.0,Drama|Western,Drama,Scripted series,US,en,Netflix,Fezziwig Studios|Netflix|April Blair's Company,,,False,False
Raw,AU|US,netflix,programming,4656.0,tv,Raw,100.0,1993.0,Reality,Reality,Reality / unscripted,US,en,USA Network|Spike|Netflix|The New TNN,WWE Home Video|World Wrestling Entertainment,,USA Network,False,True
Reacher,US,nielsen,programming,108978.0,tv,Reacher,100.0,2022.0,Action & Adventure|Crime,Action & Adventure,Scripted series,US,en,Prime Video,Amazon Studios|Skydance Television|Paramount Television Studios|Amazon MGM Studios|Paramount Television Studios,,,False,False
Ready or Not,US,netflix,programming,567609.0,movie,Ready or Not,100.0,2019.0,Horror|Comedy,Horror,Film,US,en,,Mythology Entertainment|Vinson Films|Fox Searchlight Pictures|Radio Silence|TSG Entertainment,,,False,False
Reality Check: Inside America's Next Top Model,AU|US,netflix,programming,312423.0,tv,Reality Check: Inside America's Next Top Model,100.0,2026.0,Reality|Documentary,Reality,Reality / unscripted,US,en,Netflix,EverWonder Studio|Wise Child Studios,,,False,False
Red Sonja,AU,netflix,programming,13494.0,movie,Red Sonja,100.0,2025.0,Adventure|Action|Fantasy,Adventure,Film,US,en,,Millennium Media|Mark Canton Productions|Courtney Solomon Productions|Campbell Grobman Films,,,False,False
Reign Over Me,AU,netflix,programming,2355.0,movie,Reign Over Me,100.0,2007.0,Drama,Drama,Film,US,en,,Columbia Pictures|Sunlight Productions|Relativity Media|Mr. Madison,,,False,False
Remarkably Bright Creatures,AU|US,netflix|nielsen,programming,1330021.0,movie,Remarkably Bright Creatures,100.0,2026.0,Drama|Mystery,Drama,Film,US,en,,Anonymous Content|Night Owl Stories,,,False,False
Resident Alien,AU,netflix,programming,96580.0,tv,Resident Alien,100.0,2021.0,Sci-Fi & Fantasy,Sci-Fi & Fantasy,Scripted series,US,en,USA Network|Syfy,UCP,UCP,USA Network,True,False
Reunion,AU,netflix,programming,869597.0,movie,Reunion,100.0,2024.0,Comedy|Mystery,Comedy,Film,US,en,,Artists Road|Unique Features|Spyglass Media Group,,,False,False
Revolver,AU,netflix,programming,10851.0,movie,Revolver,100.0,2005.0,Drama|Thriller|Crime|Mystery,Drama,Film,FR|GB,en,,Revolver Pictures Co.|Toff Guy Films|EuropaCorp|Isle of Man Film,,,False,False
Rick and Morty,AU,netflix,programming,60625.0,tv,Rick and Morty,100.0,2013.0,Animation|Comedy|Sci-Fi & Fantasy|Action & Adventure,Animation,Animated series,US,en,Adult Swim,Williams Street|Harmonious Claptrap|Justin Roiland's Solo Vanity Card Productions|Starburns Industries|Green Portal Productions,,,False,False
Ricky Gervais Alley Cats,AU,netflix,programming,300480.0,tv,Ricky Gervais Alley Cats,100.0,2026.0,Animation|Comedy,Animation,Animated series,GB,en,Netflix,Blink Industries|Derek Productions|Shush Creative,,,False,False
Ricky Gervais: Mortality,AU|US,netflix,excluded by review,15222.0,tv,Meet Ricky Gervais,80.0,2000.0,Comedy|Talk,Comedy,Talk / variety,GB,en,Channel 4,,,,False,False
Rio,US,netflix,programming,46195.0,movie,Rio,100.0,2011.0,Animation|Adventure|Comedy|Family,Animation,Animated film,US,en,,Blue Sky Studios|20th Century Fox Animation,,,False,False
Rio 2,US,netflix,programming,172385.0,movie,Rio 2,100.0,2014.0,Animation|Adventure|Comedy|Family,Animation,Animated film,US,en,,Blue Sky Studios|20th Century Fox Animation,,,False,False
Ripple,AU|US,netflix,programming,263346.0,tv,Ripple,100.0,2025.0,Drama,Drama,Scripted series,CA,en,Netflix,Lionsgate Canada,,,False,False
Roommates,AU|US,netflix,programming,1511057.0,movie,Roommates,100.0,2026.0,Comedy,Comedy,Film,US,en,,Happy Madison Productions,,,False,False
Royal Rumble,AU,netflix,news/sport/live,,,,,,,,,,,,,,,,
Rumble,AU,netflix,programming,598331.0,movie,Rumble,100.0,2021.0,Animation|Family|Comedy|Fantasy,Animation,Animated film,US,en,,Paramount Animation|Reel FX Creative Studios|WWE Studios|Walden Media|Paramount Pictures,,,False,False
Run Away,AU|US,netflix|nielsen,programming,244244.0,tv,Run Away,100.0,2026.0,Drama|Mystery,Drama,Scripted limited series,GB|US,en,Netflix,Quay Street Productions|Final Twist Productions,,,False,False
Running Point,AU|US,netflix,programming,244623.0,tv,Running Point,100.0,2025.0,Comedy,Comedy,Scripted series,US,en,Netflix,Kaling International|Warner Bros. Television|3 Arts Entertainment|23/34 Productions,,,False,False
Ruth & Boaz,AU|US,netflix,programming,1371189.0,movie,Ruth & Boaz,100.0,2025.0,Romance|Drama|Music,Romance,Film,US,en,,Tyler Perry Studios,,,False,False
SALVATION ARMY’S CAROLS IN THE DOMAIN,AU,voz,news/sport/live,,,,,,,,,,,,,,,,
SAM PANG TONIGHT,AU,voz,programming,286597.0,tv,Sam Pang Tonight,100.0,2025.0,Comedy,Comedy,Talk / variety,AU,en,10,Network Ten,,,False,False
SAS: AUS V ENG,AU,voz,programming,112867.0,tv,SAS Australia,100.0,2020,Reality,Reality,Reality / unscripted,AU,en,Seven Network,Screentime,,,False,False
SATURDAY NIGHT NRL LIVE,AU,voz,news/sport/live,,,,,,,,,,,,,,,,
SEAL Team,US,nielsen,programming,71789.0,tv,SEAL Team,100.0,2017.0,Action & Adventure|Drama|War & Politics,Action & Adventure,Scripted series,US,en,CBS|Paramount+,CBS Studios|Chulack Productions|Timberman/Beverly Productions|John Glenn Entertainment|East 25 C,,,False,False
SEVEN NEWS,AU,voz,news/sport/live,,,,,,,,,,,,,,,,
SEVEN NEWS AT 4,AU,voz,news/sport/live,,,,,,,,,,,,,,,,
SEVEN NEWS AT 5,AU,voz,news/sport/live,,,,,,,,,,,,,,,,
SEVEN NEWS AT 7,AU,voz,news/sport/live,,,,,,,,,,,,,,,,
SEVEN NEWS SPECIAL,AU,voz,news/sport/live,,,,,,,,,,,,,,,,
SEVEN NEWS SPECIAL-LATE,AU,voz,news/sport/live,,,,,,,,,,,,,,,,
SEVEN’S AFL: ANZAC DAY FOOTBALL,AU,voz,news/sport/live,,,,,,,,,,,,,,,,
SEVEN’S AFL: FRIDAY NIGHT FOOTBALL,AU,voz,news/sport/live,,,,,,,,,,,,,,,,
SEVEN’S AFL: FRIDAY NIGHT FOOTBALL FINALS,AU,voz,news/sport/live,,,,,,,,,,,,,,,,
SEVEN’S AFL: GRAND FINAL: BRUNCH,AU,voz,news/sport/live,,,,,,,,,,,,,,,,
SEVEN’S AFL: GRAND FINAL: COUNTDOWN,AU,voz,news/sport/live,,,,,,,,,,,,,,,,
SEVEN’S AFL: GRAND FINAL: FREMANTLE V BRISBANE,AU,voz,news/sport/live,,,,,,,,,,,,,,,,
SEVEN’S AFL: GRAND FINAL: ON THE GROUND,AU,voz,news/sport/live,,,,,,,,,,,,,,,,
SEVEN’S AFL: GRAND FINAL: POST MATCH,AU,voz,news/sport/live,,,,,,,,,,,,,,,,
SEVEN’S AFL: GRAND FINAL: PRE GAME ENTERTAINMENT,AU,voz,news/sport/live,,,,,,,,,,,,,,,,
SEVEN’S AFL: GRAND FINAL: PRESENTATIONS,AU,voz,news/sport/live,,,,,,,,,,,,,,,,
SEVEN’S AFL: MONDAY AFTERNOON FOOTBALL,AU,voz,news/sport/live,,,,,,,,,,,,,,,,
SEVEN’S AFL: SATURDAY AFTERNOON FOOTBALL FINALS,AU,voz,news/sport/live,,,,,,,,,,,,,,,,
SEVEN’S AFL: SATURDAY NIGHT FOOTBALL FINALS,AU,voz,news/sport/live,,,,,,,,,,,,,,,,
SEVEN’S AFL: STATE OF ORIGIN: WA V VICTORIA,AU,voz,news/sport/live,,,,,,,,,,,,,,,,
SEVEN’S AFL: SUNDAY NIGHT FOOTBALL,AU,voz,news/sport/live,,,,,,,,,,,,,,,,
SEVEN’S AFL: THURSDAY NIGHT FOOTBALL,AU,voz,news/sport/live,,,,,,,,,,,,,,,,
SEVEN’S AFL: THURSDAY NIGHT FOOTBALL FINALS,AU,voz,news/sport/live,,,,,,,,,,,,,,,,
SEVEN’S CRICKET: BBL,AU,voz,news/sport/live,,,,,,,,,,,,,,,,
SEVEN’S CRICKET: FIFTH TEST,AU,voz,news/sport/live,,,,,,,,,,,,,,,,
SEVEN’S CRICKET: FIRST TEST,AU,voz,news/sport/live,,,,,,,,,,,,,,,,
SEVEN’S CRICKET: FOURTH TEST,AU,voz,news/sport/live,,,,,,,,,,,,,,,,
SEVEN’S CRICKET: SECOND TEST,AU,voz,news/sport/live,,,,,,,,,,,,,,,,
SEVEN’S CRICKET: SYDNEY SIXERS V ADELAIDE,AU,voz,news/sport/live,,,,,,,,,,,,,,,,
SEVEN’S CRICKET: THE SPIN,AU,voz,news/sport/live,,,,,,,,,,,,,,,,
SEVEN’S CRICKET: THIRD TEST,AU,voz,news/sport/live,,,,,,,,,,,,,,,,
SHARK!,AU,voz,excluded by review,400.0,tv,Shark,100.0,2006.0,Drama|Mystery|Crime,Drama,Scripted series,US,en,CBS,Imagine Television Studios|20th Century Fox Television,,,False,False
SHAUN MICALLEF’S GOING FOR BROKE,AU,voz,programming,323054.0,tv,Shaun Micallef's Going For Broke,100.0,2026.0,Documentary,Documentary,Documentary,AU,en,ABC TV,Cordell Jigsaw Zapruder,,,False,False
SHETLAND,AU,voz,programming,46923.0,tv,Shetland,100.0,2013.0,Crime|Drama|Mystery,Crime,Scripted series,GB,en,BBC One|BBC Four,ITV Studios|BBC Scotland,,,False,False
SPICKS AND SPECKS,AU,voz,programming,1642.0,tv,Spicks and Specks,100.0,2005.0,Comedy,Comedy,Scripted series,AU,en,ABC TV,Australian Broadcasting Corporation,,,False,False
STATE OF ORIGIN RUGBY LEAGUE NSW V QLD 1ST,AU,voz,news/sport/live,,,,,,,,,,,,,,,,
STATE OF ORIGIN RUGBY LEAGUE NSW V QLD 2ND,AU,voz,news/sport/live,,,,,,,,,,,,,,,,
STATE OF ORIGIN RUGBY LEAGUE QLD V NSW 3RD,AU,voz,news/sport/live,,,,,,,,,,,,,,,,
STEEL BALL RUN JoJo’s Bizarre Adventure,US,netflix,programming,45790.0,tv,JoJo's Bizarre Adventure,77.0,2012.0,Animation|Action & Adventure|Sci-Fi & Fantasy,Animation,Animated series,JP,ja,Netflix|Tokyo MX|BS11,David Production|Shueisha|Warner Bros. Japan,,,False,False
STEVE IRWIN: A WILD LIFE,AU,voz,programming,1759852.0,movie,Steve Irwin: A Wild Life,100.0,2026.0,,Unknown,Film,AU,en,,,,,False,False
SUNDAY AFTERNOON NRL KICKOFF,AU,voz,news/sport/live,,,,,,,,,,,,,,,,
SUNDAY AFTERNOON NRL LIVE,AU,voz,news/sport/live,,,,,,,,,,,,,,,,
SUNRISE,AU,voz,news/sport/live,,,,,,,,,,,,,,,,
SUPER BOWL LX: PATRIOTS AT SEAHAWKS,AU,voz,excluded by review,1737989.0,movie,Bad Bunny's Super Bowl LX Halftime Show,51.0,2026.0,Music,Music,Film,US|PR,en,,Diversified Production Services|Jesse Collins Entertainment|Roc Nation|Rimas,,,False,False
SUPER BOWL LX: PATRIOTS AT SEAHAWKS POST GAME,AU,voz,excluded by review,1737989.0,movie,Bad Bunny's Super Bowl LX Halftime Show,51.0,2026.0,Music,Music,Film,US|PR,en,,Diversified Production Services|Jesse Collins Entertainment|Roc Nation|Rimas,,,False,False
SUPERCARS CHAMPIONSHIP: BATHURST 1000 D2 TOP 10 SHOOTOUT,AU,voz,news/sport/live,,,,,,,,,,,,,,,,
SUPERCARS CHAMPSIONSHIP: BATHURST 1000 D3 PODIUM,AU,voz,news/sport/live,,,,,,,,,,,,,,,,
SUPERCARS CHAMPSIONSHIP: BATHURST 1000 D3 RACE,AU,voz,news/sport/live,,,,,,,,,,,,,,,,
SYDNEY 2000: THE BEST EVER,AU,voz,programming,302878.0,tv,Sydney 2000: The Best Ever,100.0,2025.0,Documentary,Documentary,Documentary,AU,en,Nine Network,,,,False,False
SYDNEY HOBART YACHT RACE 2025,AU,voz,no TMDB result,,,,0.0,,,,,,,,,,,,
Safe Haven,US,netflix,programming,112949.0,movie,Safe Haven,100.0,2013.0,Romance|Thriller,Romance,Film,US,en,,Relativity Media|Temple Hill Entertainment,,,False,False
Salish & Jordan Matter,AU|US,netflix,programming,318906.0,tv,Salish & Jordan Matter,100.0,2026.0,Reality|Kids,Reality,Reality / unscripted,US,en,Netflix,,,,False,False
Seal Team,AU,netflix,programming,71789.0,tv,SEAL Team,100.0,2017.0,Action & Adventure|Drama|War & Politics,Action & Adventure,Scripted series,US,en,CBS|Paramount+,CBS Studios|Chulack Productions|Timberman/Beverly Productions|John Glenn Entertainment|East 25 C,,,False,False
Sean Combs: The Reckoning,AU|US,netflix|nielsen,programming,255251.0,tv,Sean Combs: The Reckoning,100.0,2025.0,Documentary|Crime,Documentary,Documentary,US,en,Netflix,G-Unit Film & Television|House of NonFiction|Texas Crew Productions,,,False,False
Secret Mall Apartment,US,netflix,programming,1237871.0,movie,Secret Mall Apartment,100.0,2025.0,Documentary,Documentary,Film,US,en,,Wheelhouse Creative|Wildbrush Media|Wrong Turn Productions|Altman Films,,,False,False
Selena y Los Dinos: A Family’s Legacy,US,netflix,programming,1400784.0,movie,Selena y Los Dinos: A Family's Legacy,100.0,2025.0,Documentary|Music,Documentary,Film,US,en,,Motto Pictures,,,False,False
Selling Sunset,AU|US,netflix,programming,87826.0,tv,Selling Sunset,100.0,2019.0,Reality,Reality,Reality / unscripted,US,en,Netflix,Done and Done Productions|Lionsgate Television,,,False,False
Selling The OC,AU,netflix,programming,139566.0,tv,Selling the OC,100.0,2022.0,Reality,Reality,Reality / unscripted,US,en,Netflix,Lionsgate Television,,,False,False
Sesame Street,US,netflix,programming,502.0,tv,Sesame Street,100.0,1969.0,Kids|Comedy,Kids,Scripted series,US,en,PBS|HBO|National Educational Television|PBS Kids|Netflix|HBO Max|Max|HBO Max,Sesame Workshop|Children's Television Workshop,,,False,False
Seven Snipers,AU,netflix,programming,1288341.0,movie,Seven Snipers,100.0,2026.0,Action|Thriller,Action,Film,AU,en,,Filmbarr|Monster Pictures Studios|Head Gear Films|Screen Queensland|Metrol Technology|Kreo Films|Signature Films|Sandy Pictures,,,False,False
Shaque: Trust No One,AU,netflix,programming,285147.0,tv,Shaque: Trust No One,100.0,2026.0,Crime|Mystery|Drama,Crime,Scripted series,IN,hi,Netflix,Alchemy Films (IN),,,False,False
Shark Tale,AU|US,netflix,programming,10555.0,movie,Shark Tale,100.0,2004.0,Animation|Action|Comedy|Family,Animation,Animated film,US,en,,DreamWorks Animation,DreamWorks Animation,,True,False
Shell,AU,netflix,programming,787747.0,movie,Shell,100.0,2025.0,Horror|Drama|Thriller,Horror,Film,US,en,,Love & Squalor Pictures|Dark Castle Entertainment|Aperture Media Partners|Range Studios|Blank Tape,,,False,False
Sheriff Labrador,AU,netflix,programming,219799.0,tv,Sheriff Labrador,100.0,2022.0,Kids|Animation,Kids,Animated series,CN,zh,,宝宝巴士股份有限公司,,,False,False
Shipwrecked: Nightmare at Sea,AU|US,netflix,programming,1715492.0,movie,Shipwrecked: Nightmare at Sea,100.0,2026.0,Documentary,Documentary,Film,GB,en,,RAW,,,False,False
Should I Marry A Murderer?,AU|US,netflix,programming,318262.0,tv,Should I Marry a Murderer?,100.0,2026.0,Documentary|Crime,Documentary,Documentary,GB,en,Netflix,Candle True Stories,,,False,False
Shrill,AU|US,netflix,programming,85046.0,tv,Shrill,100.0,2019.0,Comedy|Drama,Comedy,Scripted series,US,en,Hulu,Warner Bros. Television|Broadway Video|Brownstone Productions,,,False,False
Simon Cowell: The Next Act,AU,netflix,programming,299713.0,tv,Simon Cowell: The Next Act,100.0,2025.0,Reality,Reality,Reality / unscripted,GB,en,Netflix,Box to Box Films|Syco Entertainment,,,False,False
Single’s Inferno,AU,netflix,programming,139798.0,tv,Single's Inferno,100.0,2021.0,Reality|Comedy|Talk,Reality,Reality / unscripted,KR,ko,Netflix,Shijak Company|JTBC,,,False,False
Sinners,AU,netflix,programming,1233413.0,movie,Sinners,100.0,2025.0,Horror|Action|Thriller,Horror,Film,US,en,,Warner Bros. Pictures|Proximity Media|Domain Entertainment,,,False,False
Sisu: Road to Revenge,US,netflix,programming,1223601.0,movie,Sisu: Road to Revenge,100.0,2025.0,Action|War|Thriller,Action,Film,FI,fi,,Cosmic Snowball|Good Chaos|Subzero Film Entertainment,,,False,False
Skyscraper Live,AU|US,netflix,no TMDB result,,,,0.0,,,,,,,,,,,,
Sniper 2,AU,netflix,programming,14245.0,movie,Sniper 2,100.0,2002.0,Action,Action,Film,US,en,,Sandstorm Films|TriStar Pictures,,,False,False
Sniper: Assassin's End,AU,netflix,programming,702936.0,movie,Sniper: Assassin's End,100.0,2020.0,Action,Action,Film,US,en,,Destination Films,,,False,False
Sniper: Ghost Shooter,AU,netflix,programming,407375.0,movie,Sniper: Ghost Shooter,100.0,2016.0,Action|Drama|War,Action,Film,US,en,,UFO International Productions|Destination Films|BUFO,,,False,False
Sniper: No Nation,US,netflix,programming,1641319.0,movie,Sniper: No Nation,100.0,2026.0,Action|Thriller,Action,Film,US,en,,Destination Films|Blue Ice Pictures|Blue Ice Africa,,,False,False
Sniper: The Last Stand,AU,netflix,programming,1410082.0,movie,Sniper: The Last Stand,100.0,2025.0,Action|Thriller,Action,Film,US,en,,Destination Films|Blue Ice Pictures|Blue Ice Africa,,,False,False
Something Very Bad Is Going to Happen,AU|US,netflix,programming,259265.0,tv,Something Very Bad Is Going to Happen,100.0,2026.0,Drama|Mystery,Drama,Scripted limited series,US,en,Netflix,Upside Down Pictures|Too Much Blood Productions|A Dog's Dream,,,False,False
Sommore: Chandelier Fly,US,netflix,no TMDB result,,,,0.0,,,,,,,,,,,,
Son of a Donkey,AU,netflix,programming,255803.0,tv,Son of a Donkey,100.0,2025.0,Comedy,Comedy,Scripted series,AU,en,Netflix,Princess Pictures,,,False,False
Song Sung Blue,AU|US,netflix,programming,1371185.0,movie,Song Sung Blue,100.0,2025.0,Music|Romance|Drama,Music,Film,US,en,,Focus Features|Davis Entertainment,Focus Features,,True,False
Sonic the Hedgehog 2,US,netflix,programming,675353.0,movie,Sonic the Hedgehog 2,100.0,2022.0,Action|Adventure|Family|Comedy,Action,Film,US,en,,Original Film|Blur Studio|Marza Animation Planet|Paramount Pictures|SEGA|SEGA of America,,,False,False
Sonic the Hedgehog 3,AU,netflix,programming,939243.0,movie,Sonic the Hedgehog 3,100.0,2024.0,Action|Science Fiction|Comedy|Family,Action,Film,US,en,,Paramount Pictures|Original Film|Marza Animation Planet|SEGA|Blur Studio|SEGA of America,,,False,False
Soul on Fire,US,netflix,programming,1196791.0,movie,Soul on Fire,100.0,2025.0,Drama,Drama,Film,US,en,,Brookwell-McNamara Entertainment|Branded Pictures Entertainment|Virtuality Media|Zaring/Cioffi Entertainment|Affirm Films,,,False,False
Southland,AU|US,netflix,programming,17611.0,tv,Southland,100.0,2009.0,Drama,Drama,Scripted series,US,en,NBC|TNT,John Wells Productions,,NBC,False,True
Space Jam: A New Legacy,AU,netflix,programming,379686.0,movie,Space Jam: A New Legacy,100.0,2021.0,Family|Comedy|Adventure|Animation|Science Fiction,Family,Animated film,US,en,,Warner Animation Group|Proximity Media|Warner Bros. Pictures|The SpringHill Company,,,False,False
Spectre,US,netflix,programming,206647.0,movie,Spectre,100.0,2015.0,Action|Adventure|Thriller,Action,Film,GB,en,,Metro-Goldwyn-Mayer|Columbia Pictures|EON Productions,,,False,False
Spider-Man: Far from Home,AU,netflix,programming,429617.0,movie,Spider-Man: Far From Home,100.0,2019.0,Action|Adventure|Science Fiction,Action,Film,US,en,,Marvel Studios|Pascal Pictures|Columbia Pictures,,,False,False
Spider-Man: Homecoming,AU|US,netflix,programming,315635.0,movie,Spider-Man: Homecoming,100.0,2017.0,Action|Adventure|Science Fiction,Action,Film,US,en,,Marvel Studios|Pascal Pictures|LStar Capital|Columbia Pictures,,,False,False
Spider-Man: Into the Spider-Verse,US,netflix,programming,324857.0,movie,Spider-Man: Into the Spider-Verse,100.0,2018.0,Animation|Action|Adventure|Science Fiction,Animation,Animated film,US,en,,Columbia Pictures|Lord Miller|Pascal Pictures|Sony Pictures Animation|Arad Productions|Marvel Entertainment,,,False,False
Spider-Noir,US,nielsen,programming,220102.0,tv,Spider-Noir,100.0,2026.0,Drama|Mystery|Crime,Drama,Scripted series,US,en,MGM+,Pascal Pictures|Lord Miller|Sony Pictures Television|Amazon MGM Studios|Bohemian Risk|Oren|Marvel Comics,,,False,False
Spit,AU,netflix,programming,1384027.0,movie,Spit,100.0,2025.0,Comedy|Crime,Comedy,Film,AU,en,,Tracking Films Pty Ltd,,,False,False
SpongeBob SquarePants,US,nielsen,programming,387.0,tv,SpongeBob SquarePants,100.0,1999.0,Animation|Comedy|Family,Animation,Animated series,US,en,Nickelodeon,United Plankton Pictures|Nickelodeon Productions|Nickelodeon Animation Studio,,,False,False
Spongebob Squarepants,US,nielsen,programming,387.0,tv,SpongeBob SquarePants,100.0,1999.0,Animation|Comedy|Family,Animation,Animated series,US,en,Nickelodeon,United Plankton Pictures|Nickelodeon Productions|Nickelodeon Animation Studio,,,False,False
Squid Game: The Challenge,US,netflix,programming,204082.0,tv,Squid Game: The Challenge,100.0,2023.0,Reality,Reality,Reality / unscripted,GB,en,Netflix,The Garden Productions|Studio Lambert,,,False,False
Star Search,US,netflix,programming,6443.0,tv,Star Search,100.0,1995.0,,Unknown,Scripted series,US,en,,,,,False,False
Star Wars: The Mandalorian and Grogu,US,nielsen,programming,1228710.0,movie,The Mandalorian and Grogu,85.0,2026.0,Action|Adventure|Science Fiction,Action,Film,US,en,,Lucasfilm Ltd.|Fairview Entertainment,,,False,False
Stolen Baby: The Murder of Heidi Broussard,US,netflix,programming,1182655.0,movie,Stolen Baby: The Murder of Heidi Broussard,100.0,2023.0,Thriller|Crime|Drama|TV Movie,Thriller,Film,US,en,,MarVista Entertainment|Neshama Entertainment|Lifetime,,,False,False
Straight Outta Compton,US,netflix,programming,277216.0,movie,Straight Outta Compton,100.0,2015.0,Drama|Music|History,Drama,Film,US,en,,Broken Chair Flickz|Universal Pictures|Legendary Pictures|Cube Vision|Crucial Films|Circle of Confusion|Will Packer Productions|Xenon Pictures,Universal Pictures,,True,False
Stranger Things,AU|US,netflix|nielsen,programming,66732.0,tv,Stranger Things,100.0,2016.0,Action & Adventure|Mystery|Sci-Fi & Fantasy,Action & Adventure,Scripted series,US,en,Netflix,21 Laps Entertainment|Monkey Massacre Productions|Upside Down Pictures,,,False,False
Street Kings,AU,netflix,programming,1266.0,movie,Street Kings,100.0,2008.0,Action|Crime|Drama|Thriller,Action,Film,US,en,,Fox Searchlight Pictures|Regency Enterprises|Dune Entertainment III|Emmett/Furla Films|Yari Film Group,,,False,False
Striking Distance,AU|US,netflix,programming,11074.0,movie,Striking Distance,100.0,1993.0,Crime|Action|Mystery|Thriller,Crime,Film,US,en,,Columbia Pictures|Arnon Milchan Productions,,,False,False
Suitcase Killer: The Melanie McGuire Story,US,netflix,programming,986965.0,movie,Suitcase Killer: The Melanie McGuire Story,100.0,2022.0,Drama|TV Movie|Crime,Drama,Film,US,en,,Swirl Films|Lifetime,,,False,False
Sullivan's Crossing,US,netflix,programming,211564.0,tv,Sullivan's Crossing,100.0,2023.0,Drama,Drama,Scripted series,CA,en,CTV,Reel World Management|Bell Media|Muse Entertainment|Canada Media Fund | Fonds des médias du Canada|S&C|Fremantle|Topsail Entertainment,,,False,False
Supergirl,US,nielsen,programming,1081003.0,movie,Supergirl,100.0,2026.0,Action|Adventure|Science Fiction,Action,Film,US,en,,DC Studios|Troll Court Entertainment|The Safran Company|Domain Entertainment,,,False,False
Superintelligence,AU,netflix,programming,521007.0,movie,Superintelligence,100.0,2020.0,Comedy|Science Fiction|Romance,Comedy,Film,CA|US,en,,On the Day|Warner Bros. Pictures|New Line Cinema|Creative Wealth Media Finance,,,False,False
Superman,AU,netflix,programming,1061474.0,movie,Superman,100.0,2025.0,Science Fiction|Adventure|Action,Science Fiction,Film,US,en,,Troll Court Entertainment|The Safran Company|DC Studios|Domain Entertainment,,,False,False
Survival of the Thickest,US,netflix,programming,227139.0,tv,Survival of the Thickest,100.0,2023.0,Comedy|Drama,Comedy,Scripted series,US,en,Netflix,A24|Mosaic,,,False,False
Swapped,AU|US,netflix,programming,1007757.0,movie,Swapped,100.0,2026.0,Adventure|Animation|Family|Fantasy,Adventure,Animated film,US,en,,Skydance Animation|Skydance Animation,,,False,False
Sweet Home Alabama,AU|US,netflix,programming,11529.0,movie,Sweet Home Alabama,100.0,2002.0,Comedy|Romance,Comedy,Film,US,en,,Touchstone Pictures|Original Film|D&D Films|Pigeon Creek Films,,,False,False
Sweet Magnolias,AU|US,netflix|nielsen,programming,102904.0,tv,Sweet Magnolias,100.0,2020.0,Drama,Drama,Scripted series,US,en,Netflix,Daniel L. Paulson Productions,,,False,False
TARONGA: WHO’S WHO IN THE ZOO,AU,voz,programming,103791.0,tv,Taronga: Who's Who in the Zoo,100.0,2020.0,Documentary|Kids,Documentary,Documentary,AU,en,Nine Network,,,,False,False
TASKMASTER AUSTRALIA,AU,voz,programming,219341.0,tv,Taskmaster Australia,100.0,2023.0,Comedy|Reality,Comedy,Reality / unscripted,AU,en,10,Avalon Television|Kevin & Co,,,False,False
TERROR IN BONDI: 7NEWS SPECIAL COVERAGE-AFTERNOON,AU,voz,news/sport/live,,,,,,,,,,,,,,,,
THE 1% CLUB,AU,voz,programming,225523.0,tv,The 1% Club,100.0,2023.0,Reality|Comedy,Reality,Reality / unscripted,AU,en,Seven Network,,,,False,False
THE 1% CLUB UK,AU,voz,programming,225523.0,tv,The 1% Club,80.0,2023.0,Reality|Comedy,Reality,Reality / unscripted,AU,en,Seven Network,,,,False,False
THE 1% CLUB UK: ROLLOVER,AU,voz,programming,225523.0,tv,The 1% Club,80.0,2023.0,Reality|Comedy,Reality,Reality / unscripted,AU,en,Seven Network,,,,False,False
THE 66TH TV WEEK LOGIE AWARDS,AU,voz,no TMDB result,,,,0.0,,,,,,,,,,,,
THE 66TH TV WEEK LOGIE AWARDS 2026,AU,voz,no TMDB result,,,,0.0,,,,,,,,,,,,
THE AIRPORT CHAPLAIN,AU,voz,programming,326879.0,tv,The Airport Chaplain,100.0,2026.0,Drama,Drama,Scripted series,AU,en,SBS,Wooden Horse,,,False,False
THE AMAZING RACE AUSTRALIA: CELEBRITY,AU,voz,programming,45665.0,tv,The Amazing Race Australia,100.0,2011,Reality,Reality,Reality / unscripted,AU,en,10|Seven Network,Eureka Productions,,,False,False
THE AMAZING RACE AUSTRALIA: CELEBRITY GRAND FINALE,AU,voz,news/sport/live,,,,,,,,,,,,,,,,
THE BLOCK,AU,voz,programming,12271.0,tv,The Block,100.0,2003.0,Reality,Reality,Reality / unscripted,AU,en,Nine Network,Watercress Productions|Cavalier Productions|Nine Network Australia,,,False,False
THE CAGE,AU,voz,excluded by review,230003.0,tv,The Cage,100.0,2024.0,Action & Adventure|Drama,Action & Adventure,Scripted series,FR,fr,Netflix,Autodidakte,,,False,False
THE CASTLE,AU,voz,excluded by review,308570.0,tv,The Castle,100.0,2026.0,Crime|Drama,Crime,Scripted series,ES,es,Movistar Plus,Caballo Films|Mafalda Entertainment,,,False,False
THE CHASE AUSTRALIA,AU,voz,programming,239540.0,tv,The Chase Australia,100.0,,Reality,Reality,Reality / unscripted,AU,en,Seven Network,Seven Network|ITV Studios Australia,,,False,False
THE CHEAP SEATS,AU,voz,programming,129601.0,tv,The Cheap Seats,100.0,2021.0,Comedy|News,Comedy,Scripted series,AU,en,10,Working Dog,,,False,False
THE F WARD,AU,voz,programming,325549.0,tv,The F Ward,100.0,2026.0,Drama,Drama,Scripted series,AU,en,Stan,Roadshow Rough Diamond,,,False,False
THE FLOOR,AU,voz,excluded by review,231730.0,tv,The Floor,100.0,2024.0,Reality,Reality,Reality / unscripted,US,en,FOX,,,,False,False
THE FORSYTES,AU,voz,programming,286255.0,tv,The Forsytes,100.0,2025.0,Drama,Drama,Scripted series,GB,en,5,Masterpiece|Mammoth Screen,,,False,False
THE FRONT BAR,AU,voz,programming,88585.0,tv,The Front Bar,100.0,,Comedy|Talk,Comedy,Talk / variety,,en,Seven Network,,,,False,False
THE GIRL FROM PLAINVILLE,AU,voz,programming,107114.0,tv,The Girl from Plainville,100.0,2022.0,Drama|Crime,Drama,Scripted limited series,US,en,Hulu,UCP|Littleton Road Productions|Echo Lake Entertainment|Lewellen Pictures|Happy Friday Productions,UCP,,True,False
THE GIRL WHO CAUGHT A KILLER,AU,voz,programming,292286.0,tv,The Girl Who Caught a Killer,100.0,2025.0,Crime|Documentary|Mystery,Crime,Documentary,GB,en,Sky Documentaries,Sky Original Productions|Plimsoll Productions,,,False,False
THE GOLDEN BACHELOR,AU,voz,programming,303516.0,tv,The Golden Bachelor Australia,100.0,2025,Reality,Reality,Reality / unscripted,AU,en,,Warner Bros. International Television Production Australia|Nine Network Australia,,,False,False
THE GRAND TOUR,AU,voz,programming,67557.0,tv,The Grand Tour,100.0,2016.0,Reality|Comedy|Talk,Reality,Reality / unscripted,GB,en,Prime Video,W. Chump and Sons|Expectation TV|Grand Tour Productions|Flat Four Films,,,False,False
THE GREAT ART FRAUD,AU,voz,programming,299303.0,tv,The Great Art Fraud,100.0,2025.0,Documentary,Documentary,Documentary,GB,en,BBC Two,BBC Studios,,,False,False
THE HARDACRES,AU,voz,programming,231751.0,tv,The Hardacres,100.0,2024.0,Drama,Drama,Scripted series,GB,en,5,Playground Entertainment|Newgrange Pictures|Fís Éireann/Screen Ireland,,,False,False
THE HUNDRED WITH ANDY LEE,AU,voz,programming,130887.0,tv,The Hundred with Andy Lee,100.0,2021.0,,Unknown,Talk / variety,AU,en,Nine Network,,,,False,False
THE HUNTING WIVES,AU,voz,programming,244447.0,tv,The Hunting Wives,100.0,2025.0,Drama|Mystery,Drama,Scripted series,US,en,Netflix,3 Arts Entertainment|Lionsgate Television|Pleasingly Pulp,,,False,False
THE JETTY,AU,voz,programming,233324.0,tv,The Jetty,100.0,2024.0,Drama|Crime,Drama,Scripted series,GB,en,BBC One,Firebird Pictures|BBC,,,False,False
THE MICHAEL JACKSON STORY,AU,voz,programming,23756.0,movie,The Michael Jackson Story,100.0,2009.0,Documentary,Documentary,Film,US,en,,Kam & Ronson,,,False,False
THE OSCARS,AU,voz,programming,27023.0,tv,The Oscars,100.0,1953.0,,Unknown,Scripted series,US,en,ABC|NBC|Hulu,Academy of Motion Picture Arts and Sciences (AMPAS),,NBC,False,True
THE PIANO,AU,voz,programming,290409.0,tv,The Piano,100.0,2025.0,Documentary,Documentary,Documentary,AU,en,ABC TV,Eureka Productions,,,False,False
THE RECKONING: INSIDE THE EPSTEIN FILES,AU,voz,programming,197193.0,tv,The Reckoning,80.0,2023.0,Crime|Drama,Crime,Scripted limited series,GB,en,BBC One,ITV Studios,,,False,False
THE RISE AND FALL OF KINGS CROSS,AU,voz,programming,303424.0,tv,The Rise and Fall of Kings Cross,100.0,2025.0,,Unknown,Scripted series,AU,en,,,,,False,False
THE ROOKIE,AU,voz,programming,79744.0,tv,The Rookie,100.0,2018.0,Crime|Drama|Comedy,Crime,Scripted series,US,en,ABC,ABC Studios|Entertainment One|Lionsgate Television|ABC Signature|Perfectman Pictures|20th Television,,,False,False
THE ROYAL VARIETY PERFORMANCE 2025,AU,voz,no TMDB result,,,,0.0,,,,,,,,,,,,
THE TONY BLAIR STORY,AU,voz,programming,313523.0,tv,The Tony Blair Story,100.0,2026.0,Documentary,Documentary,Documentary,GB,en,Channel 4,72 Films,,,False,False
THE TRAITORS AUSTRALIA,AU,voz,programming,212457.0,tv,The Traitors,76.0,2022.0,Reality,Reality,Reality / unscripted,AU,en,10,EndemolShine Australia,,,False,False
THE TRAITORS AUSTRALIA GRAND FINALE,AU,voz,news/sport/live,,,,,,,,,,,,,,,,
THE VOICE,AU,voz,programming,39845.0,tv,The Voice,100.0,2012.0,Reality,Reality,Reality / unscripted,AU,en,Seven Network,ITV Studios Australia|Fox Studios Australia,,,False,False
THE WEEKLY WITH CHARLIE PICKERING,AU,voz,programming,66893.0,tv,The Weekly with Charlie Pickering,100.0,2015.0,Comedy|Talk,Comedy,Talk / variety,AU,en,ABC TV,Thinkative Television,,,False,False
THE YEARLY WITH CHARLIE PICKERING 2025,AU,voz,no TMDB result,,,,0.0,,,,,,,,,,,,
THURSDAY NIGHT NRL LIVE,AU,voz,news/sport/live,,,,,,,,,,,,,,,,
TIPPING POINT,AU,voz,programming,56926.0,tv,Tipping Point,100.0,2012.0,Reality,Reality,Reality / unscripted,GB,en,ITV1,,,,False,False
TIPPING POINT AUSTRALIA,AU,voz,programming,242192.0,tv,Tipping Point Australia,100.0,2023.0,Family,Family,Scripted series,AU,en,Nine Network,,,,False,False
TIPPING POINT: 70 YEARS OF TV,AU,voz,programming,56926.0,tv,Tipping Point,80.0,2012.0,Reality,Reality,Reality / unscripted,GB,en,ITV1,,,,False,False
TIPPING POINT: CELEBRITY SPECIAL,AU,voz,programming,56926.0,tv,Tipping Point,80.0,2012.0,Reality,Reality,Reality / unscripted,GB,en,ITV1,,,,False,False
TIPPING POINT: TRAVEL GUIDES,AU,voz,programming,56926.0,tv,Tipping Point,80.0,2012.0,Reality,Reality,Reality / unscripted,GB,en,ITV1,,,,False,False
TODAY,AU,voz,news/sport/live,,,,,,,,,,,,,,,,
TODD SAMPSON’S WHY?,AU,voz,programming,315469.0,tv,Todd Sampson's Why?,100.0,2026.0,Documentary,Documentary,Documentary,AU,en,ABC TV,Baltimore Films,,,False,False
TRAVEL GUIDES,AU,voz,programming,99625.0,tv,Travel Guides,100.0,2017.0,Reality,Reality,Reality / unscripted,AU,en,Nine Network,,,,False,False
TREASURE & DIRT,AU,voz,programming,325785.0,tv,Treasure & Dirt,100.0,2026.0,Action & Adventure|Mystery|Crime|Drama,Action & Adventure,Scripted limited series,AU,en,ABC TV|ABC iview,Easy Tiger,,,False,False
TRESPASSES,AU,voz,programming,260650.0,tv,Trespasses,100.0,2025.0,Drama|War & Politics,Drama,Scripted limited series,GB,en,Channel 4,Wildgaze Films,,,False,False
Take Shelter,AU,netflix,programming,64720.0,movie,Take Shelter,100.0,2011.0,Thriller|Drama|Horror,Thriller,Film,US,en,,Hydraulx|REI Capital|Grove Hill Productions|Strange Matter Films,,,False,False
Take That,AU,netflix,programming,262275.0,tv,Take That,100.0,2026.0,Documentary,Documentary,Documentary,GB,en,Netflix,Fulwell Entertainment,,,False,False
Taken in Plain Sight,US,netflix,programming,1360231.0,movie,Taken in Plain Sight,100.0,2024.0,Thriller|TV Movie,Thriller,Film,US,en,,CME Autum Productions|Champlain Media|Lifetime|Reel One Entertainment,,,False,False
Talamasca: The Secret Order,US,netflix,programming,256624.0,tv,Talamasca: The Secret Order,100.0,2025.0,Sci-Fi & Fantasy,Sci-Fi & Fantasy,Scripted series,US,en,AMC,AMC Studios|Gran Via Productions|Steady State Productions|Takes All Kinds Films,,,False,False
Tarot,AU,netflix,programming,719221.0,movie,Tarot,100.0,2024.0,Horror,Horror,Film,US,en,,Screen Gems|Alloy Entertainment|Ground Control Entertainment|Capstone Pictures|TSG Entertainment,,,False,False
Taskaree: The Smuggler's Web,AU,netflix,programming,308482.0,tv,Taskaree: The Smuggler's Web,100.0,2026.0,Crime|Mystery|Drama,Crime,Scripted series,IN,hi,Netflix,Friday Storytellers,,,False,False
Taylor Tomlinson: Prodigal Daughter,US,netflix,excluded by review,242965.0,tv,After Midnight,41.0,2024.0,Comedy|Talk,Comedy,Talk / variety,US,en,CBS,CBS Studios|Spartina Productions|Funny or Die|Dixon Talent|Serious Business,,,False,False
Teach You a Lesson,AU|US,netflix|nielsen,programming,276161.0,tv,Teach You a Lesson,100.0,2026.0,Action & Adventure|Drama|Comedy,Action & Adventure,Scripted limited series,KR,ko,Netflix,GTist|YLAB,,,False,False
Ted Lasso,US,nielsen,programming,97546.0,tv,Ted Lasso,100.0,2020.0,Drama|Comedy,Drama,Scripted series,US,en,Apple TV,Doozer|Warner Bros. Television|Universal Television|Ruby's Tuna,Universal Television,,True,False
Temptation Island,US,netflix,programming,85904.0,tv,Temptation Island,100.0,2019.0,Reality,Reality,Reality / unscripted,US,en,USA Network,Banijay Studios North America,,USA Network,False,True
Tere Ishk Mein,AU,netflix,programming,1142921.0,movie,Tere Ishk Mein,100.0,2025.0,Romance|Drama,Romance,Film,IN,hi,,Colour Yellow Productions|T-Series,,,False,False
Terry McMillan Presents: Forever,US,netflix,excluded by review,1619322.0,movie,Terry McMillan Presents: Tempted 2 Love,75.0,2026.0,Drama|Romance|TV Movie,Drama,Film,US,en,,,,,False,False
"Terry McMillan Presents: His, Hers & Ours",US,netflix,programming,1569627.0,movie,"Terry McMillan Presents: His, Hers & Ours",100.0,2025.0,Romance|Drama|TV Movie,Romance,Film,US,en,,The Ninth House,,,False,False
Texas Rangers,AU,netflix,programming,13503.0,movie,Texas Rangers,100.0,2001.0,Western|Action|Adventure|Drama|Thriller,Western,Film,US,en,,Dimension Films,,,False,False
The A-Team,US,netflix,programming,34544.0,movie,The A-Team,100.0,2010.0,Action|Comedy|Crime,Action,Film,US,en,,Phoenix Film Partners|Dune Entertainment|Stephen J. Cannell Productions|Top Cow Productions|Scott Free Productions|Big Screen Productions|20th Century Fox|Ingenious Media,,,False,False
The Abandons,AU|US,netflix,programming,223300.0,tv,The Abandons,100.0,2025.0,Drama|Western,Drama,Scripted series,US,en,Netflix,SutterInk,,,False,False
The Addams Family,US,netflix,programming,2907.0,movie,The Addams Family,100.0,1991.0,Comedy|Fantasy,Comedy,Film,US,en,,Paramount Pictures|Orion Pictures|Scott Rudin Productions,,,False,False
The Addams Family 2,US,netflix,programming,639721.0,movie,The Addams Family 2,100.0,2021.0,Animation|Family|Comedy|Fantasy,Animation,Animated film,US,en,,Metro-Goldwyn-Mayer|Bron Studios|BermanBraun|Cinesite Animation|Nitrogen Studios Canada|Creative Wealth Media Finance,,,False,False
The Angry Birds Movie 2,AU|US,netflix,programming,454640.0,movie,The Angry Birds Movie 2,100.0,2019.0,Animation|Adventure|Comedy|Family|Action,Animation,Animated film,US,en,,Rovio Animation|Sony Pictures Animation|John Cohen Productions,,,False,False
The Art of Sarah,AU,netflix,programming,273977.0,tv,The Art of Sarah,100.0,2026.0,Crime|Mystery|Drama,Crime,Scripted limited series,KR,ko,Netflix,SLL,,,False,False
The Asset,AU|US,netflix,programming,262920.0,tv,The Asset,100.0,2025.0,Drama|Crime,Drama,Scripted series,DK,da,Netflix,Profile Pictures,,,False,False
The Bad Guardian,US,netflix,programming,1281626.0,movie,The Bad Guardian,100.0,2024.0,Drama|TV Movie|Thriller,Drama,Film,US,en,,Lifetime|Allegheny Image Factory,,,False,False
The Bad Guys,US,netflix,programming,629542.0,movie,The Bad Guys,100.0,2022.0,Action|Adventure|Animation|Comedy|Crime|Family,Action,Animated film,US,en,,DreamWorks Animation,DreamWorks Animation,,True,False
The Bad Guys 2,AU|US,netflix,programming,1175942.0,movie,The Bad Guys 2,100.0,2025.0,Family|Comedy|Crime|Adventure|Animation|Action,Family,Animated film,US,en,,DreamWorks Animation,DreamWorks Animation,,True,False
The Bad Guys: The Series,AU,netflix,programming,302540.0,tv,The Bad Guys: The Series,100.0,2025.0,Animation|Crime|Comedy|Family,Animation,Animated series,US,en,Netflix,DreamWorks Animation Television,DreamWorks Animation Television,,True,False
The Beast in Me,AU|US,netflix|nielsen,programming,250504.0,tv,The Beast in Me,100.0,2025.0,Drama|Mystery,Drama,Scripted series,US,en,Netflix,Conaco|20th Television|Teakwood Lane Productions|Overall Production,,,False,False
The Best Medicine,US,nielsen,no TMDB result,,,,0.0,,,,,,,,,,,,
The Big Bang Theory,US,nielsen,programming,1418.0,tv,The Big Bang Theory,100.0,2007.0,Comedy,Comedy,Scripted series,US,en,CBS,Chuck Lorre Productions|Warner Bros. Television,,,False,False
The Big C,AU,netflix,programming,32406.0,tv,The Big C,100.0,2010.0,Comedy|Drama,Comedy,Scripted series,US,en,Showtime,Perkins Street Productions|Farm Kid|Original Film|Sony Pictures Television,,,False,False
The Big Fake,AU,netflix,programming,1443762.0,movie,The Big Fake,100.0,2025.0,Thriller|Crime|Drama,Thriller,Film,IT,it,,Cattleya,,,False,False
The Black Phone,US,netflix,programming,756999.0,movie,The Black Phone,100.0,2022.0,Horror|Thriller,Horror,Film,US,en,,Blumhouse Productions|Crooked Highway,,,False,False
The Body in the Locker,US,netflix,programming,1584779.0,movie,The Body in the Locker,100.0,2025.0,Thriller|TV Movie|Crime,Thriller,Film,US,en,,Lifetime,,,False,False
The Bombing of Pan Am 103,AU|US,netflix,programming,248226.0,tv,The Bombing of Pan Am 103,100.0,2025.0,Drama|Crime,Drama,Scripted limited series,GB,en,BBC One,World Productions|Night Train Media|Toluca Pictures|MGM Television|Netflix|Wildcard Films,,,False,False
The Boroughs,AU|US,netflix|nielsen,programming,224941.0,tv,The Boroughs,100.0,2026.0,Sci-Fi & Fantasy|Mystery,Sci-Fi & Fantasy,Scripted series,US,en,Netflix,Upside Down Pictures|Off Franklin Productions,,,False,False
The Boss,US,netflix,programming,323676.0,movie,The Boss,100.0,2016.0,Comedy,Comedy,Film,US,en,,Universal Pictures|On the Day|Gary Sanchez Productions,Universal Pictures,,True,False
The Boss Baby,AU|US,netflix,programming,295693.0,movie,The Boss Baby,100.0,2017.0,Animation|Comedy|Family,Animation,Animated film,US,en,,DreamWorks Animation,DreamWorks Animation,,True,False
The Boys,US,nielsen,programming,76479.0,tv,The Boys,100.0,2019.0,Sci-Fi & Fantasy|Action & Adventure,Sci-Fi & Fantasy,Scripted series,US,en,Prime Video,Amazon Studios|Original Film|Sony Pictures Television|Kripke Enterprises|Point Grey Pictures|Kickstart Entertainment|Nightsky Productions|Amazon MGM Studios,,,False,False
The Breadwinner,US,netflix,programming,1440050.0,movie,The Breadwinner,100.0,2026.0,Comedy|Family,Comedy,Film,US,en,,Wonder Project|TriStar Pictures|Nateland Entertainment|One Man Canoe|TSG Entertainment,,,False,False
The Captive,US,netflix,programming,244761.0,movie,The Captive,100.0,2014.0,Drama|Thriller|Crime,Drama,Film,CA,en,,The Film Farm|Ego Film Arts,,,False,False
The Carman Family Deaths,AU|US,netflix,programming,1363282.0,movie,The Carman Family Deaths,100.0,2025.0,Documentary|Crime,Documentary,Film,US,en,,WIRED Studios|Loki Films,,,False,False
The Christmas Chronicles,US,netflix,programming,527435.0,movie,The Christmas Chronicles,100.0,2018.0,Comedy|Adventure|Family|Fantasy,Comedy,Film,US,en,,1492 Pictures|Madhouse Entertainment|Ocean Blue Entertainment,,,False,False
The Closer,US,netflix|nielsen,programming,1450.0,tv,The Closer,100.0,2005.0,Crime|Drama|Mystery,Crime,Scripted series,US,en,TNT,The Shephard/Robin Company|Walking Entropy|Warner Bros. Television,,,False,False
The Contract,AU,netflix,programming,1441.0,movie,The Contract,100.0,2006.0,Drama|Action|Thriller|Crime,Drama,Film,US,en,,Emmett/Furla Films|VIP Medienfonds 4|Revelations Entertainment|Millennium Media|Nu Image Entertainment,,,False,False
The Convert,AU,netflix,programming,1066262.0,movie,The Convert,100.0,2024.0,Drama|Action,Drama,Film,AU|NZ,en,,Jump Film and Television|MBK Productions|New Zealand Film Commission|Mister Smith Entertainment|Brouhaha Entertainment|Kismet Film Company,,,False,False
The Cost,AU,netflix,programming,1570751.0,movie,The Cost,100.0,2016.0,Fantasy,Fantasy,Film,US,en,,Poke the Bear Productions,,,False,False
The Covenant,AU|US,netflix,programming,9954.0,movie,The Covenant,100.0,2006.0,Fantasy|Horror|Adventure,Fantasy,Film,US,en,,Screen Gems|Lakeshore Entertainment|Sandstorm Films,,,False,False
The Crash,AU|US,netflix|nielsen,programming,1662317.0,movie,The Crash,100.0,2026.0,Documentary|Crime,Documentary,Film,GB,en,,RAW,,,False,False
The Creator,AU|US,netflix,programming,670292.0,movie,The Creator,100.0,2023.0,Science Fiction|Action|Adventure,Science Fiction,Film,US,en,,New Regency Pictures|Entertainment One|Regency Enterprises|Bad Dreams,,,False,False
The Creature Cases,AU,netflix,programming,195407.0,tv,The Creature Cases,100.0,2022.0,Kids|Animation,Kids,Animated series,FR|CN|GB|US,en,Netflix,TeamTO|Tencent Video|Silvergate Media|Sony Pictures Television – Kids,,,False,False
The Croods: A New Age,AU,netflix,programming,529203.0,movie,The Croods: A New Age,100.0,2020.0,Animation|Family|Adventure|Fantasy|Comedy,Animation,Animated film,US,en,,DreamWorks Animation,DreamWorks Animation,,True,False
The Dating App Killer: The Monica White Story,US,netflix,programming,1625901.0,movie,The Dating App Killer: The Monica White Story,100.0,2026.0,Thriller|TV Movie,Thriller,Film,US,en,,Lifetime|Rohm Feifer Entertainment|Studio TF1 America,,,False,False
The Debt Collector,AU|US,netflix,programming,1630409.0,movie,The Debt Collector,100.0,2026.0,Action|Thriller|Crime,Action,Film,TH,th,,Jungka Bangkok,,,False,False
The Dinosaurs,AU|US,netflix,programming,313298.0,tv,The Dinosaurs,100.0,2026.0,Documentary,Documentary,Documentary,GB|US,en,Netflix,Silverback Films|Amblin Documentaries,,,False,False
The Diplomat,AU|US,netflix,programming,203857.0,tv,The Diplomat,100.0,2023.0,Drama|War & Politics,Drama,Scripted series,US,en,Netflix,Let's Not Turn This Into a Whole Big Production|Well Red|Netflix,,,False,False
The East Palace,AU,netflix,programming,279323.0,tv,The East Palace,100.0,2026.0,Mystery|Action & Adventure|Sci-Fi & Fantasy|Drama,Mystery,Scripted limited series,KR,ko,Netflix,Show Runners|IMAGINUS,,,False,False
The Equalizer 3,AU,netflix,programming,926393.0,movie,The Equalizer 3,100.0,2023.0,Action|Thriller|Crime,Action,Film,US,en,,Columbia Pictures|Eagle Pictures|Escape Artists|ZHIV Productions,,,False,False
The Expendables 4,US,netflix,programming,299054.0,movie,Expend4bles,72.0,2023.0,Action|Adventure|Thriller,Action,Film,US,en,,Millennium Media|Campbell Grobman Films|Lionsgate|Nu Boyana Film Studios|Templeton Media|Davis Films|Media Capital Technologies,,,False,False
The Eye,AU,netflix,programming,9030.0,movie,The Eye,100.0,2008.0,Drama|Horror|Thriller,Drama,Film,US,en,,Paramount Vantage|VN Productions|Cruise/Wagner Productions|Vertigo Entertainment|Lionsgate,,,False,False
The Family Stone,AU,netflix,programming,9043.0,movie,The Family Stone,100.0,2005.0,Comedy|Drama|Romance,Comedy,Film,US,en,,Fox 2000 Pictures|The Family Stone|Major Studio Partners|Michael London Productions|Pan Productions|20th Century Fox,,,False,False
The Fantastic Four: First Steps,US,nielsen,programming,617126.0,movie,The Fantastic 4: First Steps,92.0,2025.0,Science Fiction|Adventure|Action,Science Fiction,Film,US,en,,Marvel Studios|Kevin Feige Productions,,,False,False
The Fifth Element,US,netflix,programming,18.0,movie,The Fifth Element,100.0,1997.0,Science Fiction|Action|Adventure,Science Fiction,Film,FR,fr,,Gaumont,,,False,False
The Four Seasons,AU|US,netflix|nielsen,programming,243316.0,tv,The Four Seasons,100.0,2025.0,Comedy,Comedy,Scripted series,US,en,Netflix,Universal Television|Little Stranger,Universal Television,,True,False
The Friend,AU,netflix,programming,1186563.0,movie,The Friend,100.0,2025.0,Comedy|Drama,Comedy,Film,US,en,,Big Creek Projects|3dot Productions,,,False,False
The Garfield Movie,AU,netflix,programming,748783.0,movie,The Garfield Movie,100.0,2024.0,Adventure|Animation|Comedy|Family,Adventure,Animated film,US|GB,en,,Alcon Entertainment|DNEG|Wayfarer Studios|One Cool Group|Stage 6 Films|Andrews McMeel Entertainment|John Cohen Productions,,,False,False
The Gentlemen,AU|US,netflix|nielsen,programming,236235.0,tv,The Gentlemen,100.0,2024.0,Comedy|Drama|Crime,Comedy,Scripted series,GB,en,Netflix,Moonage Pictures|Miramax,,,False,False
The Girl Who Got Away,US,netflix,programming,855228.0,movie,The Girl Who Got Away,100.0,2021.0,Horror|Thriller|Mystery,Horror,Film,US,en,,Boy Wonder Films|Lords Of Magic,,,False,False
The Great British Baking Show,US,netflix,programming,87012.0,tv,The Great British Bake Off,84.0,2017.0,Reality,Reality,Reality / unscripted,GB,en,Channel 4,Love Productions,,,False,False
The Great Flood,AU|US,netflix,programming,982843.0,movie,The Great Flood,100.0,2025.0,Science Fiction|Adventure|Drama,Science Fiction,Film,KR,ko,,Hwansang Studio Seoul,,,False,False
The Great Wall,US,netflix,programming,311324.0,movie,The Great Wall,100.0,2016.0,Action|Adventure|Fantasy,Action,Film,US,en,,Universal Pictures|Atlas Entertainment|Le Vision Pictures|Legendary Pictures|Legendary East|China Film Group Corporation,Universal Pictures,,True,False
The Hangover,US,netflix,programming,18785.0,movie,The Hangover,100.0,2009.0,Comedy,Comedy,Film,US,en,,Legendary Pictures|Green Hat Films|Warner Bros. Pictures,,,False,False
The Hangover: Part II,US,netflix,programming,45243.0,movie,The Hangover Part II,100.0,2011.0,Comedy,Comedy,Film,US,en,,Legendary Pictures|Green Hat Films|Warner Bros. Pictures,,,False,False
The Hawk,AU|US,netflix,programming,254528.0,tv,The Hawk,100.0,2026.0,Comedy,Comedy,Scripted series,US,en,Netflix,Gloria Sanchez Productions|T-Street,,,False,False
The Heat,AU,netflix,programming,136795.0,movie,The Heat,100.0,2013.0,Action|Comedy|Crime,Action,Film,US,en,,Chernin Entertainment|TSG Entertainment|Ingenious Media|Big Screen Productions|20th Century Fox,,,False,False
The Hunger Games,US,netflix,programming,70160.0,movie,The Hunger Games,100.0,2012.0,Science Fiction|Adventure|Action|Thriller,Science Fiction,Film,US,en,,Lionsgate|Color Force,,,False,False
The Hunger Games: The Ballad of Songbirds and Snakes,US,netflix,programming,695721.0,movie,The Hunger Games: The Ballad of Songbirds & Snakes,100.0,2023.0,Science Fiction|Action,Science Fiction,Film,US,en,,Lionsgate|Color Force|about:blank|Studio Babelsberg,,,False,False
The Hunting Party,US,netflix,programming,247723.0,tv,The Hunting Party,100.0,2025.0,Drama|Crime,Drama,Scripted series,US,en,NBC,"Universal Television|Jake Coburn Productions, Inc.|All J Entertainment",Universal Television,NBC,True,False
The Hunting Wives,AU,netflix,programming,244447.0,tv,The Hunting Wives,100.0,2025.0,Drama|Mystery,Drama,Scripted series,US,en,Netflix,3 Arts Entertainment|Lionsgate Television|Pleasingly Pulp,,,False,False
The Hustle,AU|US,netflix,programming,449562.0,movie,The Hustle,100.0,2019.0,Comedy|Crime,Comedy,Film,US,en,,Pin High|Metro-Goldwyn-Mayer|Cave 76 Productions|Camp Sugar|Palma Pictures,,,False,False
The Idaho Murders: College Nightmare,AU|US,netflix,programming,328735.0,tv,The Idaho Murders: College Nightmare,100.0,2026.0,Documentary|Crime,Documentary,Documentary,US,en,Netflix,RadicalMedia|Third Eye Motion Picture Company,,,False,False
The Investigation of Lucy Letby,AU|US,netflix,programming,1620991.0,movie,The Investigation of Lucy Letby,100.0,2026.0,Documentary|Crime,Documentary,Film,GB,en,,ITN Productions,,,False,False
The Island,US,netflix,programming,1635.0,movie,The Island,100.0,2005.0,Action|Thriller|Science Fiction,Action,Film,US,en,,DreamWorks Pictures|Warner Bros. Pictures|Parkes+MacDonald Production,,,False,False
The Last House,AU|US,netflix|nielsen,programming,1284041.0,movie,The Last House,100.0,2026.0,Horror|Science Fiction|Thriller,Horror,Film,US,en,,Chernin Entertainment|3 Arts Entertainment,,,False,False
The Last Ship,US,netflix,programming,60802.0,tv,The Last Ship,100.0,2014.0,Action & Adventure|Drama|Sci-Fi & Fantasy,Action & Adventure,Scripted series,US,en,TNT,Channel Road Productions|Platinum Dunes|Turner Network Television|Studio T,,,False,False
The Last Song,AU,netflix,programming,35690.0,movie,The Last Song,100.0,2010.0,Drama|Family|Romance,Drama,Film,US,en,,Touchstone Pictures|HopeTown Entertainment,,,False,False
The Lincoln Lawyer,AU|US,netflix,programming,116799.0,tv,The Lincoln Lawyer,100.0,2022.0,Drama|Crime,Drama,Scripted series,US,en,Netflix,A+E Studios|David E. Kelley Productions|Hieronymus Pictures|Algorithm Entertainment|Fineman Entertainment,,,False,False
The Little Rascals,AU,netflix,programming,10897.0,movie,The Little Rascals,100.0,1994.0,Romance|Comedy|Family,Romance,Film,US,en,,Universal Pictures|King World Entertainment|Amblin Entertainment,Universal Pictures,,True,False
The Madison,US,nielsen,programming,225891.0,tv,The Madison,100.0,2026.0,Drama,Drama,Scripted series,US,en,Paramount+,101 Studios|Bosque Ranch Productions|Paramount Television Studios,,,False,False
The Magnificent Seven,AU,netflix,programming,333484.0,movie,The Magnificent Seven,100.0,2016.0,Adventure|Action|Western,Adventure,Film,US,en,,Metro-Goldwyn-Mayer|Columbia Pictures|LStar Capital|Village Roadshow Pictures|Pin High|Escape Artists,,,False,False
The Marked Woman,AU|US,netflix,programming,1274706.0,movie,The Marked Woman,100.0,2026.0,Thriller|Crime,Thriller,Film,ES,es,,K & S Films,,,False,False
The Marksman,US,netflix|nielsen,programming,634528.0,movie,The Marksman,100.0,2021.0,Action|Drama|Thriller,Action,Film,US,en,,Sculptor Media|Zero Gravity Management|Cutting Edge Group|Stonehouse Motion Pictures|Voltage Pictures,,,False,False
The Matchmaker's Playbook,US,netflix,programming,510938.0,movie,The Matchmaker's Playbook,100.0,2018.0,Romance,Romance,Film,US,en,,PassionFlix,,,False,False
The Maze Runner,US,netflix,programming,198663.0,movie,The Maze Runner,100.0,2014.0,Action|Mystery|Science Fiction|Thriller,Action,Film,US,en,,Ingenious Media|The Gotham Group|Dayday Films|Temple Hill Entertainment|TSG Entertainment|20th Century Fox,,,False,False
The Middle,AU,netflix,programming,1422.0,tv,The Middle,100.0,2009.0,Comedy,Comedy,Scripted series,US,en,ABC,Blackie and Blondie Productions|Warner Bros. Television,,,False,False
The Ministry of Ungentlemanly Warfare,US,netflix,programming,799583.0,movie,The Ministry of Ungentlemanly Warfare,100.0,2024.0,Action|Comedy|War,Action,Film,US,en,,Jerry Bruckheimer Films|Black Bear Pictures|Toff Guy Films,,,False,False
The Monkey,AU,netflix,programming,1124620.0,movie,The Monkey,100.0,2025.0,Horror|Comedy,Horror,Film,US,en,,Atomic Monster|C2 Motion Picture Group|Range Media Partners|Oddfellows Entertainment|The Safran Company|Stars Collective|NEON,,,False,False
The Monster of Florence,AU|US,netflix,programming,247756.0,tv,The Monster of Florence,100.0,2025.0,Crime|Mystery|Drama,Crime,Scripted limited series,IT,it,Netflix,The Apartment Pictures|AlterEgo,,,False,False
The Murder of Rachel Nickell,AU|US,netflix,programming,1693002.0,movie,The Murder of Rachel Nickell,100.0,2026.0,Documentary|Crime,Documentary,Film,US,en,,,,,False,False
The Night Agent,AU|US,netflix|nielsen,programming,129552.0,tv,The Night Agent,100.0,2023.0,Action & Adventure|Drama|Mystery,Action & Adventure,Scripted series,US,en,Netflix,Sony Pictures Television|MiddKid Productions|Exhibit A|Project X Entertainment|Sunset Lane Media,,,False,False
The Orphans,US,netflix,programming,1244975.0,movie,The Orphans,100.0,2025.0,Action,Action,Film,FR,fr,,Inoxy Films|Gaumont|TF1 Films Production,,,False,False
The Perfect Lie,AU|US,netflix|nielsen,programming,325755.0,tv,The Perfect Lie,100.0,2026.0,Drama,Drama,Scripted series,NL,nl,Netflix,Fiction Valley,,,False,False
The Perfect Neighbor,AU|US,netflix,programming,1400782.0,movie,The Perfect Neighbor,100.0,2025.0,Crime|Documentary,Crime,Film,US,en,,Park Pictures Features|Message Pictures|SO'B Productions,,,False,False
The Pitt,US,nielsen,programming,250307.0,tv,The Pitt,100.0,2025.0,Drama,Drama,Scripted series,US,en,Max|HBO Max,John Wells Productions|Warner Bros. Television|R. Scott Gemmill Productions,,,False,False
The Polygamist,US,netflix,programming,322430.0,tv,The Polygamist,100.0,2026.0,Drama|Soap,Drama,Scripted series,ZA,zu,Netflix,Stained Glass TV,,,False,False
The Predator of Seville,AU|US,netflix,programming,316295.0,tv,The Predator of Seville,100.0,2026.0,Documentary|Crime,Documentary,Documentary,ES|US,en,Netflix,Newtral Media Audiovisual|Atresmedia,,,False,False
The Proposal,US,netflix,programming,18240.0,movie,The Proposal,100.0,2009.0,Comedy|Romance|Drama,Comedy,Film,US,en,,Touchstone Pictures|Mandeville Films|Kurtzman/Orci,,,False,False
The Red Road,AU,netflix,programming,57273.0,tv,The Red Road,100.0,2014.0,Crime|Drama,Crime,Scripted series,US,en,SundanceTV,Sundance Channel,,,False,False
The Requin,US,netflix,programming,803114.0,movie,The Requin,100.0,2022.0,Horror|Mystery|Thriller,Horror,Film,US,en,,Film Bridge International|Paper Street Pictures|Saban Films,,,False,False
The Reunion,AU|US,netflix,programming,204539.0,tv,The Reunion,100.0,2022.0,Mystery|Drama,Mystery,Scripted limited series,FR,fr,France 2,Make It Happen Studio,,,False,False
The Rip,AU|US,netflix,programming,1306368.0,movie,The Rip,100.0,2026.0,Action|Thriller|Crime,Action,Film,US,en,,Artists Equity,,,False,False
"The Rise of the Red Hot Chili Peppers: Our Brother, Hillel",AU,netflix,programming,1482168.0,movie,"The Rise of the Red Hot Chili Peppers: Our Brother, Hillel",100.0,2026.0,Documentary|Music,Documentary,Film,US,en,,Polygram Entertainment|Submarine Entertainment|Asta Entertainment,,,False,False
The Roast of Kevin Hart,AU|US,netflix|nielsen,no TMDB result,,,,0.0,,,,,,,,,,,,
The Rookie,AU,netflix,programming,79744.0,tv,The Rookie,100.0,2018.0,Crime|Drama|Comedy,Crime,Scripted series,US,en,ABC,ABC Studios|Entertainment One|Lionsgate Television|ABC Signature|Perfectman Pictures|20th Television,,,False,False
The Royal We,US,netflix,programming,1418286.0,movie,The Royal We,100.0,2025.0,Romance|Comedy,Romance,Film,US,en,,UFO International Productions|Hallmark Media,,,False,False
The Run,AU,netflix,programming,1545260.0,movie,The Run,100.0,2026.0,Science Fiction|Thriller|Action,Science Fiction,Film,AU,en,,,,,False,False
The Sandlot,US,netflix,programming,11528.0,movie,The Sandlot,100.0,1993.0,Family|Comedy|Drama,Family,Film,US,en,,Island World|20th Century Fox,,,False,False
The Secret Life of Pets,AU,netflix,programming,328111.0,movie,The Secret Life of Pets,100.0,2016.0,Animation|Comedy|Family|Adventure,Animation,Animated film,US,en,,Illumination|Universal Pictures,Illumination,,True,False
The Secret Life of Pets 2,AU,netflix,programming,412117.0,movie,The Secret Life of Pets 2,100.0,2019.0,Animation|Comedy|Family|Adventure,Animation,Animated film,US,en,,Universal Pictures|Illumination,Universal Pictures,,True,False
The Secret Lives of Mormon Wives,US,nielsen,programming,261102.0,tv,The Secret Lives of Mormon Wives,100.0,2024.0,Reality|Documentary,Reality,Reality / unscripted,US,en,Hulu,Jeff Jenkins Productions|Walt Disney Television Alternative|3BMG,,,False,False
The Secret Woman,AU|US,netflix,programming,1631807.0,movie,The Secret Woman,100.0,2026.0,Drama|Thriller|Mystery,Drama,Film,DK,da,,SF Studios,,,False,False
The Seemingly Perfect Family,US,netflix|nielsen,programming,1648760.0,movie,The Seemingly Perfect Family,100.0,2026.0,Thriller|TV Movie,Thriller,Film,US,en,,Storyteller Studios|Lifetime,,,False,False
The Smurfs,US,netflix,programming,41513.0,movie,The Smurfs,100.0,2011.0,Animation|Family|Adventure|Comedy|Fantasy,Animation,Animated film,US,en,,Columbia Pictures|Sony Pictures Animation|The Kerner Entertainment Company,,,False,False
The Suicide Squad,AU,netflix,programming,436969.0,movie,The Suicide Squad,100.0,2021.0,Action|Comedy|Adventure,Action,Film,US,en,,DC Films|Atlas Entertainment|The Safran Company|Warner Bros. Pictures,,,False,False
The Super Mario Galaxy Movie,US,nielsen,programming,1226863.0,movie,The Super Mario Galaxy Movie,100.0,2026.0,Family|Comedy|Adventure|Fantasy|Animation,Family,Animated film,US,en,,Illumination|Universal Pictures|Nintendo,Illumination,,True,False
The TikTok Killer,AU|US,netflix,programming,313338.0,tv,The TikTok Killer,100.0,2026.0,Documentary|Crime,Documentary,Documentary,ES,es,Netflix,iZen Documentaries,,,False,False
The Truth and Tragedy of Moriah Wilson,AU|US,netflix,programming,1629369.0,movie,The Truth and Tragedy of Moriah Wilson,100.0,2026.0,Documentary|Crime,Documentary,Film,US,en,,PMZ Pictures|Unreasonable Studios,,,False,False
The Twits,AU|US,netflix,programming,927254.0,movie,The Twits,100.0,2025.0,Animation|Comedy|Family|Fantasy,Animation,Animated film,GB|US,en,,Jellyfish Pictures|The Roald Dahl Story Company|Netflix Animation Studios,,,False,False
The Ultimatum: Marry or Move On,US,netflix,programming,169588.0,tv,The Ultimatum: Marry or Move On,100.0,2022.0,Reality,Reality,Reality / unscripted,US,en,Netflix,Kinetic Content|Pacific View Management,,,False,False
The Whisper Man,AU|US,netflix|nielsen,programming,860508.0,movie,The Whisper Man,100.0,2026.0,Crime|Drama|Thriller,Crime,Film,US,en,,AGBO,,,False,False
The Witcher,AU|US,netflix|nielsen,programming,71912.0,tv,The Witcher,100.0,2019.0,Sci-Fi & Fantasy|Drama|Action & Adventure,Sci-Fi & Fantasy,Scripted series,US,en,Netflix,Sean Daniel Company|Platige Image|Hivemind|Little Schmidt Productions|Platige Films,,,False,False
The Witness,AU|US,netflix,programming,280511.0,tv,The Witness,100.0,2026.0,Drama|Crime,Drama,Scripted limited series,GB,en,Netflix,STV Studios,,,False,False
The Woman in Cabin 10,AU|US,netflix,programming,1290879.0,movie,The Woman in Cabin 10,100.0,2025.0,Mystery|Thriller|Crime,Mystery,Film,GB,en,,SISTER,,,False,False
The Wrong Paris,AU,netflix,programming,1321439.0,movie,The Wrong Paris,100.0,2025.0,Romance|Comedy,Romance,Film,US,en,,Motion Picture Corporation of America|Brad Krevoy Productions,,,False,False
Those Who Wish Me Dead,AU|US,netflix|nielsen,programming,578701.0,movie,Those Who Wish Me Dead,100.0,2021.0,Thriller|Action,Thriller,Film,CA|US,en,,Bron Studios|New Line Cinema|Bosque Ranch Productions|Film Rites,,,False,False
Thrash,AU|US,netflix,programming,1290417.0,movie,Thrash,100.0,2026.0,Horror|Thriller,Horror,Film,US,en,,Sony Pictures|Hyperobject Industries,,,False,False
Ticket to Paradise,US,netflix,programming,800939.0,movie,Ticket to Paradise,100.0,2022.0,Drama|Comedy|Romance,Drama,Film,US,en,,Smokehouse Pictures|Red Om Films|Working Title|Universal Pictures,Universal Pictures,,True,False
Tires,AU|US,netflix,programming,247522.0,tv,Tires,100.0,2024.0,Comedy,Comedy,Scripted series,US,en,Netflix,Rough House Pictures|Dad Sick Productions|AGI Entertainment Media & Management,,,False,False
To Catch a Cheater,US,netflix,programming,1633513.0,movie,To Catch a Cheater,100.0,2026.0,Thriller|Mystery|TV Movie,Thriller,Film,US,en,,Sunshine Films|Studio TF1 America|Lifetime,,,False,False
Toaster,AU,netflix,programming,1416391.0,movie,Toaster,100.0,2026.0,Comedy|Crime|Action,Comedy,Film,IN,hi,,Kampa Films,,,False,False
Tom Clancy's Jack Ryan: Ghost War,US,nielsen,programming,1380291.0,movie,Tom Clancy's Jack Ryan: Ghost War,100.0,2026,Action|Thriller,Action,Film,US,en,,Sunday Night Productions|Paramount Pictures|Big Indie Pictures,,,False,False
Tom Segura: Teacher,AU|US,netflix,programming,271950.0,tv,Tom Segura,80.0,2014.0,Comedy,Comedy,Scripted series,US,en,,,,,False,False
Tony Hinchcliffe: Man of the People,US,netflix,no TMDB result,,,,0.0,,,,,,,,,,,,
Top Gun: Maverick,US,netflix,programming,361743.0,movie,Top Gun: Maverick,100.0,2022.0,Action|Drama,Action,Film,US,en,,Skydance Media|Don Simpson/Jerry Bruckheimer Films|Paramount Pictures,,,False,False
Train Dreams,AU,netflix,programming,1241983.0,movie,Train Dreams,100.0,2025.0,Drama,Drama,Film,US,en,,Kamala Films|Black Bear Pictures,,,False,False
Trap,AU,netflix,programming,1032823.0,movie,Trap,100.0,2024.0,Crime|Horror|Thriller|Music,Crime,Film,US,en,,Blinding Edge Pictures,,,False,False
Trap House,US,netflix,programming,628847.0,movie,Trap House,100.0,2025.0,Action|Crime|Thriller,Action,Film,GB|US,en,,Creativity Media|Signature Entertainment|828 Productions|Capstone Studios|Dogbone Entertainment|Ashland Hill Media Finance|Signature Films|Scott Free Productions|Koala FX,,,False,False
Trevor Noah: Joy in The Trenches,AU|US,netflix,excluded by review,2224.0,tv,The Daily Show,42.0,1996.0,News|Comedy,News,Talk / variety,US,en,Comedy Central,Comedy Central|MTV Entertainment Studios|Ark Angel|Busboy Productions|Mad Cow Productions|Paramount Television Studios,,,False,False
Troll 2,AU|US,netflix,programming,1180831.0,movie,Troll 2,100.0,2025.0,Action|Fantasy|Thriller,Action,Film,NO,no,,Motion Blur,,,False,False
Trolls,US,netflix,programming,136799.0,movie,Trolls,100.0,2016.0,Adventure|Animation|Comedy|Family|Fantasy,Adventure,Animated film,US,en,,DreamWorks Animation,DreamWorks Animation,,True,False
Trolls World Tour,AU,netflix,programming,446893.0,movie,Trolls World Tour,100.0,2020.0,Family|Animation|Comedy|Fantasy|Adventure|Music,Family,Animated film,US,en,,DreamWorks Animation,DreamWorks Animation,,True,False
True Crime,AU,netflix,programming,10354.0,movie,True Crime,100.0,1999.0,Crime|Thriller|Mystery|Drama,Crime,Film,US,en,,The Zanuck Company|Malpaso Productions|Warner Bros. Pictures,,,False,False
True Haunting,AU|US,netflix,programming,300999.0,tv,True Haunting,100.0,2025.0,Documentary|Mystery,Documentary,Documentary,US,en,Netflix,Atomic Monster|RAW,,,False,False
Trust Me: The False Prophet,AU|US,netflix,programming,316898.0,tv,Trust Me: The False Prophet,100.0,2026.0,Documentary|Crime,Documentary,Documentary,US,en,Netflix,Ark Media|Participant,,,False,False
Turbo,US,netflix,programming,77950.0,movie,Turbo,100.0,2013.0,Animation|Family,Animation,Animated film,US,en,,DreamWorks Animation,DreamWorks Animation,,True,False
Turning Point: Generation 9/11,AU|US,netflix,programming,1752159.0,movie,Turning Point: Generation 9/11,100.0,2026.0,Documentary,Documentary,Film,US,en,,Luminant Media,,,False,False
Twisters,AU,netflix,programming,718821.0,movie,Twisters,100.0,2024.0,Action|Thriller,Action,Film,US,en,,Universal Pictures|Warner Bros. Pictures|Amblin Entertainment|Domain Entertainment,Universal Pictures,,True,False
Tyler Perry's A Madea Christmas,US,netflix,programming,239650.0,movie,Tyler Perry's A Madea Christmas - The Play,86.0,2011.0,Comedy,Comedy,Film,US,en,,,,,False,False
UNABOMBER,AU|US,netflix,programming,1492640.0,movie,UNABOMBER,100.0,2026.0,Thriller|Drama|Crime,Thriller,Film,US,en,,MRC|2.0 Entertainment,,,False,False
UNFILTERED: CRICKET,AU,voz,news/sport/live,,,,,,,,,,,,,,,,
URZILA,AU,voz,programming,321032.0,tv,Urzila,100.0,2026.0,Comedy,Comedy,Scripted series,AU,en,ABC TV|ABC iview,Australian Broadcasting Corporation,,,False,False
Unchosen,AU|US,netflix,programming,262848.0,tv,Unchosen,100.0,2026.0,Drama,Drama,Scripted series,GB,en,Netflix,Double Dutch Productions,,,False,False
Under the Boardwalk,AU,netflix,programming,609271.0,movie,Under the Boardwalk,100.0,2023.0,Adventure|Animation|Comedy|Family|Romance,Adventure,Animated film,US,en,,Paramount Animation|Big Kid Pictures|DNEG,,,False,False
Undisputed,AU,netflix,programming,15070.0,movie,Undisputed,100.0,2002.0,Action|Drama|Crime,Action,Film,US,en,,Amen Ra Films|Motion Picture Corporation of America|Hollywood Partners|Millennium Media|David Giler Productions,,,False,False
Unfamiliar,AU|US,netflix,programming,274776.0,tv,Unfamiliar,100.0,2026.0,Action & Adventure|Drama|Crime,Action & Adventure,Scripted series,DE,de,Netflix,Gaumont,,,False,False
Unsung Hero,AU,netflix,programming,1115009.0,movie,Unsung Hero,100.0,2024.0,Drama|Music|Family,Drama,Film,US,en,,for KING & COUNTRY|WTA Media|Curb Records|Radiate Films|Kingdom Story Company|Candy Rock Entertainment|A Walsh Works Production,,,False,False
Untold Mr. T: I Pity The Fool,AU|US,netflix,programming,1739206.0,movie,Untold Mr. T: I Pity the Fool,100.0,2026.0,Documentary,Documentary,Film,US,en,,,,,False,False
Untold Raygun: Breaking Badly,AU|US,netflix,programming,1739202.0,movie,Untold Raygun: Breaking Badly,100.0,2026.0,Documentary,Documentary,Film,US|AU,en,,Stardust Frames|Propagate Content|Warner Bros. International Television Production Australia,,,False,False
Untold UK: Vinnie Jones,AU,netflix,programming,1684246.0,movie,Untold UK: Vinnie Jones,100.0,2026.0,History|Documentary,History,Film,GB,en,,Pitch Productions,,,False,False
Untold: Chess Mates,AU,netflix,programming,1641962.0,movie,Untold: Chess Mates,100.0,2026.0,Documentary,Documentary,Film,US,en,,Propagate Content|Stardust Frames,,,False,False
Untold: Jail Blazers,US,netflix,programming,1641965.0,movie,Untold: Jail Blazers,100.0,2026.0,Documentary,Documentary,Film,US,en,,Propagate Content|Stardust Frames,,,False,False
Untold: The Death & Life of Lamar Odom,AU|US,netflix,programming,1641961.0,movie,Untold: The Death & Life of Lamar Odom,100.0,2026.0,Documentary,Documentary,Film,US,en,,Propagate Content|Stardust Frames,,,False,False
Untold: The Shooting at Hawthorne Hill,AU|US,netflix,programming,1641966.0,movie,Untold: The Shooting at Hawthorne Hill,100.0,2026.0,Documentary,Documentary,Film,US,en,,Propagate Content|Stardust Frames,,,False,False
Untold: The Testimony of Vince Young,US,netflix,programming,1739186.0,movie,Untold: The Testimony of Vince Young,100.0,2026.0,Documentary,Documentary,Film,US,en,,Campfire Studios,,,False,False
VERA,AU,voz,programming,39185.0,tv,Vera,100.0,2011.0,Crime|Drama|Mystery,Crime,Scripted series,GB,en,ITV1,ITV Studios,,,False,False
Vacation,US,netflix,programming,296099.0,movie,Vacation,100.0,2015.0,Comedy|Adventure,Comedy,Film,US,en,,BenderSpink|David Dobkin Productions,,,False,False
Victoria Beckham,AU,netflix,programming,262281.0,tv,Victoria Beckham,100.0,2025.0,Documentary,Documentary,Documentary,GB,en,Netflix,Studio 99|Dorothy St Pictures,,,False,False
Virgin River,AU|US,netflix|nielsen,programming,88324.0,tv,Virgin River,100.0,2019.0,Drama,Drama,Scripted series,US,en,Netflix,Reel World Management,,,False,False
Vishwanath & Sons,AU,netflix,programming,1408162.0,movie,Vishwanath & Sons,100.0,2026.0,Drama|Romance|Comedy,Drama,Film,IN,ta,,Sithara Entertainments|Srikara Studios|Fortune Four Cinemas,,,False,False
Vladimir,AU|US,netflix,programming,285739.0,tv,Vladimir,100.0,2026.0,Drama,Drama,Scripted limited series,US,en,Netflix,20th Television|Small Dog Picture Company|Merman|Astral Projection,,,False,False
Voicemails for Isabelle,AU|US,netflix,programming,614945.0,movie,Voicemails for Isabelle,100.0,2026.0,Romance|Comedy|Drama,Romance,Film,US,en,,Escape Artists|Sony Pictures,,,False,False
WEEKEND SUNRISE,AU,voz,news/sport/live,,,,,,,,,,,,,,,,
WEEKEND TODAY,AU,voz,programming,44619.0,tv,Weekend Today,100.0,2009.0,News,News,Scripted series,AU,en,Nine Network,Nine Network Australia,,,False,False
WHATEVER IT TAKES: INSIDE THE EBAY SCANDAL,AU,voz,programming,1229905.0,movie,Whatever It Takes,100.0,2024.0,Crime|Documentary,Crime,Film,GB,en,,Big Pond Films|Concordia Studio|Fremantle,,,False,False
WHEN THE WAR IS OVER,AU,voz,programming,305791.0,tv,When The War Is Over,100.0,2025.0,Documentary,Documentary,Documentary,AU,en,ABC TV,Mint Pictures,,,False,False
WICKED: ONE WONDERFUL NIGHT,AU,voz,programming,1479945.0,movie,Wicked: One Wonderful Night,100.0,2025.0,Music,Music,Film,US,en,,Fulwell Entertainment,,,False,False
WINTER OLYMPICS 2026,AU,voz,news/sport/live,,,,,,,,,,,,,,,,
WINTER OLYMPICS 2026 D-1,AU,voz,news/sport/live,,,,,,,,,,,,,,,,
WINTER OLYMPICS 2026 D0,AU,voz,news/sport/live,,,,,,,,,,,,,,,,
WINTER OLYMPICS 2026 D1,AU,voz,news/sport/live,,,,,,,,,,,,,,,,
WINTER OLYMPICS 2026 D10,AU,voz,news/sport/live,,,,,,,,,,,,,,,,
WINTER OLYMPICS 2026 D11,AU,voz,news/sport/live,,,,,,,,,,,,,,,,
WINTER OLYMPICS 2026 D12,AU,voz,news/sport/live,,,,,,,,,,,,,,,,
WINTER OLYMPICS 2026 D13,AU,voz,news/sport/live,,,,,,,,,,,,,,,,
WINTER OLYMPICS 2026 D14,AU,voz,news/sport/live,,,,,,,,,,,,,,,,
WINTER OLYMPICS 2026 D15,AU,voz,news/sport/live,,,,,,,,,,,,,,,,
WINTER OLYMPICS 2026 D16,AU,voz,news/sport/live,,,,,,,,,,,,,,,,
WINTER OLYMPICS 2026 D2,AU,voz,news/sport/live,,,,,,,,,,,,,,,,
WINTER OLYMPICS 2026 D3,AU,voz,news/sport/live,,,,,,,,,,,,,,,,
WINTER OLYMPICS 2026 D4,AU,voz,news/sport/live,,,,,,,,,,,,,,,,
WINTER OLYMPICS 2026 D5,AU,voz,news/sport/live,,,,,,,,,,,,,,,,
WINTER OLYMPICS 2026 D6,AU,voz,news/sport/live,,,,,,,,,,,,,,,,
WINTER OLYMPICS 2026 D7,AU,voz,news/sport/live,,,,,,,,,,,,,,,,
WINTER OLYMPICS 2026 D8,AU,voz,news/sport/live,,,,,,,,,,,,,,,,
WINTER OLYMPICS 2026 D9,AU,voz,news/sport/live,,,,,,,,,,,,,,,,
WOGBALL: AUSTRALIA’S BEAUTIFUL GAME,AU,voz,programming,1720145.0,movie,Wogball: Australia's Beautiful Game,100.0,2026.0,Documentary,Documentary,Film,AU,en,,,,,False,False
WOMEN’S STATE OF ORIGIN 1ST,AU,voz,news/sport/live,,,,,,,,,,,,,,,,
WOMEN’S STATE OF ORIGIN 2ND,AU,voz,news/sport/live,,,,,,,,,,,,,,,,
WOMEN’S STATE OF ORIGIN 3RD,AU,voz,news/sport/live,,,,,,,,,,,,,,,,
WORKING CLASS MAN,AU,voz,programming,1511502.0,movie,Jimmy Barnes: Working Class Man,72.0,2025.0,Documentary|Music,Documentary,Film,AU,en,,Cordell Jigsaw Zapruder|Seven News Australia|Channel 7,,,False,False
WWE Crown Jewel,AU,netflix,news/sport/live,,,,,,,,,,,,,,,,
WWE Elimination Chamber,AU,netflix,news/sport/live,,,,,,,,,,,,,,,,
WWE SummerSlam,AU,netflix,news/sport/live,,,,,,,,,,,,,,,,
WWE WrestleMania,AU,netflix,news/sport/live,,,,,,,,,,,,,,,,
Wake Up Dead Man: A Knives Out Mystery,AU|US,netflix|nielsen,programming,812583.0,movie,Wake Up Dead Man: A Knives Out Mystery,100.0,2025.0,Thriller|Mystery|Comedy,Thriller,Film,US,en,,T-Street,,,False,False
Wanda Sykes: Legacy,US,netflix,excluded by review,18103.0,tv,The Wanda Sykes Show,71.0,2009.0,,Unknown,Scripted series,US,en,FOX,,,,False,False
Wanted Man,US,netflix,programming,666035.0,movie,Wanted Man,100.0,2024.0,Action,Action,Film,US,en,,Red Orm Productions Inc.|Thor Pictures|Wonder Street|Millennium Media,,,False,False
War Machine,AU|US,netflix|nielsen,programming,1265609.0,movie,War Machine,100.0,2026.0,Action|Science Fiction|Thriller,Action,Film,AU,en,,Lionsgate|Hidden Pictures|Huge Film|Range Media Partners,,,False,False
Wayward,AU|US,netflix,programming,255859.0,tv,Wayward,100.0,2025.0,Drama|Mystery,Drama,Scripted limited series,CA,en,Netflix,Sphère Média|Objective Fiction,,,False,False
We Bury the Dead,AU,netflix,programming,1198984.0,movie,We Bury the Dead,100.0,2026.0,Horror|Thriller,Horror,Film,US,en,,Campfire Studios|Gramercy Park Media|Lotterywest|ScreenWest|Screen Australia|The Penguin Empire,,,False,False
Wednesday,AU,netflix,programming,119051.0,tv,Wednesday,100.0,2022.0,Sci-Fi & Fantasy|Mystery|Comedy,Sci-Fi & Fantasy,Scripted series,US,en,Netflix,MGM Television|Millar Gough Ink|Toluca Pictures|Tim Burton Productions,,,False,False
Welcome Home Roscoe Jenkins,US,netflix,programming,13490.0,movie,Welcome Home Roscoe Jenkins,100.0,2008.0,Comedy|Drama|Family,Comedy,Film,US,en,,Spyglass Entertainment|Universal Pictures,Universal Pictures,,True,False
What Happens in Vegas,AU,netflix,programming,9029.0,movie,What Happens in Vegas,100.0,2008.0,Comedy|Romance,Comedy,Film,US,en,,Penn Station Entertainment|Regency Enterprises|21 Laps Entertainment|Dune Entertainment III|Mosaic Media Group|20th Century Fox|Monarchy Enterprises B.V.,,,False,False
White Chicks,US,netflix,programming,12153.0,movie,White Chicks,100.0,2004.0,Comedy|Crime,Comedy,Film,US,en,,Revolution Studios|Wayans Bros. Entertainment|Gone North Productions,,,False,False
Why Did I Get Married Again?,AU|US,netflix|nielsen,programming,1522689.0,movie,Why Did I Get Married Again?,100.0,2026.0,Comedy|Romance|Drama,Comedy,Film,US,en,,Tyler Perry Studios,,,False,False
Wicked,AU,netflix,programming,402431.0,movie,Wicked,100.0,2024.0,Drama|Romance|Fantasy,Drama,Film,US,en,,Universal Pictures|Marc Platt Productions,Universal Pictures,,True,False
Wicked: For Good,AU|US,netflix,programming,967941.0,movie,Wicked: For Good,100.0,2025.0,Fantasy|Adventure|Romance,Fantasy,Film,US,en,,Universal Pictures|Marc Platt Productions,Universal Pictures,,True,False
With or Without You,AU,netflix,programming,1377352.0,movie,With or Without You,100.0,2025.0,Drama,Drama,Film,AU,en,,Carolyn Johnson Films|SixtyFourSixty,,,False,False
Wonder Park,AU,netflix,programming,400157.0,movie,Wonder Park,100.0,2019.0,Comedy|Animation|Adventure|Family|Fantasy,Comedy,Animated film,US,en,,Nickelodeon Movies|Paramount Animation|Ilion Animation Studios|Paramount Pictures,,,False,False
Wonka's The Golden Ticket,AU|US,netflix,programming,286940.0,tv,Wonka's The Golden Ticket,100.0,2026.0,Reality,Reality,Reality / unscripted,US,en,Netflix,Eureka Productions,,,False,False
World Breaker,AU,netflix,excluded by review,319479.0,movie,World's Most Awesome Record Breakers,54.0,2000.0,,Unknown,Film,US,en,,,,,False,False
Worst Ex Ever,AU|US,netflix,programming,259259.0,tv,Worst Ex Ever,100.0,2024.0,Crime|Documentary,Crime,Documentary,US,en,Netflix,Blumhouse Television|ITV America,,,False,False
Worst Neighbor Ever,AU|US,netflix,programming,325188.0,tv,Worst Neighbor Ever,100.0,2026.0,Crime|Documentary,Crime,Documentary,US,en,Netflix,Blumhouse Television|ITV America,,,False,False
Wrath of Man,US,netflix,programming,637649.0,movie,Wrath of Man,100.0,2021.0,Thriller|Crime|Drama,Thriller,Film,US,en,,Miramax|Toff Guy Films,,,False,False
"XO, Kitty",AU|US,netflix,programming,195670.0,tv,"XO, Kitty",100.0,2023.0,Comedy|Drama,Comedy,Scripted series,US,en,Netflix,AwesomenessTV|ACE Entertainment|Jenny Kissed Me|Purple Pen|Paramount Television Studios,,,False,False
"You, Always",AU,netflix,programming,1400923.0,movie,"You, Always",100.0,2026.0,Comedy|Romance,Comedy,Film,AU,en,,Jaggi Entertainment|Screen Queensland,,,False,False
"You, Me and the Penguins​",AU,netflix,excluded by review,857851.0,movie,Love and Penguins,75.0,2022.0,TV Movie|Comedy|Romance,TV Movie,Film,AU|CA|US,en,,Incendo Productions|Jaggi Entertainment,,,False,False
Young Sheldon,US,nielsen,programming,71728.0,tv,Young Sheldon,100.0,2017.0,Comedy|Family|Drama,Comedy,Scripted series,US,en,CBS,Warner Bros. Television|Chuck Lorre Productions,,,False,False
Younger,AU,netflix,programming,62117.0,tv,Younger,100.0,2015.0,Drama|Comedy,Drama,Scripted series,US,en,TV Land|Paramount+,Jax Media|Darren Star Productions,,,False,False
Zombieland: Double Tap,US,netflix,programming,338967.0,movie,Zombieland: Double Tap,100.0,2019.0,Comedy,Comedy,Film,US,en,,Columbia Pictures|2.0 Entertainment|Pariah,,,False,False
Ángela,US,netflix,programming,16372.0,tv,Ángela,100.0,1998.0,Soap|Drama,Soap,Scripted series,MX,es,Las Estrellas,Televisa,,,False,False
